epoch,ms,label,quality,raw_rms,filt_rms,hum_pct,D_abs,T_abs,A_abs,B_abs,G_abs,D_rel,T_rel,A_rel,B_rel,G_rel,A_B_ratio,T_A_ratio
3975,3974743,Neutral,good,1337.0,3.5,0.0,434.799,8768.484,5160.680,6326.518,757.053,0.0203,0.4088,0.2406,0.2950,0.0353,0.816,1.699
3976,3975743,Neutral,good,1337.9,3.3,0.0,4618.932,4586.896,1900.710,2356.186,544.249,0.3298,0.3275,0.1357,0.1682,0.0389,0.807,2.413
3977,3976743,Neutral,good,1336.6,3.1,0.0,15995.668,1792.521,144.729,865.609,783.026,0.8169,0.0915,0.0074,0.0442,0.0400,0.167,12.385
3978,3977743,Neutral,good,1331.0,5.1,0.0,25192.020,2388.975,1481.745,2872.608,3965.477,0.7017,0.0665,0.0413,0.0800,0.1105,0.516,1.612
3979,3978743,Neutral,good,1329.6,4.1,0.0,2871.496,1258.474,6264.183,4889.344,1914.572,0.1670,0.0732,0.3642,0.2843,0.1113,1.281,0.201
3980,3979743,Neutral,good,1329.9,3.4,0.0,8681.662,3228.555,1345.888,2565.585,868.050,0.5202,0.1934,0.0806,0.1537,0.0520,0.525,2.399
3981,3980743,Neutral,good,1331.0,4.7,0.0,7552.746,2547.160,366.404,6575.151,2440.287,0.3877,0.1307,0.0188,0.3375,0.1253,0.056,6.952
3982,3981743,Neutral,good,1331.7,4.7,0.0,13246.769,6158.192,2574.795,5955.910,2962.137,0.4287,0.1993,0.0833,0.1928,0.0959,0.432,2.392
3983,3982743,Neutral,good,1331.2,3.6,0.0,1850.546,7086.597,6675.221,8523.628,871.710,0.0740,0.2834,0.2669,0.3408,0.0349,0.783,1.062
3984,3983743,Neutral,good,1331.2,2.7,0.0,3615.717,1350.594,492.297,2366.456,2972.505,0.3349,0.1251,0.0456,0.2192,0.2753,0.208,2.743
3985,3984743,Neutral,good,1330.2,2.8,0.0,2157.950,2590.342,1814.776,3075.530,680.336,0.2091,0.2510,0.1759,0.2980,0.0659,0.590,1.427
3986,3985743,Neutral,good,1331.0,3.5,0.0,14730.312,8443.384,6467.376,4241.918,3268.321,0.3965,0.2273,0.1741,0.1142,0.0880,1.525,1.306
3987,3986743,Neutral,good,1330.9,3.3,0.0,339.921,281.769,439.361,4320.007,868.804,0.0544,0.0451,0.0703,0.6912,0.1390,0.102,0.641
3988,3987743,Neutral,good,1330.6,3.6,0.0,10760.358,6568.914,3050.987,5115.865,972.595,0.4065,0.2482,0.1153,0.1933,0.0367,0.596,2.153
3989,3988742,Neutral,good,1331.6,4.0,0.0,6792.103,4419.835,3605.844,9561.899,5284.799,0.2290,0.1490,0.1216,0.3223,0.1782,0.377,1.226
3990,3989742,Neutral,good,1331.3,3.1,0.0,1082.744,1338.803,1366.233,3171.255,2287.969,0.1171,0.1448,0.1477,0.3429,0.2474,0.431,0.980
3991,3990742,Neutral,good,1330.8,4.0,0.0,960.586,4302.426,5422.225,6662.324,1972.599,0.0497,0.2227,0.2807,0.3448,0.1021,0.814,0.793
3992,3991742,Neutral,good,1331.0,3.8,0.0,15189.854,4862.539,5434.700,8783.915,1417.115,0.4256,0.1363,0.1523,0.2461,0.0397,0.619,0.895
3993,3992742,Neutral,good,1331.9,3.0,0.0,725.005,2173.049,2153.479,1988.741,1285.096,0.0871,0.2610,0.2587,0.2389,0.1544,1.083,1.009
3994,3993742,Neutral,good,1331.3,2.6,0.0,1313.554,6566.826,6295.739,1137.799,4075.718,0.0677,0.3387,0.3247,0.0587,0.2102,5.533,1.043
3995,3994742,Neutral,good,1331.1,4.8,0.0,7335.398,7930.208,11678.031,14675.775,2516.452,0.1662,0.1797,0.2646,0.3325,0.0570,0.796,0.679
3996,3995742,Neutral,good,1330.5,3.9,0.0,1520.909,2553.658,8229.798,9138.085,1991.145,0.0649,0.1090,0.3512,0.3900,0.0850,0.901,0.310
3997,3996742,Neutral,good,1332.0,3.1,0.0,2207.113,2229.644,1957.114,3556.986,783.540,0.2056,0.2077,0.1823,0.3314,0.0730,0.550,1.139
3998,3997742,Neutral,good,1331.7,3.6,0.0,10954.839,3262.481,2726.855,2199.215,2234.000,0.5124,0.1526,0.1276,0.1029,0.1045,1.240,1.196
3999,3998742,Neutral,good,1331.8,3.9,0.0,1302.795,3347.486,2203.982,5932.265,1833.578,0.0891,0.2290,0.1508,0.4058,0.1254,0.372,1.519
4000,3999742,Neutral,good,1331.2,3.0,0.0,2375.199,1723.150,1998.180,3802.125,1857.500,0.2020,0.1466,0.1700,0.3234,0.1580,0.526,0.862
4001,4000742,Neutral,good,1332.4,2.9,0.0,689.061,2115.132,6414.629,10736.993,1130.049,0.0327,0.1003,0.3042,0.5092,0.0536,0.597,0.330
4002,4001742,Neutral,good,1332.2,3.5,0.0,6826.311,3288.437,2728.858,3946.836,2964.569,0.3455,0.1665,0.1381,0.1998,0.1501,0.691,1.205
4003,4002741,Neutral,good,1331.2,4.1,0.0,1780.313,4894.250,2483.895,5452.780,4620.601,0.0926,0.2545,0.1292,0.2835,0.2403,0.456,1.970
4004,4003742,Neutral,good,1331.4,3.9,0.0,2427.533,4598.580,1914.064,3571.033,1663.085,0.1713,0.3244,0.1350,0.2519,0.1173,0.536,2.403
4005,4004741,Neutral,good,1332.3,3.6,0.0,9833.862,9386.777,3429.077,10506.942,1857.617,0.2809,0.2681,0.0979,0.3001,0.0531,0.326,2.737
4006,4005741,Neutral,good,1332.4,3.9,0.0,3656.607,3942.946,3756.661,5718.021,3950.163,0.1739,0.1875,0.1787,0.2720,0.1879,0.657,1.050
4007,4006741,Neutral,good,1331.3,3.5,0.0,3908.120,813.958,1040.472,7891.279,4332.972,0.2173,0.0453,0.0578,0.4387,0.2409,0.132,0.782
4008,4007741,Neutral,good,1331.4,3.0,0.0,2404.508,674.432,1757.190,3957.680,2356.310,0.2156,0.0605,0.1576,0.3549,0.2113,0.444,0.384
4009,4008741,Neutral,good,1332.0,3.4,0.0,805.591,4866.282,3342.236,6949.582,1476.973,0.0462,0.2790,0.1916,0.3985,0.0847,0.481,1.456
4010,4009741,Neutral,good,1331.7,3.7,0.0,1760.050,9009.849,5050.867,6646.693,1921.161,0.0722,0.3694,0.2071,0.2725,0.0788,0.760,1.784
4011,4010741,Neutral,good,1331.2,3.5,0.0,444.931,1132.256,328.062,2502.533,1866.304,0.0709,0.1805,0.0523,0.3989,0.2975,0.131,3.451
4012,4011741,Neutral,good,1331.3,3.8,0.0,1267.588,408.495,1348.484,6443.404,1555.220,0.1150,0.0371,0.1223,0.5845,0.1411,0.209,0.303
4013,4012741,Neutral,good,1331.6,3.2,0.0,1093.744,914.268,1589.617,3462.961,2571.139,0.1136,0.0949,0.1650,0.3595,0.2669,0.459,0.575
4014,4013741,Neutral,good,1331.4,3.7,0.0,6967.413,4378.041,5218.949,3260.203,1705.420,0.3236,0.2033,0.2424,0.1514,0.0792,1.601,0.839
4015,4014741,Neutral,good,1330.8,3.1,0.0,2336.481,6932.157,4385.556,2007.549,6144.942,0.1071,0.3179,0.2011,0.0921,0.2818,2.185,1.581
4016,4015741,Neutral,good,1331.0,3.6,0.0,5256.754,3235.300,2786.021,5191.458,1139.304,0.2985,0.1837,0.1582,0.2948,0.0647,0.537,1.161
4017,4016741,Neutral,good,1330.9,3.1,0.0,9791.921,9004.404,478.075,3559.802,1013.262,0.4106,0.3776,0.0200,0.1493,0.0425,0.134,18.835
4018,4017741,Neutral,good,1331.3,3.6,0.0,573.317,2056.130,2437.905,3236.455,7542.445,0.0362,0.1298,0.1538,0.2042,0.4760,0.753,0.843
4019,4018740,Neutral,good,1331.6,3.6,0.0,1690.591,2298.927,7529.315,6293.957,977.731,0.0900,0.1223,0.4007,0.3350,0.0520,1.196,0.305
4020,4019740,Neutral,good,1331.5,3.5,0.0,1345.758,1985.129,2796.149,3533.001,1133.828,0.1247,0.1839,0.2590,0.3273,0.1050,0.791,0.710
4021,4020740,Neutral,good,1331.1,3.6,0.0,8872.639,2753.883,3746.748,11954.516,1105.675,0.3120,0.0969,0.1318,0.4204,0.0389,0.313,0.735
4022,4021740,Neutral,good,1331.0,3.6,0.0,4382.367,1314.935,2667.985,5788.646,1520.658,0.2796,0.0839,0.1702,0.3693,0.0970,0.461,0.493
4023,4022740,Neutral,good,1332.0,3.4,0.0,7179.941,525.921,2147.748,9995.617,5083.328,0.2880,0.0211,0.0861,0.4009,0.2039,0.215,0.245
4024,4023740,Neutral,good,1330.6,3.2,0.0,3472.396,2703.944,1750.797,5046.112,1295.518,0.2434,0.1895,0.1227,0.3536,0.0908,0.347,1.544
4025,4024740,Neutral,good,1331.0,2.7,0.0,3132.528,4124.834,2198.745,1701.949,881.052,0.2602,0.3426,0.1826,0.1414,0.0732,1.292,1.876
4026,4025740,Neutral,good,1330.9,3.0,0.0,4016.229,2831.758,1225.458,2300.766,724.496,0.3619,0.2551,0.1104,0.2073,0.0653,0.533,2.311
4027,4026740,Neutral,good,1331.7,3.2,0.0,24565.541,9318.470,7932.400,10260.743,1825.952,0.4557,0.1729,0.1472,0.1904,0.0339,0.773,1.175
4028,4027740,Neutral,good,1330.3,4.0,0.0,6351.675,15418.205,6834.565,7623.558,3212.459,0.1610,0.3909,0.1733,0.1933,0.0815,0.897,2.256
4029,4028740,Neutral,good,1328.5,3.5,0.0,3474.778,215.641,1339.892,4358.036,2207.501,0.2997,0.0186,0.1155,0.3758,0.1904,0.307,0.161
4030,4029740,Neutral,good,1328.7,3.3,0.0,3973.350,2891.360,4718.292,1971.087,1783.823,0.2591,0.1885,0.3076,0.1285,0.1163,2.394,0.613
4031,4030740,Neutral,good,1328.2,3.9,0.0,8752.916,2420.673,1054.213,9287.319,1181.773,0.3856,0.1067,0.0464,0.4092,0.0521,0.114,2.296
4032,4031740,Neutral,good,1329.2,3.1,0.0,3712.723,2577.439,1044.955,3723.877,3267.155,0.2592,0.1799,0.0729,0.2599,0.2281,0.281,2.467
4033,4032740,Neutral,good,1329.1,3.3,0.0,3628.817,2085.257,3305.062,3291.573,11803.058,0.1505,0.0865,0.1371,0.1365,0.4895,1.004,0.631
4034,4033740,Neutral,good,1330.7,3.3,0.0,14492.530,9124.428,3274.490,2434.838,1006.517,0.4778,0.3008,0.1080,0.0803,0.0332,1.345,2.787
4035,4034740,Neutral,good,1330.5,2.8,0.0,2046.174,2408.774,1106.954,1701.204,1227.155,0.2410,0.2837,0.1304,0.2004,0.1445,0.651,2.176
4036,4035739,Neutral,good,1331.7,3.9,0.0,2071.667,1327.253,4765.766,22374.469,1689.021,0.0643,0.0412,0.1479,0.6943,0.0524,0.213,0.278
4037,4036739,Neutral,good,1331.3,3.6,0.0,5253.831,3862.124,3486.293,4700.286,1061.554,0.2861,0.2103,0.1898,0.2559,0.0578,0.742,1.108
4038,4037739,Neutral,good,1330.6,3.5,0.0,3743.155,2951.656,1332.942,998.617,1389.728,0.3594,0.2834,0.1280,0.0959,0.1334,1.335,2.214
4039,4038739,Neutral,good,1330.0,3.5,0.0,5479.974,4525.993,396.687,3266.936,1101.149,0.3710,0.3064,0.0269,0.2212,0.0745,0.121,11.409
4040,4039739,Neutral,good,1331.5,3.4,0.0,3012.482,618.280,509.618,3323.732,2049.844,0.3166,0.0650,0.0536,0.3494,0.2155,0.153,1.213
4041,4040739,Neutral,good,1331.6,3.9,0.0,6083.183,10015.769,3030.628,16378.992,1012.592,0.1666,0.2742,0.0830,0.4485,0.0277,0.185,3.305
4042,4041739,Neutral,good,1331.4,3.3,0.0,1525.615,1293.672,960.785,739.288,1016.681,0.2756,0.2337,0.1736,0.1335,0.1836,1.300,1.346
4043,4042739,Neutral,good,1330.1,3.4,0.0,14060.806,9036.741,5551.516,5768.346,2066.304,0.3854,0.2477,0.1522,0.1581,0.0566,0.962,1.628
4044,4043739,Neutral,good,1329.9,3.1,0.0,2150.822,2225.542,906.158,1331.542,3430.614,0.2141,0.2216,0.0902,0.1326,0.3415,0.681,2.456
4045,4044739,Neutral,good,1329.9,3.1,0.0,1937.082,3862.297,2247.557,6879.575,1110.962,0.1208,0.2408,0.1401,0.4290,0.0693,0.327,1.718
4046,4045739,Neutral,good,1330.0,3.3,0.0,1488.141,1265.272,1359.074,7582.101,3523.157,0.0978,0.0831,0.0893,0.4982,0.2315,0.179,0.931
4047,4046739,Neutral,good,1330.0,3.6,0.0,1677.976,1887.756,5100.072,4073.197,2506.684,0.1101,0.1238,0.3345,0.2672,0.1644,1.252,0.370
4048,4047739,Neutral,good,1329.8,3.2,0.0,1901.794,3776.606,2414.273,4662.470,5123.000,0.1064,0.2112,0.1350,0.2608,0.2866,0.518,1.564
4049,4048739,Neutral,good,1329.6,3.4,0.0,2284.180,5189.188,2084.135,3803.042,1463.493,0.1541,0.3501,0.1406,0.2565,0.0987,0.548,2.490
4050,4049739,Neutral,good,1327.8,3.0,0.0,5941.590,1359.783,544.986,1323.803,1398.840,0.5622,0.1287,0.0516,0.1253,0.1324,0.412,2.495
4051,4050739,Neutral,good,1327.5,3.0,0.0,1695.922,1619.701,6094.174,8603.443,4378.333,0.0757,0.0723,0.2722,0.3842,0.1955,0.708,0.266
4052,4051738,Neutral,good,1327.4,3.7,0.0,17015.234,17511.928,1840.979,4024.439,470.786,0.4164,0.4285,0.0451,0.0985,0.0115,0.457,9.512
4053,4052738,Neutral,good,1328.3,3.0,0.0,2046.565,8996.556,10456.220,2967.853,1130.230,0.0800,0.3515,0.4085,0.1159,0.0442,3.523,0.860
4054,4053738,Neutral,good,1329.5,3.5,0.0,8748.192,9477.092,1907.428,2284.253,1862.745,0.3603,0.3903,0.0786,0.0941,0.0767,0.835,4.969
4055,4054738,Neutral,good,1329.6,2.6,0.0,590.686,1041.418,1379.092,3409.261,305.017,0.0878,0.1548,0.2051,0.5069,0.0454,0.405,0.755
4056,4055738,Neutral,good,1329.7,3.7,0.0,6469.302,2150.784,894.496,4797.413,2916.733,0.3755,0.1248,0.0519,0.2785,0.1693,0.186,2.404
4057,4056738,Neutral,good,1329.7,3.3,0.0,3667.677,857.633,1604.034,7736.231,1743.950,0.2350,0.0549,0.1028,0.4956,0.1117,0.207,0.535
4058,4057738,Neutral,good,1330.6,4.3,0.0,418.918,7906.000,6450.166,5512.460,1077.076,0.0196,0.3701,0.3019,0.2580,0.0504,1.170,1.226
4059,4058738,Neutral,good,1329.6,3.6,0.0,2062.139,2084.985,564.538,3305.847,2430.036,0.1974,0.1996,0.0540,0.3164,0.2326,0.171,3.693
4060,4059738,Neutral,good,1330.6,3.1,0.0,7464.739,1741.203,634.267,1356.979,142.250,0.6583,0.1536,0.0559,0.1197,0.0125,0.467,2.745
4061,4060738,Neutral,good,1329.9,2.8,0.0,6478.718,4890.337,5423.659,5828.143,1924.610,0.2639,0.1992,0.2210,0.2374,0.0784,0.931,0.902
4062,4061738,Neutral,good,1329.7,3.2,0.0,1772.221,5049.188,2374.253,1593.660,1269.300,0.1470,0.4187,0.1969,0.1322,0.1053,1.490,2.127
4063,4062738,Neutral,good,1329.7,3.4,0.0,4567.802,1662.694,1741.780,3996.723,4105.188,0.2842,0.1034,0.1084,0.2486,0.2554,0.436,0.955
4064,4063738,Neutral,good,1330.1,2.7,0.0,2135.966,4000.308,3599.087,842.753,2377.097,0.1649,0.3088,0.2778,0.0651,0.1835,4.271,1.111
4065,4064738,Neutral,good,1329.9,3.3,0.0,4773.168,3078.306,2221.261,7834.771,1697.181,0.2435,0.1570,0.1133,0.3996,0.0866,0.284,1.386
4066,4065738,Neutral,good,1330.0,2.7,0.0,617.496,3664.315,3356.440,3401.066,1683.222,0.0485,0.2880,0.2638,0.2673,0.1323,0.987,1.092
4067,4066737,Neutral,good,1329.4,2.9,0.0,1349.564,3709.338,2192.392,2584.658,2370.865,0.1106,0.3039,0.1796,0.2117,0.1942,0.848,1.692
4068,4067737,Neutral,good,1330.1,2.8,0.0,1162.040,989.327,893.332,4960.848,3737.505,0.0990,0.0842,0.0761,0.4224,0.3183,0.180,1.107
4069,4068737,Neutral,good,1328.9,4.2,0.0,41622.227,7067.008,2887.292,4346.743,1478.147,0.7251,0.1231,0.0503,0.0757,0.0258,0.664,2.448
4070,4069737,Neutral,good,1330.8,3.8,0.0,7849.659,4609.601,7114.163,6111.111,2018.981,0.2833,0.1664,0.2568,0.2206,0.0729,1.164,0.648
4071,4070737,Neutral,good,1330.6,3.8,0.0,31723.520,1156.758,1222.521,4612.282,3362.710,0.7539,0.0275,0.0291,0.1096,0.0799,0.265,0.946
4072,4071737,Neutral,good,1330.0,3.4,0.0,16967.393,1603.298,407.108,2105.753,1639.186,0.7467,0.0706,0.0179,0.0927,0.0721,0.193,3.938
4073,4072737,Neutral,good,1330.6,2.7,0.0,2082.780,3754.767,1339.876,3133.427,3062.501,0.1557,0.2808,0.1002,0.2343,0.2290,0.428,2.802
4074,4073737,Neutral,good,1329.7,3.5,0.0,2619.088,4912.315,2865.366,2855.125,2289.891,0.1685,0.3161,0.1844,0.1837,0.1473,1.004,1.714
4075,4074737,Neutral,good,1329.7,3.6,0.0,3835.662,3323.891,2124.141,4392.070,1037.398,0.2607,0.2259,0.1444,0.2985,0.0705,0.484,1.565
4076,4075737,Neutral,good,1330.1,3.3,0.0,573.525,3911.917,5266.942,8740.924,1429.748,0.0288,0.1964,0.2644,0.4387,0.0718,0.603,0.743
4077,4076737,Neutral,good,1329.5,3.3,0.0,3305.918,3052.933,1906.749,3985.306,2182.283,0.2290,0.2115,0.1321,0.2761,0.1512,0.478,1.601
4078,4077737,Neutral,good,1329.7,3.1,0.0,9851.567,2248.958,1352.528,1592.693,2498.109,0.5615,0.1282,0.0771,0.0908,0.1424,0.849,1.663
4079,4078737,Neutral,good,1329.4,4.1,0.0,12119.748,1875.236,4987.026,10988.708,2113.741,0.3777,0.0584,0.1554,0.3425,0.0659,0.454,0.376
4080,4079737,Neutral,good,1328.5,3.0,0.0,5515.092,797.514,2591.697,4198.732,1074.976,0.3890,0.0563,0.1828,0.2961,0.0758,0.617,0.308
4081,4080737,Neutral,good,1329.2,3.0,0.0,3662.255,2136.700,2677.621,2673.653,696.158,0.3091,0.1804,0.2260,0.2257,0.0588,1.001,0.798
4082,4081736,Neutral,good,1329.7,3.3,0.0,1127.502,6082.317,5545.408,1941.398,1264.151,0.0706,0.3811,0.3474,0.1216,0.0792,2.856,1.097
4083,4082737,Neutral,good,1330.3,3.4,0.0,3481.202,6952.628,5263.562,2010.494,1913.624,0.1774,0.3543,0.2683,0.1025,0.0975,2.618,1.321
4084,4083736,Neutral,good,1331.4,3.6,0.0,6945.637,894.587,1365.207,10128.438,1761.851,0.3292,0.0424,0.0647,0.4801,0.0835,0.135,0.655
4085,4084736,Neutral,good,1330.4,2.6,0.0,2214.351,717.113,2031.569,7931.246,9708.046,0.0980,0.0317,0.0899,0.3509,0.4295,0.256,0.353
4086,4085736,Neutral,good,1329.5,3.2,0.0,7693.521,3609.959,2992.058,2121.496,972.839,0.4424,0.2076,0.1721,0.1220,0.0559,1.410,1.207
4087,4086736,Neutral,good,1329.9,3.7,0.0,1106.237,9492.001,13435.702,5573.334,4297.730,0.0326,0.2800,0.3963,0.1644,0.1268,2.411,0.706
4088,4087736,Neutral,good,1329.6,3.2,0.0,590.857,3231.715,2178.168,10405.453,5093.701,0.0275,0.1503,0.1013,0.4840,0.2369,0.209,1.484
4089,4088736,Neutral,good,1330.0,3.3,0.0,7793.359,1658.651,1199.565,1169.004,1518.284,0.5843,0.1243,0.0899,0.0876,0.1138,1.026,1.383
4090,4089736,Neutral,good,1329.1,3.1,0.0,4959.091,6123.149,6685.315,6124.353,1726.588,0.1936,0.2390,0.2610,0.2391,0.0674,1.092,0.916
4091,4090736,Neutral,good,1329.8,3.1,0.0,2902.190,1680.705,596.359,2945.355,2204.754,0.2810,0.1627,0.0577,0.2851,0.2134,0.202,2.818
4092,4091736,Neutral,good,1330.1,3.1,0.0,11495.784,6484.936,694.889,4889.871,1177.730,0.4646,0.2621,0.0281,0.1976,0.0476,0.142,9.332
4093,4092736,Neutral,good,1329.9,3.4,0.0,5462.893,10941.290,9037.237,3317.799,4696.523,0.1633,0.3270,0.2701,0.0992,0.1404,2.724,1.211
4094,4093736,Neutral,good,1330.6,4.1,0.0,8016.375,1373.443,1081.914,2853.332,1695.132,0.5337,0.0914,0.0720,0.1900,0.1129,0.379,1.269
4095,4094736,Neutral,good,1329.5,3.9,0.0,14644.952,2821.712,181.774,3789.314,965.889,0.6537,0.1259,0.0081,0.1691,0.0431,0.048,15.523
4096,4095736,Neutral,good,1330.1,4.0,0.0,1211.957,1854.052,586.865,4353.542,7217.460,0.0796,0.1218,0.0385,0.2860,0.4741,0.135,3.159
4097,4096736,Neutral,good,1331.0,3.3,0.0,1730.968,1921.278,1385.250,5118.644,467.964,0.1629,0.1808,0.1304,0.4818,0.0440,0.271,1.387
4098,4097736,Neutral,good,1330.1,3.5,0.0,644.082,3515.802,1894.696,1082.339,1330.355,0.0761,0.4152,0.2238,0.1278,0.1571,1.751,1.856
4099,4098735,Neutral,good,1330.4,3.4,0.0,3351.399,5670.346,5136.400,3811.952,1672.068,0.1706,0.2887,0.2615,0.1941,0.0851,1.347,1.104
4100,4099735,Neutral,good,1330.4,3.3,0.0,2429.270,3131.410,1261.176,1789.176,1672.036,0.2362,0.3045,0.1226,0.1740,0.1626,0.705,2.483
4101,4100735,Neutral,good,1330.6,2.9,0.0,2512.274,1826.969,1009.888,1625.446,571.194,0.3329,0.2421,0.1338,0.2154,0.0757,0.621,1.809
4102,4101735,Neutral,good,1330.1,3.8,0.0,806.639,4152.675,3343.385,13459.299,1792.343,0.0342,0.1763,0.1419,0.5714,0.0761,0.248,1.242
4103,4102735,Neutral,good,1329.0,3.1,0.0,4357.090,2910.942,1787.147,3387.927,2301.458,0.2955,0.1974,0.1212,0.2298,0.1561,0.528,1.629
4104,4103735,Neutral,good,1329.9,3.1,0.0,3615.940,6250.445,4166.341,2214.908,1489.775,0.2039,0.3524,0.2349,0.1249,0.0840,1.881,1.500
4105,4104735,Neutral,good,1328.4,3.3,0.0,1270.108,1215.732,999.422,2870.400,1367.955,0.1644,0.1574,0.1294,0.3716,0.1771,0.348,1.216
4106,4105735,Neutral,good,1330.7,4.2,0.0,17309.350,7002.799,7231.952,5137.779,4073.759,0.4247,0.1718,0.1774,0.1261,0.1000,1.408,0.968
4107,4106735,Neutral,good,1326.6,3.7,0.0,48225.168,2040.413,617.502,5399.196,1285.392,0.8377,0.0354,0.0107,0.0938,0.0223,0.114,3.304
4108,4107735,Neutral,good,1326.6,3.3,0.0,9622.227,4291.806,4251.951,3059.361,2914.265,0.3986,0.1778,0.1761,0.1267,0.1207,1.390,1.009
4109,4108735,Neutral,good,1329.3,3.9,0.0,16015.946,1750.481,796.364,4018.821,1483.539,0.6655,0.0727,0.0331,0.1670,0.0616,0.198,2.198
4110,4109735,Neutral,good,1330.0,3.9,0.0,7895.218,1828.673,3440.747,1896.844,1658.576,0.4722,0.1094,0.2058,0.1134,0.0992,1.814,0.531
4111,4110735,Neutral,good,1298.5,25.3,0.0,2612089.250,6839.576,14028.380,8327.997,2388.740,0.9881,0.0026,0.0053,0.0032,0.0009,1.684,0.488
4112,4111735,Neutral,good,1308.2,17.2,0.0,579401.625,7450.317,4711.796,10452.394,2155.190,0.9590,0.0123,0.0078,0.0173,0.0036,0.451,1.581
4113,4112734,Neutral,good,1331.4,21.3,0.0,670025.812,8322.651,2610.095,10305.227,11871.562,0.9529,0.0118,0.0037,0.0147,0.0169,0.253,3.189
4114,4113734,Neutral,good,1332.1,9.0,0.0,60701.000,5776.432,547.150,3147.457,1946.398,0.8417,0.0801,0.0076,0.0436,0.0270,0.174,10.557
4115,4114734,Neutral,good,1333.1,3.8,0.0,8027.719,3267.119,1915.782,7590.934,938.928,0.3693,0.1503,0.0881,0.3492,0.0432,0.252,1.705
4116,4115734,Neutral,good,1332.4,5.4,0.0,62729.641,822.756,1292.048,1306.145,1391.207,0.9288,0.0122,0.0191,0.0193,0.0206,0.989,0.637
4117,4116734,Neutral,good,1331.1,6.2,0.0,77875.297,4046.716,1411.252,5728.572,677.966,0.8678,0.0451,0.0157,0.0638,0.0076,0.246,2.867
4118,4117734,Neutral,good,1331.3,4.3,0.0,23984.406,893.122,619.432,6214.773,409.199,0.7467,0.0278,0.0193,0.1935,0.0127,0.100,1.442
4119,4118734,Neutral,good,1331.0,3.5,0.0,8282.051,6569.340,3827.366,6536.110,3736.193,0.2861,0.2269,0.1322,0.2258,0.1291,0.586,1.716
4120,4119734,Neutral,good,1330.8,2.8,0.0,11156.588,10270.196,1938.909,6874.261,1672.684,0.3496,0.3218,0.0608,0.2154,0.0524,0.282,5.297
4121,4120734,Neutral,good,1326.4,4.2,0.0,9539.591,10136.819,5900.236,4328.904,822.600,0.3105,0.3299,0.1920,0.1409,0.0268,1.363,1.718
4122,4121734,Neutral,good,1326.2,3.5,0.0,6298.608,5372.843,5699.603,1885.625,1210.131,0.3077,0.2625,0.2785,0.0921,0.0591,3.023,0.943
4123,4122734,Neutral,good,1326.8,3.4,0.0,12435.703,2019.902,759.867,1352.552,1091.030,0.7042,0.1144,0.0430,0.0766,0.0618,0.562,2.658
4124,4123734,Neutral,good,1327.7,3.7,0.0,4919.683,1009.196,2317.530,4935.757,2695.199,0.3099,0.0636,0.1460,0.3109,0.1698,0.470,0.435
4125,4124734,Neutral,good,1327.1,3.6,0.0,1004.411,2031.562,3991.338,1503.011,966.985,0.1058,0.2139,0.4203,0.1583,0.1018,2.656,0.509
4126,4125734,Neutral,good,1327.4,2.7,0.0,983.548,1381.632,980.954,3560.552,2130.263,0.1088,0.1529,0.1085,0.3940,0.2357,0.276,1.408
4127,4126734,Neutral,good,1327.8,3.1,0.0,833.771,1652.353,2240.292,3814.761,1695.521,0.0814,0.1614,0.2188,0.3727,0.1656,0.587,0.738
4128,4127733,Neutral,good,1328.3,2.5,0.0,971.941,4930.384,965.727,3984.670,2019.302,0.0755,0.3830,0.0750,0.3096,0.1569,0.242,5.105
4129,4128733,Neutral,good,1328.2,3.4,0.0,7299.968,5092.334,6425.704,6139.463,1727.273,0.2736,0.1908,0.2408,0.2301,0.0647,1.047,0.792
4130,4129733,Neutral,good,1328.8,2.7,0.0,956.758,471.541,2190.005,1716.923,485.565,0.1644,0.0810,0.3762,0.2950,0.0834,1.276,0.215
4131,4130733,Neutral,good,1328.5,3.5,0.0,10939.457,10143.923,8411.659,5719.655,1366.033,0.2990,0.2773,0.2299,0.1564,0.0373,1.471,1.206
4132,4131733,Neutral,good,1328.6,3.1,0.0,2428.954,4037.757,1460.110,2064.098,716.480,0.2268,0.3771,0.1364,0.1928,0.0669,0.707,2.765
4133,4132733,Neutral,good,1329.1,3.1,0.0,3026.278,1707.623,3213.430,10870.582,1227.171,0.1510,0.0852,0.1603,0.5423,0.0612,0.296,0.531
4134,4133733,Neutral,good,1329.7,3.4,0.0,6098.705,678.519,1087.210,4316.378,2461.816,0.4165,0.0463,0.0742,0.2948,0.1681,0.252,0.624
4135,4134733,Neutral,good,1328.7,3.2,0.0,4876.867,1703.961,1114.016,6218.965,2659.199,0.2943,0.1028,0.0672,0.3752,0.1605,0.179,1.530
4136,4135733,Neutral,good,1328.7,3.2,0.0,2804.400,2344.991,2322.663,3122.200,2524.222,0.2138,0.1788,0.1771,0.2380,0.1924,0.744,1.010
4137,4136733,Neutral,good,1329.2,3.1,0.0,6776.927,3500.059,1674.451,2842.169,607.025,0.4400,0.2273,0.1087,0.1845,0.0394,0.589,2.090
4138,4137733,Neutral,good,1329.1,3.7,0.0,33184.422,16075.235,5932.542,5110.753,918.360,0.5420,0.2626,0.0969,0.0835,0.0150,1.161,2.710
4139,4138733,Neutral,good,1328.9,3.2,0.0,516.059,595.076,704.123,5629.932,2315.664,0.0529,0.0610,0.0721,0.5768,0.2372,0.125,0.845
4140,4139733,Neutral,good,1329.1,3.3,0.0,5550.108,7331.428,3967.810,7754.722,1956.332,0.2090,0.2760,0.1494,0.2920,0.0737,0.512,1.848
4141,4140733,Neutral,good,1329.3,2.8,0.0,663.983,1849.785,485.122,2573.833,641.672,0.1068,0.2977,0.0781,0.4142,0.1033,0.188,3.813
4142,4141733,Neutral,good,1328.4,2.9,0.0,3102.631,4214.787,4869.187,10399.684,4889.306,0.1129,0.1534,0.1772,0.3785,0.1780,0.468,0.866
4143,4142733,Neutral,good,1328.9,3.5,0.0,2371.332,1501.257,1464.736,3726.531,1849.278,0.2173,0.1376,0.1342,0.3415,0.1695,0.393,1.025
4144,4143733,Neutral,good,1329.3,3.1,0.0,2298.820,3584.683,4152.957,2476.693,2708.564,0.1510,0.2355,0.2728,0.1627,0.1779,1.677,0.863
4145,4144733,Neutral,good,1329.3,3.3,0.0,1785.193,3341.025,2421.418,1876.538,507.527,0.1797,0.3364,0.2438,0.1889,0.0511,1.290,1.380
4146,4145732,Neutral,good,1330.1,3.2,0.0,201.314,2609.677,1732.057,1244.257,1784.766,0.0266,0.3446,0.2287,0.1643,0.2357,1.392,1.507
4147,4146732,Neutral,good,1329.6,2.2,0.0,484.570,409.958,95.819,2100.410,727.052,0.1269,0.1074,0.0251,0.5502,0.1904,0.046,4.278
4148,4147732,Neutral,good,1329.4,3.1,0.0,16277.668,5295.985,1239.379,5393.778,1741.320,0.5435,0.1768,0.0414,0.1801,0.0581,0.230,4.273
4149,4148732,Neutral,good,1329.7,2.9,0.0,856.829,6423.214,7470.316,9085.755,814.714,0.0348,0.2606,0.3030,0.3686,0.0331,0.822,0.860
4150,4149732,Neutral,good,1329.7,2.3,0.0,863.502,667.607,1276.349,6947.290,2134.474,0.0726,0.0562,0.1074,0.5843,0.1795,0.184,0.523
4151,4150732,Neutral,good,1330.5,3.5,0.0,133.694,471.731,8801.848,11605.880,2013.762,0.0058,0.0205,0.3822,0.5040,0.0875,0.758,0.054
4152,4151732,Neutral,good,1330.5,2.7,0.0,2513.233,3949.030,914.856,2593.203,1894.115,0.2118,0.3328,0.0771,0.2186,0.1596,0.353,4.317
4153,4152732,Neutral,good,1330.1,3.2,0.0,2435.528,4614.479,4393.808,12480.248,3122.269,0.0901,0.1706,0.1625,0.4614,0.1154,0.352,1.050
4154,4153732,Neutral,good,1330.2,2.9,0.0,2318.718,309.050,9651.209,18973.822,3474.155,0.0668,0.0089,0.2779,0.5464,0.1000,0.509,0.032
4155,4154732,Neutral,good,1330.3,2.7,0.0,4029.913,3694.044,232.830,1428.330,267.737,0.4175,0.3827,0.0241,0.1480,0.0277,0.163,15.866
4156,4155732,Neutral,good,1330.3,3.3,0.0,5907.396,2763.640,3201.529,3990.676,2477.563,0.3221,0.1507,0.1746,0.2176,0.1351,0.802,0.863
4157,4156732,Neutral,good,1329.8,3.1,0.0,2293.888,2649.952,1470.397,6333.670,840.885,0.1688,0.1950,0.1082,0.4661,0.0619,0.232,1.802
4158,4157732,Neutral,good,1329.4,3.5,0.0,4205.050,5116.113,2386.765,16508.967,2665.728,0.1362,0.1657,0.0773,0.5346,0.0863,0.145,2.144
4159,4158731,Neutral,good,1329.8,2.6,0.0,603.895,798.753,1196.680,757.699,563.343,0.1540,0.2037,0.3052,0.1933,0.1437,1.579,0.667
4160,4159732,Neutral,good,1330.0,2.7,0.0,3081.150,3359.147,512.297,2915.420,2965.014,0.2401,0.2618,0.0399,0.2272,0.2310,0.176,6.557
4161,4160731,Neutral,good,1330.5,3.0,0.0,12069.939,5237.829,1144.310,5814.733,1018.545,0.4773,0.2071,0.0453,0.2300,0.0403,0.197,4.577
4162,4161731,Neutral,good,1330.4,3.6,0.0,2215.386,2872.856,3122.579,1550.807,466.191,0.2166,0.2809,0.3053,0.1516,0.0456,2.014,0.920
4163,4162731,Neutral,good,1330.1,3.0,0.0,6903.501,613.192,271.344,8832.064,3468.618,0.3437,0.0305,0.0135,0.4397,0.1727,0.031,2.260
4164,4163731,Neutral,good,1329.7,3.1,0.0,9122.887,2120.365,3722.452,8464.044,1425.122,0.3670,0.0853,0.1498,0.3405,0.0573,0.440,0.570
4165,4164731,Neutral,good,1330.0,3.0,0.0,3696.597,3204.836,1842.356,6276.824,961.911,0.2313,0.2005,0.1153,0.3927,0.0602,0.294,1.740
4166,4165731,Neutral,good,1330.4,2.9,0.0,3679.602,3167.826,3912.995,3126.960,3570.000,0.2108,0.1815,0.2241,0.1791,0.2045,1.251,0.810
4167,4166731,Neutral,good,1330.0,3.4,0.0,1209.142,7455.819,3520.977,3123.249,2585.372,0.0676,0.4167,0.1968,0.1745,0.1445,1.127,2.118
4168,4167731,Neutral,good,1329.9,3.4,0.0,1861.285,3525.373,3346.630,931.922,264.847,0.1874,0.3550,0.3370,0.0938,0.0267,3.591,1.053
4169,4168731,Neutral,good,1330.0,3.5,0.0,9620.398,6706.617,5464.580,6059.380,1926.591,0.3231,0.2252,0.1835,0.2035,0.0647,0.902,1.227
4170,4169731,Neutral,good,1331.4,3.1,0.0,2997.687,1405.327,1260.260,2995.393,819.257,0.3163,0.1483,0.1330,0.3160,0.0864,0.421,1.115
4171,4170731,Neutral,good,1331.3,3.3,0.0,5114.757,9008.001,2801.641,2789.633,1004.108,0.2469,0.4348,0.1352,0.1346,0.0485,1.004,3.215
4172,4171731,Neutral,good,1331.6,3.3,0.0,2736.522,7896.287,5242.095,7862.690,2090.952,0.1059,0.3057,0.2030,0.3044,0.0810,0.667,1.506
4173,4172731,Neutral,good,1333.4,3.0,0.0,3546.016,2971.859,1759.034,1361.639,1734.885,0.3118,0.2613,0.1547,0.1197,0.1525,1.292,1.689
4174,4173731,Neutral,good,1332.4,3.3,0.0,5259.590,3071.004,1499.555,3114.512,1702.599,0.3591,0.2097,0.1024,0.2126,0.1162,0.481,2.048
4175,4174731,Neutral,good,1332.4,3.2,0.0,3875.981,4262.266,1151.270,7144.939,1383.726,0.2175,0.2392,0.0646,0.4010,0.0777,0.161,3.702
4176,4175731,Neutral,good,1333.1,3.4,0.0,3951.202,2171.954,1838.589,6272.724,1014.014,0.2591,0.1424,0.1206,0.4114,0.0665,0.293,1.181
4177,4176730,Neutral,good,1333.0,3.0,0.0,3146.921,4617.557,4768.636,11289.544,4193.669,0.1123,0.1648,0.1702,0.4030,0.1497,0.422,0.968
4178,4177730,Neutral,good,1332.9,2.6,0.0,569.365,1804.377,1742.338,1497.685,1720.897,0.0776,0.2460,0.2375,0.2042,0.2346,1.163,1.036
4179,4178730,Neutral,good,1332.9,3.5,0.0,594.802,10662.678,10546.071,4492.896,3635.516,0.0199,0.3562,0.3523,0.1501,0.1215,2.347,1.011
4180,4179730,Neutral,good,1333.6,3.2,0.0,3658.804,7236.496,7060.240,1480.549,825.107,0.1806,0.3572,0.3485,0.0731,0.0407,4.769,1.025
4181,4180730,Neutral,good,1332.7,3.2,0.0,1718.937,2213.213,18.702,5934.103,3372.987,0.1297,0.1669,0.0014,0.4476,0.2544,0.003,118.344
4182,4181730,Neutral,good,1332.1,3.3,0.0,2937.901,3186.073,1204.517,3627.562,3124.468,0.2087,0.2263,0.0855,0.2576,0.2219,0.332,2.645
4183,4182730,Neutral,good,1332.7,3.5,0.0,8156.082,2659.597,3487.394,10917.327,3284.779,0.2861,0.0933,0.1223,0.3830,0.1152,0.319,0.763
4184,4183730,Neutral,good,1333.1,3.5,0.0,2604.621,1142.667,408.283,5438.761,1668.592,0.2313,0.1015,0.0363,0.4829,0.1481,0.075,2.799
4185,4184730,Neutral,good,1333.3,2.6,0.0,1562.587,2160.418,1109.354,1909.162,1299.789,0.1943,0.2687,0.1380,0.2374,0.1616,0.581,1.947
4186,4185730,Neutral,good,1333.5,3.2,0.0,2366.108,8900.392,9314.986,2870.860,2137.068,0.0925,0.3478,0.3640,0.1122,0.0835,3.245,0.955
4187,4186730,Neutral,good,1333.0,3.2,0.0,2869.960,2937.532,2406.326,2987.562,1306.173,0.2295,0.2349,0.1924,0.2389,0.1044,0.805,1.221
4188,4187730,Neutral,good,1334.1,3.5,0.0,2806.513,7088.915,9247.025,6712.342,452.414,0.1067,0.2695,0.3515,0.2552,0.0172,1.378,0.767
4189,4188730,Neutral,good,1334.9,2.9,0.0,983.158,8780.650,7901.089,11299.786,2606.769,0.0311,0.2781,0.2503,0.3579,0.0826,0.699,1.111
4190,4189730,Neutral,good,1334.6,3.0,0.0,2522.799,3875.600,3683.097,4096.373,1472.297,0.1612,0.2476,0.2353,0.2617,0.0941,0.899,1.052
4191,4190730,Neutral,good,1335.7,3.7,0.0,5334.374,7145.875,2628.154,2625.756,3888.218,0.2467,0.3305,0.1215,0.1214,0.1798,1.001,2.719
4192,4191729,Neutral,good,1335.8,3.1,0.0,2718.232,818.692,201.631,431.003,867.880,0.5396,0.1625,0.0400,0.0856,0.1723,0.468,4.060
4193,4192729,Neutral,good,1335.2,3.2,0.0,1132.918,5787.701,6516.350,6609.510,2412.310,0.0504,0.2577,0.2901,0.2943,0.1074,0.986,0.888
4194,4193729,Neutral,good,1334.4,3.2,0.0,3579.938,1859.913,2883.782,5680.270,879.280,0.2405,0.1250,0.1938,0.3817,0.0591,0.508,0.645
4195,4194729,Neutral,good,1334.1,3.7,0.0,6117.379,2764.989,1566.148,4374.244,1196.710,0.3819,0.1726,0.0978,0.2731,0.0747,0.358,1.765
4196,4195729,Neutral,good,1333.6,3.5,0.0,573.651,1211.133,1730.702,2437.012,618.573,0.0873,0.1843,0.2634,0.3709,0.0941,0.710,0.700
4197,4196729,Neutral,good,1334.4,3.2,0.0,6879.767,678.542,916.023,1206.203,1355.330,0.6234,0.0615,0.0830,0.1093,0.1228,0.759,0.741
4198,4197729,Neutral,good,1334.6,3.3,0.0,4643.834,11584.605,7517.963,10114.593,872.983,0.1337,0.3335,0.2164,0.2912,0.0251,0.743,1.541
4199,4198729,Neutral,good,1334.2,2.9,0.0,1604.316,552.587,396.573,2050.144,1510.538,0.2624,0.0904,0.0649,0.3353,0.2471,0.193,1.393
4200,4199729,Neutral,good,1333.7,3.4,0.0,3185.512,4451.822,5948.959,6862.364,3798.889,0.1314,0.1836,0.2453,0.2830,0.1567,0.867,0.748
4201,4200729,Neutral,good,1335.2,3.5,0.0,740.447,1384.618,680.220,1391.187,1190.369,0.1375,0.2570,0.1263,0.2583,0.2210,0.489,2.036
4202,4201729,Neutral,good,1334.9,3.7,0.0,3332.620,4039.382,5403.950,8177.249,458.057,0.1556,0.1887,0.2524,0.3819,0.0214,0.661,0.747
4203,4202729,Neutral,good,1334.8,3.3,0.0,13435.110,8923.215,2251.020,2871.643,1169.647,0.4689,0.3114,0.0786,0.1002,0.0408,0.784,3.964
4204,4203729,Neutral,good,1334.3,3.2,0.0,4588.458,4950.645,2380.288,4776.637,1161.030,0.2570,0.2772,0.1333,0.2675,0.0650,0.498,2.080
4205,4204729,Neutral,good,1334.3,3.4,0.0,4445.854,1505.512,896.505,5677.573,3462.780,0.2781,0.0942,0.0561,0.3551,0.2166,0.158,1.679
4206,4205729,Neutral,good,1334.7,3.1,0.0,5970.912,5929.947,2955.993,3244.872,1733.455,0.3010,0.2990,0.1490,0.1636,0.0874,0.911,2.006
4207,4206729,Neutral,good,1334.5,3.0,0.0,2758.344,3171.322,1261.785,3693.554,2948.476,0.1994,0.2292,0.0912,0.2670,0.2131,0.342,2.513
4208,4207729,Neutral,good,1334.7,3.4,0.0,9882.930,1712.224,1697.101,3153.276,2697.418,0.5163,0.0894,0.0887,0.1647,0.1409,0.538,1.009
4209,4208728,Neutral,good,1334.9,3.2,0.0,9171.383,7995.289,1563.334,1953.843,5796.075,0.3464,0.3019,0.0590,0.0738,0.2189,0.800,5.114
4210,4209728,Neutral,good,1335.1,3.7,0.0,340.200,4503.049,3429.131,6935.437,3304.589,0.0184,0.2432,0.1852,0.3746,0.1785,0.494,1.313
4211,4210728,Neutral,good,1335.0,2.8,0.0,883.555,8195.568,8816.587,2876.808,808.171,0.0409,0.3798,0.4085,0.1333,0.0374,3.065,0.930
4212,4211728,Neutral,good,1336.1,3.3,0.0,700.198,495.185,598.774,5234.331,1930.375,0.0782,0.0553,0.0668,0.5843,0.2155,0.114,0.827
4213,4212728,Neutral,good,1335.7,3.1,0.0,16673.656,20526.463,11742.234,3199.243,1978.223,0.3081,0.3793,0.2170,0.0591,0.0366,3.670,1.748
4214,4213728,Neutral,good,1334.7,3.5,0.0,5034.028,1466.652,1841.392,12300.273,1272.212,0.2297,0.0669,0.0840,0.5613,0.0581,0.150,0.796
4215,4214728,Neutral,good,1334.2,3.2,0.0,4824.706,2785.195,2736.548,3306.147,1297.218,0.3227,0.1863,0.1830,0.2211,0.0868,0.828,1.018
4216,4215728,Neutral,good,1333.7,3.7,0.0,9302.100,11344.488,10179.681,7203.238,4855.652,0.2169,0.2645,0.2374,0.1680,0.1132,1.413,1.114
4217,4216728,Neutral,good,1334.9,3.2,0.0,2959.569,250.091,1430.439,1776.921,2085.236,0.3481,0.0294,0.1682,0.2090,0.2453,0.805,0.175
4218,4217728,Neutral,good,1334.5,3.4,0.0,2031.965,8272.871,6475.580,2082.916,1046.391,0.1021,0.4155,0.3252,0.1046,0.0526,3.109,1.278
4219,4218728,Neutral,good,1335.0,3.6,0.0,5837.483,5463.013,3611.776,5822.441,2033.325,0.2564,0.2399,0.1586,0.2557,0.0893,0.620,1.513
4220,4219728,Neutral,good,1335.4,3.3,0.0,2383.220,2426.594,2793.367,10881.353,1427.878,0.1197,0.1219,0.1403,0.5465,0.0717,0.257,0.869
4221,4220728,Neutral,good,1334.2,4.1,0.0,10526.168,2359.359,2047.836,11583.128,1066.140,0.3816,0.0855,0.0742,0.4199,0.0387,0.177,1.152
4222,4221728,Neutral,good,1335.9,3.2,0.0,6431.662,2273.227,2354.503,3764.222,937.813,0.4081,0.1442,0.1494,0.2388,0.0595,0.625,0.965
4223,4222728,Neutral,good,1335.2,3.0,0.0,420.490,126.274,572.662,786.895,561.601,0.1704,0.0512,0.2320,0.3188,0.2276,0.728,0.221
4224,4223727,Neutral,good,1335.5,2.5,0.0,2399.755,658.196,886.095,2063.578,1982.583,0.3003,0.0824,0.1109,0.2583,0.2481,0.429,0.743
4225,4224727,Neutral,good,1334.9,3.8,0.0,4231.184,21448.900,22870.260,24846.936,4677.354,0.0542,0.2747,0.2929,0.3182,0.0599,0.920,0.938
4226,4225727,Neutral,good,1335.7,3.3,0.0,5421.180,1489.674,1736.685,3020.451,1955.932,0.3979,0.1093,0.1275,0.2217,0.1436,0.575,0.858
4227,4226727,Neutral,good,1335.6,3.3,0.0,2913.319,3412.346,6831.566,7057.376,2287.888,0.1295,0.1516,0.3036,0.3136,0.1017,0.968,0.499
4228,4227727,Neutral,good,1335.4,3.5,0.0,4627.189,833.606,906.183,5916.454,2213.620,0.3192,0.0575,0.0625,0.4081,0.1527,0.153,0.920
4229,4228727,Neutral,good,1335.3,3.4,0.0,2174.112,2730.613,2058.995,3285.329,5248.013,0.1403,0.1762,0.1329,0.2120,0.3386,0.627,1.326
4230,4229727,Neutral,good,1335.6,3.0,0.0,3221.244,3617.590,713.149,1677.488,4131.705,0.2411,0.2708,0.0534,0.1255,0.3092,0.425,5.073
4231,4230727,Neutral,good,1335.3,2.7,0.0,1893.663,1795.223,695.512,5898.536,3723.233,0.1352,0.1282,0.0497,0.4211,0.2658,0.118,2.581
4232,4231727,Neutral,good,1335.6,2.5,0.0,483.427,1194.672,213.970,1376.016,1421.435,0.1031,0.2548,0.0456,0.2934,0.3031,0.155,5.583
4233,4232727,Neutral,good,1334.6,3.0,0.0,2319.803,1521.651,3392.243,2701.902,1140.641,0.2094,0.1374,0.3063,0.2439,0.1030,1.256,0.449
4234,4233727,Neutral,good,1335.6,3.1,0.0,6463.765,1854.191,1494.208,1645.707,1605.640,0.4948,0.1419,0.1144,0.1260,0.1229,0.908,1.241
4235,4234727,Neutral,good,1335.8,3.7,0.0,8715.069,5042.503,5699.474,4978.887,2356.512,0.3253,0.1882,0.2127,0.1858,0.0880,1.145,0.885
4236,4235727,Neutral,good,1335.0,3.6,0.0,1710.567,6148.276,4291.819,2697.841,903.363,0.1086,0.3903,0.2725,0.1713,0.0573,1.591,1.433
4237,4236727,Neutral,good,1335.5,3.1,0.0,2091.933,3127.749,2953.394,3356.998,794.550,0.1697,0.2538,0.2396,0.2724,0.0645,0.880,1.059
4238,4237727,Neutral,good,1335.9,2.7,0.0,4600.390,1263.389,1299.588,3193.674,1589.680,0.3851,0.1058,0.1088,0.2673,0.1331,0.407,0.972
4239,4238727,Neutral,good,1335.8,3.0,0.0,1670.869,1085.874,3505.844,9724.077,833.600,0.0993,0.0646,0.2084,0.5781,0.0496,0.361,0.310
4240,4239726,Neutral,good,1336.1,2.8,0.0,2953.104,4311.319,3468.655,10042.166,3153.852,0.1234,0.1802,0.1450,0.4197,0.1318,0.345,1.243
4241,4240726,Neutral,good,1335.6,3.7,0.0,9280.964,11051.814,10281.779,3145.836,6256.146,0.2319,0.2762,0.2569,0.0786,0.1563,3.268,1.075
4242,4241726,Neutral,good,1335.0,3.6,0.0,17985.770,7167.622,3696.145,2667.881,4025.001,0.5060,0.2017,0.1040,0.0751,0.1132,1.385,1.939
4243,4242726,Neutral,good,1335.3,3.5,0.0,943.909,11701.758,9397.966,3511.168,1040.270,0.0355,0.4400,0.3534,0.1320,0.0391,2.677,1.245
4244,4243726,Neutral,good,1335.4,3.7,0.0,3465.821,1167.196,3204.876,5608.858,1158.771,0.2373,0.0799,0.2194,0.3840,0.0793,0.571,0.364
4245,4244726,Neutral,good,1335.6,3.6,0.0,5980.083,7198.857,2834.666,12369.435,2446.218,0.1940,0.2335,0.0919,0.4012,0.0793,0.229,2.540
4246,4245726,Neutral,good,1335.5,3.1,0.0,2197.740,1143.302,1934.717,4251.363,457.429,0.2201,0.1145,0.1938,0.4258,0.0458,0.455,0.591
4247,4246726,Neutral,good,1336.6,3.2,0.0,11155.156,462.143,861.767,3286.864,1768.653,0.6362,0.0264,0.0491,0.1875,0.1009,0.262,0.536
4248,4247726,Neutral,good,1336.2,4.2,0.0,13829.555,1438.742,6548.979,14877.329,4912.754,0.3324,0.0346,0.1574,0.3576,0.1181,0.440,0.220
4249,4248726,Neutral,good,1335.9,3.9,0.0,8965.801,4838.766,1938.669,11011.382,7343.771,0.2629,0.1419,0.0569,0.3229,0.2154,0.176,2.496
4250,4249726,Neutral,good,1335.9,3.3,0.0,8642.803,3414.262,2051.989,2441.068,2988.128,0.4424,0.1747,0.1050,0.1249,0.1529,0.841,1.664
4251,4250726,Neutral,good,1335.7,3.2,0.0,3035.470,1209.140,1770.518,10070.642,3070.002,0.1585,0.0631,0.0924,0.5257,0.1603,0.176,0.683
4252,4251726,Neutral,good,1335.6,3.3,0.0,20600.537,4326.778,4644.338,9733.112,4053.853,0.4751,0.0998,0.1071,0.2245,0.0935,0.477,0.932
4253,4252725,Neutral,good,1336.2,3.2,0.0,5069.396,10400.477,10771.143,2056.777,706.524,0.1748,0.3586,0.3714,0.0709,0.0244,5.237,0.966
4254,4253726,Neutral,good,1336.0,3.7,0.0,9070.624,14095.374,20326.758,6382.775,9353.042,0.1531,0.2380,0.3432,0.1078,0.1579,3.185,0.693
4255,4254725,Neutral,good,1336.5,3.0,0.0,2849.095,2367.373,1756.944,4496.408,2894.834,0.1983,0.1648,0.1223,0.3130,0.2015,0.391,1.347
4256,4255725,Neutral,good,1336.3,3.4,0.0,1546.567,1452.257,2327.940,4400.995,1378.911,0.1392,0.1308,0.2096,0.3962,0.1242,0.529,0.624
4257,4256725,Neutral,good,1336.1,2.8,0.0,6068.502,4231.034,2428.449,3317.766,912.228,0.3579,0.2495,0.1432,0.1956,0.0538,0.732,1.742
4258,4257725,Neutral,good,1335.5,3.5,0.0,604.295,2532.484,4562.065,8538.197,3373.772,0.0308,0.1291,0.2326,0.4354,0.1720,0.534,0.555
4259,4258725,Neutral,good,1336.0,3.3,0.0,680.035,694.867,823.992,2565.396,257.050,0.1354,0.1384,0.1641,0.5109,0.0512,0.321,0.843
4260,4259725,Neutral,good,1335.9,3.0,0.0,1108.998,5599.381,1745.116,2835.394,1135.763,0.0893,0.4507,0.1405,0.2282,0.0914,0.615,3.209
4261,4260725,Neutral,good,1336.5,3.0,0.0,3316.183,826.509,865.764,1393.697,913.059,0.4533,0.1130,0.1184,0.1905,0.1248,0.621,0.955
4262,4261725,Neutral,good,1336.3,3.0,0.0,514.103,1775.495,3240.380,2718.607,804.463,0.0568,0.1961,0.3579,0.3003,0.0889,1.192,0.548
4263,4262725,Neutral,good,1337.1,2.8,0.0,5322.429,9522.958,6085.525,3177.652,956.071,0.2123,0.3799,0.2428,0.1268,0.0381,1.915,1.565
4264,4263725,Neutral,good,1336.9,3.0,0.0,1299.202,1914.346,3332.014,4085.451,2705.938,0.0974,0.1435,0.2498,0.3063,0.2029,0.816,0.575
4265,4264725,Neutral,good,1336.7,3.2,0.0,1397.546,1668.236,5031.641,3608.340,2576.010,0.0979,0.1168,0.3523,0.2527,0.1804,1.394,0.332
4266,4265725,Neutral,good,1335.7,3.0,0.0,2568.323,3172.825,824.583,6450.290,2314.021,0.1675,0.2070,0.0538,0.4208,0.1509,0.128,3.848
4267,4266725,Neutral,good,1336.8,3.8,0.0,920.104,15176.972,10963.213,3972.837,1401.541,0.0284,0.4679,0.3380,0.1225,0.0432,2.760,1.384
4268,4267725,Neutral,good,1336.5,2.8,0.0,2901.870,1102.098,1217.062,4229.670,1726.760,0.2596,0.0986,0.1089,0.3784,0.1545,0.288,0.906
4269,4268725,Neutral,good,1336.4,3.0,0.0,1566.877,1983.219,1109.287,4066.248,3419.154,0.1290,0.1633,0.0913,0.3348,0.2815,0.273,1.788
4270,4269724,Neutral,good,1336.5,3.0,0.0,260.377,1697.001,5306.294,2310.918,1595.651,0.0233,0.1519,0.4750,0.2069,0.1428,2.296,0.320
4271,4270724,Neutral,good,1336.5,3.5,0.0,483.633,613.461,1175.214,5320.677,691.324,0.0584,0.0741,0.1419,0.6423,0.0834,0.221,0.522
4272,4271724,Neutral,good,1335.3,3.5,0.0,4734.559,3279.084,2255.048,4773.255,2236.138,0.2740,0.1898,0.1305,0.2763,0.1294,0.472,1.454
4273,4272724,Neutral,good,1336.0,2.6,0.0,4443.621,758.228,833.398,2606.082,1231.484,0.4501,0.0768,0.0844,0.2640,0.1247,0.320,0.910
4274,4273724,Neutral,good,1335.5,3.6,0.0,22059.193,2816.613,1618.640,4463.020,1910.787,0.6711,0.0857,0.0492,0.1358,0.0581,0.363,1.740
4275,4274724,Neutral,good,1335.4,3.1,0.0,1797.399,7002.975,4141.062,3215.219,1505.680,0.1018,0.3965,0.2345,0.1820,0.0852,1.288,1.691
4276,4275724,Neutral,good,1335.2,3.0,0.0,5878.937,6649.484,4131.623,8786.399,2114.115,0.2133,0.2413,0.1499,0.3188,0.0767,0.470,1.609
4277,4276724,Neutral,good,1335.0,3.7,0.0,3793.090,9417.212,9958.686,6250.676,1433.125,0.1229,0.3052,0.3228,0.2026,0.0465,1.593,0.946
4278,4277724,Neutral,good,1335.8,3.8,0.0,9458.209,25486.887,13838.068,23350.709,4248.484,0.1238,0.3337,0.1812,0.3057,0.0556,0.593,1.842
4279,4278724,Neutral,good,1336.6,2.7,0.0,1256.286,1083.598,447.782,4788.953,1041.513,0.1458,0.1257,0.0520,0.5557,0.1209,0.094,2.420
4280,4279724,Neutral,good,1335.6,3.3,0.0,520.852,896.816,5084.981,2128.498,2017.947,0.0489,0.0842,0.4775,0.1999,0.1895,2.389,0.176
4281,4280724,Neutral,good,1336.6,3.9,0.0,8306.251,3350.620,1766.404,9990.786,4943.395,0.2929,0.1182,0.0623,0.3523,0.1743,0.177,1.897
4282,4281724,Neutral,good,1336.3,3.3,0.0,2922.208,2113.797,2159.892,3294.849,1963.824,0.2346,0.1697,0.1734,0.2645,0.1577,0.656,0.979
4283,4282724,Neutral,good,1337.2,4.0,0.0,4559.393,777.297,1104.532,4714.060,3737.459,0.3061,0.0522,0.0742,0.3165,0.2510,0.234,0.704
4284,4283724,Neutral,good,1337.4,2.6,0.0,2011.821,838.970,250.514,1455.764,1948.273,0.3093,0.1290,0.0385,0.2238,0.2995,0.172,3.349
4285,4284724,Neutral,good,1336.8,4.1,0.0,13431.558,2813.032,3041.143,5679.838,1603.772,0.5055,0.1059,0.1145,0.2138,0.0604,0.535,0.925
4286,4285723,Neutral,good,1336.8,2.7,0.0,38.077,3432.380,3431.183,4963.543,835.083,0.0030,0.2703,0.2702,0.3908,0.0658,0.691,1.000
4287,4286723,Neutral,good,1336.4,3.5,0.0,2402.566,2569.723,2001.207,4236.694,2476.394,0.1755,0.1878,0.1462,0.3096,0.1809,0.472,1.284
4288,4287723,Neutral,good,1336.5,3.0,0.0,4784.959,5409.837,1061.933,2490.360,1216.636,0.3198,0.3615,0.0710,0.1664,0.0813,0.426,5.094
4289,4288723,Neutral,good,1336.5,3.3,0.0,16165.016,1341.926,1759.877,4704.768,696.676,0.6553,0.0544,0.0713,0.1907,0.0282,0.374,0.763
4290,4289723,Neutral,good,1335.8,4.1,0.0,5032.635,19805.480,3842.801,3342.711,1689.845,0.1493,0.5875,0.1140,0.0992,0.0501,1.150,5.154
4291,4290723,Neutral,good,1336.6,3.7,0.0,2520.841,9256.237,12705.927,4714.296,930.562,0.0837,0.3072,0.4217,0.1565,0.0309,2.695,0.728
4292,4291723,Neutral,good,1337.1,3.5,0.0,27797.613,11830.667,1057.610,3739.174,1894.778,0.6001,0.2554,0.0228,0.0807,0.0409,0.283,11.186
4293,4292723,Neutral,good,1336.2,3.5,0.0,2526.439,2405.207,1972.839,3693.492,1220.792,0.2138,0.2035,0.1669,0.3125,0.1033,0.534,1.219
4294,4293723,Neutral,good,1336.8,2.6,0.0,6325.543,5140.123,864.011,2449.165,1344.378,0.3923,0.3188,0.0536,0.1519,0.0834,0.353,5.949
4295,4294723,Neutral,good,1336.9,3.4,0.0,5138.889,6672.476,2401.157,6996.393,1837.620,0.2230,0.2895,0.1042,0.3036,0.0797,0.343,2.779
4296,4295723,Neutral,good,1336.2,2.7,0.0,873.506,2085.837,1822.392,3358.608,2087.416,0.0854,0.2039,0.1782,0.3284,0.2041,0.543,1.145
4297,4296723,Neutral,good,1335.5,3.0,0.0,2048.880,1773.848,2965.387,5724.849,928.409,0.1524,0.1320,0.2206,0.4259,0.0691,0.518,0.598
4298,4297723,Neutral,good,1335.9,3.4,0.0,4273.622,2828.887,2444.524,2898.568,1585.529,0.3046,0.2016,0.1742,0.2066,0.1130,0.843,1.157
4299,4298723,Neutral,good,1336.6,3.3,0.0,2538.906,3294.502,4901.918,6455.851,2124.037,0.1314,0.1706,0.2538,0.3342,0.1100,0.759,0.672
4300,4299722,Neutral,good,1335.9,3.6,0.0,1128.135,647.499,2412.368,3260.019,7258.616,0.0767,0.0440,0.1640,0.2217,0.4936,0.740,0.268
4301,4300722,Neutral,good,1335.7,3.4,0.0,901.945,529.375,3298.893,6641.250,3006.438,0.0627,0.0368,0.2294,0.4619,0.2091,0.497,0.160
4302,4301722,Neutral,good,1336.6,3.0,0.0,9925.639,1761.498,2899.494,4885.628,3734.532,0.4277,0.0759,0.1249,0.2105,0.1609,0.593,0.608
4303,4302722,Neutral,good,1336.4,3.1,0.0,5724.612,5340.210,2301.497,6761.963,2700.017,0.2508,0.2339,0.1008,0.2962,0.1183,0.340,2.320
4304,4303722,Neutral,good,1336.4,3.5,0.0,10381.253,302.519,1226.221,3631.523,2492.865,0.5756,0.0168,0.0680,0.2014,0.1382,0.338,0.247
4305,4304722,Neutral,good,1336.6,3.1,0.0,646.200,4092.966,1212.048,3303.374,474.633,0.0664,0.4207,0.1246,0.3395,0.0488,0.367,3.377
4306,4305722,Neutral,good,1336.2,3.1,0.0,5123.554,5048.473,1201.489,3528.850,1515.323,0.3121,0.3075,0.0732,0.2149,0.0923,0.340,4.202
4307,4306722,Neutral,good,1336.7,3.1,0.0,5652.295,3122.262,2519.406,10656.971,2528.062,0.2309,0.1275,0.1029,0.4354,0.1033,0.236,1.239
4308,4307722,Neutral,good,1336.3,3.5,0.0,9602.019,3005.848,5869.927,15058.841,3445.923,0.2596,0.0813,0.1587,0.4072,0.0932,0.390,0.512
4309,4308722,Neutral,good,1336.5,3.2,0.0,1687.444,2853.465,4421.746,6823.475,7501.593,0.0725,0.1225,0.1899,0.2930,0.3221,0.648,0.645
4310,4309722,Neutral,good,1336.9,3.0,0.0,6532.636,2695.253,1036.876,4108.667,2705.715,0.3825,0.1578,0.0607,0.2406,0.1584,0.252,2.599
4311,4310722,Neutral,good,1338.2,4.1,0.0,23548.375,5355.595,3052.990,4414.917,1477.204,0.6222,0.1415,0.0807,0.1166,0.0390,0.692,1.754
4312,4311722,Neutral,good,1337.6,2.7,0.0,476.251,3850.912,4864.596,12429.850,1341.413,0.0207,0.1677,0.2118,0.5413,0.0584,0.391,0.792
4313,4312722,Neutral,good,1337.5,3.8,0.0,2394.230,5017.013,3967.975,2763.097,2226.805,0.1463,0.3065,0.2424,0.1688,0.1360,1.436,1.264
4314,4313722,Neutral,good,1336.4,3.4,0.0,7428.717,4740.977,4631.212,2979.346,1313.956,0.3522,0.2248,0.2195,0.1412,0.0623,1.554,1.024
4315,4314722,Neutral,good,1334.8,3.5,0.0,5413.812,1146.950,1510.531,4135.785,5111.230,0.3126,0.0662,0.0872,0.2388,0.2951,0.365,0.759
4316,4315722,Neutral,good,1334.8,2.8,0.0,4102.212,1857.265,1500.178,3977.842,3222.330,0.2798,0.1267,0.1023,0.2713,0.2198,0.377,1.238
4317,4316721,Neutral,good,1336.3,3.9,0.0,3506.746,5702.015,3556.587,1341.640,2846.445,0.2068,0.3363,0.2098,0.0791,0.1679,2.651,1.603
4318,4317721,Neutral,good,1336.9,3.6,0.0,15368.061,7742.268,2369.267,8238.751,1522.431,0.4361,0.2197,0.0672,0.2338,0.0432,0.288,3.268
4319,4318721,Neutral,good,1337.1,4.0,0.0,4471.127,3795.145,1061.693,5362.707,2574.728,0.2590,0.2198,0.0615,0.3106,0.1491,0.198,3.575
4320,4319721,Neutral,good,1336.8,2.7,0.0,311.599,375.176,1016.189,5274.113,861.044,0.0398,0.0479,0.1296,0.6729,0.1099,0.193,0.369
4321,4320721,Neutral,good,1337.2,3.3,0.0,3039.611,2370.855,2194.865,4014.283,826.631,0.2442,0.1905,0.1763,0.3225,0.0664,0.547,1.080
4322,4321721,Neutral,good,1337.4,2.8,0.0,1988.393,4905.384,4177.565,2282.705,1561.300,0.1333,0.3289,0.2801,0.1530,0.1047,1.830,1.174
4323,4322721,Neutral,good,1337.7,3.5,0.0,1551.779,5223.826,2735.345,2254.476,1843.478,0.1140,0.3839,0.2010,0.1657,0.1355,1.213,1.910
4324,4323721,Neutral,good,1337.6,2.9,0.0,988.008,2498.105,1775.178,2588.517,650.559,0.1162,0.2939,0.2088,0.3045,0.0765,0.686,1.407
4325,4324721,Neutral,good,1337.7,4.2,0.0,14639.401,4634.433,1918.130,3755.222,2209.375,0.5391,0.1707,0.0706,0.1383,0.0814,0.511,2.416
4326,4325721,Neutral,good,1336.7,3.9,0.0,1239.864,2857.852,2808.870,8634.305,4340.416,0.0624,0.1437,0.1413,0.4343,0.2183,0.325,1.017
4327,4326721,Neutral,good,1337.8,3.7,0.0,13464.161,7621.447,2480.405,7325.843,1631.447,0.4140,0.2343,0.0763,0.2252,0.0502,0.339,3.073
4328,4327721,Neutral,good,1337.3,4.4,0.0,2712.267,4037.675,1814.542,7727.738,4311.056,0.1316,0.1960,0.0881,0.3751,0.2092,0.235,2.225
4329,4328721,Neutral,good,1337.8,3.6,0.0,1817.567,1735.215,853.896,4436.421,1301.115,0.1792,0.1711,0.0842,0.4373,0.1283,0.192,2.032
4330,4329721,Neutral,good,1337.7,2.9,0.0,17864.096,6074.751,5273.640,3599.485,1933.584,0.5141,0.1748,0.1518,0.1036,0.0556,1.465,1.152
4331,4330720,Neutral,good,1337.8,3.3,0.0,6654.335,2196.952,1709.161,5090.810,1154.171,0.3960,0.1307,0.1017,0.3029,0.0687,0.336,1.285
4332,4331721,Neutral,good,1338.0,3.7,0.0,525.799,1606.397,6666.766,11711.993,2108.644,0.0232,0.0710,0.2947,0.5178,0.0932,0.569,0.241
4333,4332720,Neutral,good,1337.5,3.3,0.0,2369.966,4646.288,4214.096,4144.715,2579.393,0.1320,0.2588,0.2347,0.2308,0.1437,1.017,1.103
4334,4333720,Neutral,good,1336.8,3.9,0.0,5681.231,2716.324,5393.292,8635.396,8500.322,0.1837,0.0878,0.1744,0.2792,0.2749,0.625,0.504
4335,4334720,Neutral,good,1336.5,3.8,0.0,5023.731,1263.744,699.159,3075.929,2417.523,0.4025,0.1013,0.0560,0.2465,0.1937,0.227,1.808
4336,4335720,Neutral,good,1336.9,3.9,0.0,1967.854,11770.196,11392.317,5650.547,1432.196,0.0611,0.3654,0.3537,0.1754,0.0445,2.016,1.033
4337,4336720,Neutral,good,1337.0,3.8,0.0,1947.017,1265.212,3745.658,16266.771,6293.568,0.0660,0.0429,0.1269,0.5511,0.2132,0.230,0.338
4338,4337720,Neutral,good,1337.6,3.3,0.0,1989.445,1431.739,2172.764,5514.959,1270.999,0.1607,0.1157,0.1755,0.4455,0.1027,0.394,0.659
4339,4338720,Neutral,good,1337.3,3.9,0.0,292.393,9124.952,7576.517,3052.034,1949.677,0.0133,0.4149,0.3445,0.1388,0.0886,2.482,1.204
4340,4339720,Neutral,good,1337.4,3.2,0.0,1362.489,4069.378,935.846,11008.949,1778.081,0.0711,0.2124,0.0489,0.5747,0.0928,0.085,4.348
4341,4340720,Neutral,good,1337.5,4.3,0.0,2681.542,909.704,4371.154,10218.243,4232.743,0.1196,0.0406,0.1950,0.4559,0.1888,0.428,0.208
4342,4341720,Neutral,good,1337.6,4.1,0.0,1818.286,3539.707,7778.905,11584.689,497.663,0.0721,0.1404,0.3085,0.4594,0.0197,0.671,0.455
4343,4342720,Neutral,good,1336.9,3.4,0.0,17707.182,6609.207,2629.282,5152.711,1558.497,0.5261,0.1964,0.0781,0.1531,0.0463,0.510,2.514
4344,4343720,Neutral,good,1336.8,3.5,0.0,10567.293,19218.381,3017.447,4470.584,981.172,0.2762,0.5024,0.0789,0.1169,0.0256,0.675,6.369
4345,4344720,Neutral,good,1336.5,2.6,0.0,1326.168,610.707,611.635,1753.203,781.581,0.2609,0.1201,0.1203,0.3449,0.1538,0.349,0.998
4346,4345720,Neutral,good,1337.1,3.4,0.0,1801.252,2685.451,2141.893,1913.203,1285.228,0.1833,0.2733,0.2180,0.1947,0.1308,1.120,1.254
4347,4346720,Neutral,good,1337.0,3.8,0.0,831.974,3488.402,3461.967,5140.922,5692.848,0.0447,0.1874,0.1860,0.2762,0.3058,0.673,1.008
4348,4347720,Neutral,good,1337.3,3.8,0.0,9695.526,7570.228,6384.882,3641.989,4302.532,0.3069,0.2396,0.2021,0.1153,0.1362,1.753,1.186
4349,4348719,Neutral,good,1337.1,3.2,0.0,11646.011,6731.803,5244.143,2492.626,1170.428,0.4268,0.2467,0.1922,0.0914,0.0429,2.104,1.284
4350,4349719,Neutral,good,1337.4,4.1,0.0,10648.782,6199.192,9335.796,6069.788,1752.651,0.3131,0.1823,0.2745,0.1785,0.0515,1.538,0.664
4351,4350719,Neutral,good,1337.2,2.9,0.0,2812.278,2864.545,4087.616,5712.992,494.959,0.1761,0.1793,0.2559,0.3577,0.0310,0.715,0.701
4352,4351719,Neutral,good,1336.4,3.2,0.0,1247.676,1258.301,2266.100,3882.279,1850.386,0.1188,0.1198,0.2157,0.3696,0.1761,0.584,0.555
4353,4352719,Neutral,good,1336.9,3.3,0.0,533.853,864.374,506.733,3933.906,2693.450,0.0626,0.1013,0.0594,0.4611,0.3157,0.129,1.706
4354,4353719,Neutral,good,1337.4,3.1,0.0,3101.362,1052.360,338.265,4470.376,1215.489,0.3047,0.1034,0.0332,0.4392,0.1194,0.076,3.111
4355,4354719,Neutral,good,1337.5,3.0,0.0,1662.128,4307.359,1266.345,5213.368,1513.719,0.1190,0.3085,0.0907,0.3734,0.1084,0.243,3.401
4356,4355719,Neutral,good,1338.6,3.0,0.0,4964.126,2910.031,10063.939,3329.633,2867.184,0.2057,0.1206,0.4170,0.1380,0.1188,3.023,0.289
4357,4356719,Neutral,good,1337.8,4.0,0.0,7794.503,4164.678,982.749,9492.163,2888.642,0.3078,0.1645,0.0388,0.3748,0.1141,0.104,4.238
4358,4357719,Neutral,good,1337.5,3.5,0.0,593.577,6390.434,6542.495,10105.619,1477.956,0.0236,0.2545,0.2606,0.4025,0.0589,0.647,0.977
4359,4358719,Neutral,good,1336.9,3.4,0.0,510.038,1626.206,1897.630,4586.526,1137.402,0.0523,0.1667,0.1945,0.4700,0.1166,0.414,0.857
4360,4359719,Neutral,good,1337.9,2.9,0.0,2656.128,1584.821,1214.718,6417.757,1735.808,0.1952,0.1165,0.0893,0.4716,0.1275,0.189,1.305
4361,4360719,Neutral,good,1337.2,3.7,0.0,3948.047,10111.793,3151.040,7308.818,2440.984,0.1464,0.3751,0.1169,0.2711,0.0905,0.431,3.209
4362,4361719,Neutral,good,1337.6,3.7,0.0,1197.190,2440.567,1523.273,1687.100,884.299,0.1548,0.3156,0.1970,0.2182,0.1144,0.903,1.602
4363,4362718,Neutral,good,1337.9,3.2,0.0,1961.602,4485.285,4745.624,2240.494,1334.777,0.1328,0.3037,0.3213,0.1517,0.0904,2.118,0.945
4364,4363718,Neutral,good,1337.1,3.2,0.0,3145.710,1990.891,1132.341,2912.704,1179.407,0.3036,0.1922,0.1093,0.2811,0.1138,0.389,1.758
4365,4364718,Neutral,good,1337.6,3.5,0.0,7500.338,3786.119,2061.912,2657.739,1453.946,0.4296,0.2168,0.1181,0.1522,0.0833,0.776,1.836
4366,4365718,Neutral,good,1337.8,3.5,0.0,8625.097,8816.642,7679.081,3021.235,749.002,0.2985,0.3052,0.2658,0.1046,0.0259,2.542,1.148
4367,4366718,Neutral,good,1338.0,3.9,0.0,18371.924,5980.103,5092.405,3775.817,1174.931,0.5341,0.1739,0.1481,0.1098,0.0342,1.349,1.174
4368,4367718,Neutral,good,1337.4,2.8,0.0,6600.763,5052.085,1559.605,3281.373,369.995,0.3914,0.2996,0.0925,0.1946,0.0219,0.475,3.239
4369,4368718,Neutral,good,1337.7,4.2,0.0,13609.604,8259.119,1075.470,3669.877,3647.944,0.4497,0.2729,0.0355,0.1213,0.1205,0.293,7.680
4370,4369718,Neutral,good,1338.1,3.2,0.0,2321.469,7419.620,4405.842,1509.087,7086.701,0.1021,0.3262,0.1937,0.0664,0.3116,2.920,1.684
4371,4370718,Neutral,good,1336.6,3.3,0.0,3352.282,1018.135,402.715,3118.711,1270.702,0.3659,0.1111,0.0440,0.3404,0.1387,0.129,2.528
4372,4371718,Neutral,good,1337.7,2.7,0.0,2218.643,1621.766,1275.106,2524.397,3314.836,0.2025,0.1480,0.1164,0.2304,0.3026,0.505,1.272
4373,4372718,Neutral,good,1337.7,4.0,0.0,1213.946,12351.751,17725.980,19768.074,2675.292,0.0226,0.2299,0.3299,0.3679,0.0498,0.897,0.697
4374,4373718,Neutral,good,1338.0,2.9,0.0,1297.765,106.646,421.740,1749.228,698.247,0.3037,0.0250,0.0987,0.4093,0.1634,0.241,0.253
4375,4374718,Neutral,good,1338.1,3.9,0.0,4780.916,7601.403,6737.019,20664.309,2734.053,0.1124,0.1788,0.1585,0.4860,0.0643,0.326,1.128
4376,4375718,Neutral,good,1338.0,3.2,0.0,3947.722,1592.829,742.557,2923.625,2270.434,0.3440,0.1388,0.0647,0.2547,0.1978,0.254,2.145
4377,4376718,Neutral,good,1338.4,3.2,0.0,3308.003,2764.602,4375.980,5369.279,1762.676,0.1882,0.1573,0.2489,0.3054,0.1003,0.815,0.632
4378,4377718,Neutral,good,1337.7,4.1,0.0,968.265,1283.857,4668.791,5888.309,1652.919,0.0670,0.0888,0.3228,0.4072,0.1143,0.793,0.275
4379,4378717,Neutral,good,1338.4,3.3,0.0,2549.632,5348.814,3804.102,5100.604,1615.408,0.1384,0.2904,0.2065,0.2769,0.0877,0.746,1.406
4380,4379717,Neutral,good,1337.6,3.0,0.0,625.769,1324.328,440.002,2627.103,1884.223,0.0907,0.1919,0.0638,0.3807,0.2730,0.167,3.010
4381,4380717,Neutral,good,1337.6,3.8,0.0,6507.322,10831.099,6910.260,24550.115,7528.472,0.1155,0.1923,0.1227,0.4358,0.1337,0.281,1.567
4382,4381717,Neutral,good,1338.4,2.6,0.0,7894.435,8052.232,933.225,4209.319,2479.416,0.3350,0.3417,0.0396,0.1786,0.1052,0.222,8.628
4383,4382717,Neutral,good,1338.5,2.8,0.0,3893.780,1415.995,2173.719,2506.968,580.450,0.3683,0.1340,0.2056,0.2372,0.0549,0.867,0.651
4384,4383717,Neutral,good,1338.2,3.2,0.0,123.009,783.047,1379.973,3287.811,856.842,0.0191,0.1218,0.2146,0.5113,0.1332,0.420,0.567
4385,4384717,Neutral,good,1337.9,3.1,0.0,2693.890,6716.611,4563.492,6750.238,909.064,0.1245,0.3105,0.2109,0.3120,0.0420,0.676,1.472
4386,4385717,Neutral,good,1337.5,3.7,0.0,6546.947,2954.801,854.219,1797.470,2986.268,0.4324,0.1952,0.0564,0.1187,0.1972,0.475,3.459
4387,4386717,Neutral,good,1337.6,3.2,0.0,2565.977,2370.349,3055.972,8988.814,473.092,0.1470,0.1358,0.1751,0.5150,0.0271,0.340,0.776
4388,4387717,Neutral,good,1337.7,3.6,0.0,2878.625,4413.438,11160.637,11938.231,1471.187,0.0903,0.1385,0.3503,0.3747,0.0462,0.935,0.395
4389,4388717,Neutral,good,1337.6,3.6,0.0,4051.461,86.186,1971.279,23095.205,4737.729,0.1194,0.0025,0.0581,0.6804,0.1396,0.085,0.044
4390,4389717,Neutral,good,1338.2,3.9,0.0,8348.493,8209.735,3038.110,2881.427,1261.975,0.3517,0.3458,0.1280,0.1214,0.0532,1.054,2.702
4391,4390717,Neutral,good,1337.9,3.4,0.0,794.878,6627.223,5958.745,9547.911,1490.410,0.0326,0.2714,0.2440,0.3910,0.0610,0.624,1.112
4392,4391717,Neutral,good,1338.0,2.7,0.0,4562.431,403.822,2064.347,7985.129,702.458,0.2903,0.0257,0.1313,0.5080,0.0447,0.259,0.196
4393,4392717,Neutral,good,1338.3,3.6,0.0,1999.125,3343.161,1783.236,5831.977,525.018,0.1483,0.2480,0.1323,0.4326,0.0389,0.306,1.875
4394,4393716,Neutral,good,1337.7,3.3,0.0,2436.865,1998.180,1594.032,2857.596,2613.764,0.2119,0.1737,0.1386,0.2485,0.2273,0.558,1.254
4395,4394717,Neutral,good,1337.4,3.0,0.0,5002.963,7178.778,7285.535,5364.253,2290.025,0.1845,0.2647,0.2686,0.1978,0.0844,1.358,0.985
4396,4395716,Neutral,good,1337.5,3.1,0.0,7623.618,5095.746,3874.883,1186.062,1554.849,0.3943,0.2635,0.2004,0.0613,0.0804,3.267,1.315
4397,4396716,Neutral,good,1338.4,4.3,0.0,2661.102,6035.904,4484.882,9333.854,5162.422,0.0961,0.2181,0.1620,0.3372,0.1865,0.480,1.346
4398,4397716,Neutral,good,1337.8,3.1,0.0,4243.355,2687.249,1960.787,5646.322,937.125,0.2742,0.1737,0.1267,0.3649,0.0606,0.347,1.370
4399,4398716,Neutral,good,1338.3,3.2,0.0,19523.736,5370.193,3723.749,8384.752,1025.498,0.5134,0.1412,0.0979,0.2205,0.0270,0.444,1.442
4400,4399716,Neutral,good,1337.3,3.1,0.0,3962.746,5798.724,3495.046,1836.944,2257.688,0.2284,0.3342,0.2014,0.1059,0.1301,1.903,1.659
4401,4400716,Neutral,good,1337.3,3.2,0.0,13956.439,5311.330,4905.382,4493.882,1803.220,0.4580,0.1743,0.1610,0.1475,0.0592,1.092,1.083
4402,4401716,Neutral,good,1337.5,3.4,0.0,9418.877,8610.526,6148.158,5241.768,1658.352,0.3031,0.2771,0.1978,0.1687,0.0534,1.173,1.401
4403,4402716,Neutral,good,1337.5,4.0,0.0,3652.735,2243.951,517.099,7668.375,4175.021,0.2001,0.1229,0.0283,0.4200,0.2287,0.067,4.340
4404,4403716,Neutral,good,1337.0,3.4,0.0,2155.740,1016.081,296.374,2716.268,1676.589,0.2742,0.1293,0.0377,0.3455,0.2133,0.109,3.428
4405,4404716,Neutral,good,1337.6,3.1,0.0,5894.491,3134.399,3439.362,1546.093,3132.499,0.3438,0.1828,0.2006,0.0902,0.1827,2.225,0.911
4406,4405716,Neutral,good,1338.4,2.5,0.0,1844.296,1683.583,1678.784,1531.278,2369.981,0.2025,0.1848,0.1843,0.1681,0.2602,1.096,1.003
4407,4406716,Neutral,good,1337.9,2.9,0.0,1386.536,3621.512,1434.171,7117.034,3593.946,0.0808,0.2111,0.0836,0.4149,0.2095,0.202,2.525
4408,4407716,Neutral,good,1338.5,3.4,0.0,3333.704,2923.893,11397.258,4066.965,632.770,0.1491,0.1308,0.5098,0.1819,0.0283,2.802,0.257
4409,4408716,Neutral,good,1338.2,4.2,0.0,1835.050,803.983,2488.929,4090.807,2446.802,0.1573,0.0689,0.2134,0.3507,0.2097,0.608,0.323
4410,4409716,Neutral,good,1338.0,3.2,0.0,2227.666,3628.092,3530.512,4162.659,2879.166,0.1356,0.2208,0.2149,0.2534,0.1753,0.848,1.028
4411,4410715,Neutral,good,1339.1,3.2,0.0,3565.460,3608.881,5482.424,5229.534,548.574,0.1934,0.1958,0.2974,0.2837,0.0298,1.048,0.658
4412,4411715,Neutral,good,1337.9,3.0,0.0,3061.340,6453.568,1184.949,4239.233,1164.100,0.1901,0.4008,0.0736,0.2633,0.0723,0.280,5.446
4413,4412715,Neutral,good,1337.8,3.8,0.0,10367.758,7179.371,3638.565,5975.818,5352.823,0.3189,0.2208,0.1119,0.1838,0.1646,0.609,1.973
4414,4413715,Neutral,good,1338.2,2.8,0.0,343.606,1261.157,2305.054,1705.137,2947.410,0.0401,0.1473,0.2692,0.1991,0.3442,1.352,0.547
4415,4414715,Neutral,good,1338.6,3.2,0.0,2766.865,858.792,354.345,5733.048,291.313,0.2766,0.0858,0.0354,0.5731,0.0291,0.062,2.424
4416,4415715,Neutral,good,1336.8,4.3,0.0,1268.791,3999.987,5631.832,6227.442,7677.539,0.0511,0.1613,0.2270,0.2510,0.3095,0.904,0.710
4417,4416715,Neutral,good,1338.3,3.1,0.0,2574.272,1964.652,2177.159,3126.204,1209.091,0.2329,0.1778,0.1970,0.2829,0.1094,0.696,0.902
4418,4417715,Neutral,good,1337.8,3.2,0.0,3507.420,3048.858,2240.310,13997.507,4585.763,0.1281,0.1114,0.0818,0.5112,0.1675,0.160,1.361
4419,4418715,Neutral,good,1337.4,3.8,0.0,2239.255,2512.384,2372.225,2270.090,1873.965,0.1987,0.2230,0.2105,0.2015,0.1663,1.045,1.059
4420,4419715,Neutral,good,1338.0,2.7,0.0,2731.672,3504.778,2918.512,1331.508,1295.935,0.2318,0.2975,0.2477,0.1130,0.1100,2.192,1.201
4421,4420715,Neutral,good,1337.2,3.6,0.0,4451.048,8421.198,4674.547,6185.900,1857.440,0.1739,0.3291,0.1827,0.2417,0.0726,0.756,1.802
4422,4421715,Neutral,good,1337.8,3.1,0.0,2864.792,2202.211,4797.904,6770.733,971.896,0.1627,0.1251,0.2725,0.3845,0.0552,0.709,0.459
4423,4422715,Neutral,good,1337.9,3.5,0.0,5207.938,10996.485,10689.917,7866.526,3706.325,0.1354,0.2859,0.2779,0.2045,0.0964,1.359,1.029
4424,4423715,Neutral,good,1338.2,3.3,0.0,3268.697,747.408,196.298,2974.315,1842.081,0.3620,0.0828,0.0217,0.3294,0.2040,0.066,3.808
4425,4424715,Neutral,good,1338.2,3.5,0.0,2008.711,2130.214,3071.493,10665.034,1569.672,0.1033,0.1096,0.1580,0.5485,0.0807,0.288,0.694
4426,4425714,Neutral,good,1337.7,2.9,0.0,2427.568,1253.004,802.752,1851.944,2147.085,0.2862,0.1477,0.0946,0.2183,0.2531,0.433,1.561
4427,4426714,Neutral,good,1337.9,2.9,0.0,5231.773,3893.104,231.656,3998.301,827.849,0.3689,0.2745,0.0163,0.2819,0.0584,0.058,16.806
4428,4427714,Neutral,good,1338.6,3.7,0.0,9971.879,7286.423,7934.147,6396.357,3497.711,0.2842,0.2077,0.2261,0.1823,0.0997,1.240,0.918
4429,4428714,Neutral,good,1338.4,3.2,0.0,2529.107,6438.450,1795.765,2908.248,923.187,0.1733,0.4411,0.1230,0.1993,0.0633,0.617,3.585
4430,4429714,Neutral,good,1337.7,3.0,0.0,3171.838,266.337,703.939,5755.623,3569.548,0.2355,0.0198,0.0523,0.4274,0.2651,0.122,0.378
4431,4430714,Neutral,good,1339.1,4.3,0.0,18181.982,9080.214,6390.977,5519.425,3956.777,0.4216,0.2105,0.1482,0.1280,0.0917,1.158,1.421
4432,4431714,Neutral,good,1338.5,2.8,0.0,2730.671,7373.138,5178.965,2129.148,711.560,0.1507,0.4068,0.2858,0.1175,0.0393,2.432,1.424
4433,4432714,Neutral,good,1338.6,3.3,0.0,1682.685,2456.525,3333.907,2814.700,4771.016,0.1117,0.1631,0.2214,0.1869,0.3168,1.184,0.737
4434,4433714,Neutral,good,1337.9,3.1,0.0,1576.505,828.070,1405.468,3955.049,1394.707,0.1721,0.0904,0.1534,0.4318,0.1523,0.355,0.589
4435,4434714,Neutral,good,1338.2,2.8,0.0,819.840,908.822,1331.602,6128.788,526.652,0.0844,0.0935,0.1371,0.6308,0.0542,0.217,0.683
4436,4435714,Neutral,good,1337.8,4.3,0.0,13665.472,14774.812,6594.958,8625.821,1893.750,0.3000,0.3243,0.1448,0.1894,0.0416,0.765,2.240
4437,4436714,Neutral,good,1338.1,3.4,0.0,813.510,3987.557,5895.744,15825.142,1558.774,0.0290,0.1420,0.2100,0.5636,0.0555,0.373,0.676
4438,4437714,Neutral,good,1337.9,2.7,0.0,667.947,807.645,3578.325,3907.889,1896.015,0.0615,0.0744,0.3296,0.3599,0.1746,0.916,0.226
4439,4438714,Neutral,good,1338.5,3.6,0.0,6671.491,2485.618,1811.298,3768.600,1586.886,0.4087,0.1523,0.1110,0.2309,0.0972,0.481,1.372
4440,4439714,Neutral,good,1338.4,3.3,0.0,1768.129,3100.821,2817.631,2490.842,1208.702,0.1553,0.2723,0.2475,0.2188,0.1062,1.131,1.101
4441,4440714,Neutral,good,1338.0,3.7,0.0,1506.776,5686.149,2873.898,3042.396,1799.599,0.1011,0.3814,0.1928,0.2041,0.1207,0.945,1.979
4442,4441713,Neutral,good,1338.2,3.2,0.0,2544.150,5078.242,1511.920,8587.206,1325.354,0.1336,0.2666,0.0794,0.4508,0.0696,0.176,3.359
4443,4442713,Neutral,good,1338.3,3.2,0.0,2370.568,4803.381,3588.326,9898.329,5415.483,0.0909,0.1842,0.1376,0.3796,0.2077,0.363,1.339
4444,4443713,Neutral,good,1337.3,3.0,0.0,7754.173,2740.523,1112.267,1059.073,5947.357,0.4166,0.1472,0.0598,0.0569,0.3195,1.050,2.464
4445,4444713,Neutral,good,1337.5,2.9,0.0,1877.607,1497.749,1340.773,784.792,1226.956,0.2791,0.2226,0.1993,0.1166,0.1824,1.708,1.117
4446,4445713,Neutral,good,1337.9,3.2,0.0,7240.612,3990.188,755.685,2099.021,1577.784,0.4623,0.2547,0.0482,0.1340,0.1007,0.360,5.280
4447,4446713,Neutral,good,1337.5,3.2,0.0,1419.074,2687.136,1454.219,3003.267,2246.353,0.1313,0.2486,0.1345,0.2778,0.2078,0.484,1.848
4448,4447713,Neutral,good,1336.5,3.6,0.0,17580.625,3383.891,2583.846,5778.401,2383.387,0.5544,0.1067,0.0815,0.1822,0.0752,0.447,1.310
4449,4448713,Neutral,good,1335.9,3.3,0.0,5590.301,8210.860,9464.435,3646.633,886.368,0.2011,0.2954,0.3405,0.1312,0.0319,2.595,0.868
4450,4449713,Neutral,good,1335.4,3.1,0.0,1615.321,3938.215,2015.940,3175.870,1105.040,0.1363,0.3323,0.1701,0.2680,0.0932,0.635,1.954
4451,4450713,Neutral,good,1336.3,3.0,0.0,2695.612,2226.370,2544.366,1903.093,1083.396,0.2579,0.2130,0.2434,0.1821,0.1036,1.337,0.875
4452,4451713,Neutral,good,1337.5,3.9,0.0,8116.370,3012.060,724.873,2662.898,1111.837,0.5193,0.1927,0.0464,0.1704,0.0711,0.272,4.155
4453,4452713,Neutral,good,1337.6,3.6,0.0,6789.633,2984.979,2365.171,6362.740,1460.599,0.3401,0.1495,0.1185,0.3187,0.0732,0.372,1.262
4454,4453713,Neutral,good,1338.4,3.7,0.0,4990.033,5366.688,2054.372,6248.561,4491.151,0.2155,0.2318,0.0887,0.2699,0.1940,0.329,2.612
4455,4454713,Neutral,good,1337.5,3.8,0.0,3390.477,2035.513,3734.187,5395.640,1439.980,0.2120,0.1273,0.2334,0.3373,0.0900,0.692,0.545
4456,4455713,Neutral,good,1337.1,2.9,0.0,1413.097,4217.633,3918.427,11188.057,1331.538,0.0640,0.1911,0.1776,0.5070,0.0603,0.350,1.076
4457,4456712,Neutral,good,1338.0,4.0,0.0,10047.429,3957.635,6584.044,7113.831,2151.817,0.3365,0.1326,0.2205,0.2383,0.0721,0.926,0.601
4458,4457712,Neutral,good,1336.8,3.2,0.0,2320.588,399.281,636.620,14431.007,1348.794,0.1213,0.0209,0.0333,0.7541,0.0705,0.044,0.627
4459,4458712,Neutral,good,1337.0,3.6,0.0,3278.611,4739.938,2826.051,4558.008,955.442,0.2004,0.2898,0.1728,0.2786,0.0584,0.620,1.677
4460,4459712,Neutral,good,1336.8,3.9,0.0,6958.934,2215.971,3887.029,3092.580,4431.991,0.3380,0.1076,0.1888,0.1502,0.2153,1.257,0.570
4461,4460712,Neutral,good,1338.1,2.8,0.0,6715.492,2664.207,2860.617,945.003,1157.999,0.4682,0.1857,0.1994,0.0659,0.0807,3.027,0.931
4462,4461712,Neutral,good,1337.4,4.1,0.0,18858.361,975.811,896.060,2096.375,1110.128,0.7878,0.0408,0.0374,0.0876,0.0464,0.427,1.089
4463,4462712,Neutral,good,1338.1,3.7,0.0,4774.553,1971.165,1045.235,1376.692,3044.638,0.3910,0.1614,0.0856,0.1127,0.2493,0.759,1.886
4464,4463712,Neutral,good,1337.5,3.4,0.0,1439.656,1879.447,4073.556,5663.817,3079.250,0.0892,0.1165,0.2525,0.3510,0.1908,0.719,0.461
4465,4464712,Neutral,good,1337.8,2.9,0.0,774.718,520.224,884.711,1936.447,568.869,0.1654,0.1110,0.1888,0.4133,0.1214,0.457,0.588
4466,4465712,Neutral,good,1338.1,3.1,0.0,4215.002,2272.923,812.242,1049.856,1556.351,0.4255,0.2294,0.0820,0.1060,0.1571,0.774,2.798
4467,4466712,Neutral,good,1337.1,3.2,0.0,4562.715,1181.822,2403.981,3915.232,640.012,0.3592,0.0930,0.1892,0.3082,0.0504,0.614,0.492
4468,4467712,Neutral,good,1337.2,3.5,0.0,2271.398,1238.914,1848.588,4647.493,3533.284,0.1678,0.0915,0.1365,0.3432,0.2610,0.398,0.670
4469,4468712,Neutral,good,1337.3,2.8,0.0,1239.329,1372.563,908.227,3902.421,2047.566,0.1309,0.1449,0.0959,0.4121,0.2162,0.233,1.511
4470,4469712,Neutral,good,1338.2,3.9,0.0,2644.432,2151.569,2408.909,4662.150,1460.906,0.1984,0.1614,0.1807,0.3498,0.1096,0.517,0.893
4471,4470712,Neutral,good,1337.9,3.2,0.0,2598.694,1737.134,233.193,3914.972,5543.392,0.1853,0.1238,0.0166,0.2791,0.3952,0.060,7.449
4472,4471711,Neutral,good,1337.4,3.4,0.0,8096.713,3474.036,5027.556,8116.370,1238.413,0.3120,0.1339,0.1937,0.3127,0.0477,0.619,0.691
4473,4472712,Neutral,good,1336.1,3.0,0.0,1022.443,3567.608,4566.479,7477.042,2957.093,0.0522,0.1821,0.2331,0.3817,0.1509,0.611,0.781
4474,4473711,Neutral,good,1336.6,3.4,0.0,8100.436,2798.296,2472.471,4327.157,751.929,0.4390,0.1517,0.1340,0.2345,0.0408,0.571,1.132
4475,4474711,Neutral,good,1337.3,3.5,0.0,3640.345,4351.963,2838.253,9872.265,849.373,0.1689,0.2019,0.1317,0.4581,0.0394,0.287,1.533
4476,4475711,Neutral,good,1336.9,3.1,0.0,405.579,1103.252,6133.728,4291.173,1335.300,0.0306,0.0831,0.4623,0.3234,0.1006,1.429,0.180
4477,4476711,Neutral,good,1337.9,3.4,0.0,1417.968,4185.382,5468.055,12209.349,3288.107,0.0534,0.1575,0.2058,0.4595,0.1238,0.448,0.765
4478,4477711,Neutral,good,1337.8,3.7,0.0,3050.895,1707.047,877.787,2748.540,4551.060,0.2359,0.1320,0.0679,0.2125,0.3518,0.319,1.945
4479,4478711,Neutral,good,1337.6,3.5,0.0,2218.001,3698.657,3122.224,2663.393,1155.224,0.1725,0.2877,0.2428,0.2071,0.0898,1.172,1.185
4480,4479711,Neutral,good,1337.5,3.5,0.0,3097.183,2166.624,3228.551,5515.232,5642.065,0.1576,0.1103,0.1643,0.2807,0.2871,0.585,0.671
4481,4480711,Neutral,good,1337.3,3.8,0.0,483.774,8192.904,10825.717,11147.217,1660.593,0.0150,0.2536,0.3351,0.3450,0.0514,0.971,0.757
4482,4481711,Neutral,good,1337.6,3.3,0.0,2608.706,11076.829,9956.961,9364.454,3702.958,0.0711,0.3017,0.2712,0.2551,0.1009,1.063,1.112
4483,4482711,Neutral,good,1337.9,3.2,0.0,6715.392,2855.870,3259.740,3859.593,2097.981,0.3574,0.1520,0.1735,0.2054,0.1117,0.845,0.876
4484,4483711,Neutral,good,1337.9,3.3,0.0,2599.200,2180.203,1124.070,9279.029,715.549,0.1635,0.1371,0.0707,0.5837,0.0450,0.121,1.940
4485,4484711,Neutral,good,1337.9,3.6,0.0,2971.917,888.361,2972.743,4227.870,1556.740,0.2355,0.0704,0.2356,0.3351,0.1234,0.703,0.299
4486,4485711,Neutral,good,1338.1,3.5,0.0,1629.869,5618.210,5352.150,5308.260,1027.661,0.0861,0.2967,0.2826,0.2803,0.0543,1.008,1.050
4487,4486711,Neutral,good,1338.4,3.7,0.0,3646.792,4237.445,3149.777,3595.917,3795.298,0.1979,0.2300,0.1709,0.1952,0.2060,0.876,1.345
4488,4487711,Neutral,good,1337.9,3.2,0.0,1298.868,5546.747,1933.488,1963.804,787.871,0.1126,0.4810,0.1677,0.1703,0.0683,0.985,2.869
4489,4488710,Neutral,good,1337.6,3.4,0.0,8585.968,8137.836,2266.884,4228.037,496.641,0.3620,0.3431,0.0956,0.1783,0.0209,0.536,3.590
4490,4489710,Neutral,good,1338.5,3.5,0.0,936.753,5315.163,4375.990,7057.750,902.033,0.0504,0.2860,0.2354,0.3797,0.0485,0.620,1.215
4491,4490710,Neutral,good,1337.7,3.2,0.0,2776.639,5043.496,3833.171,3359.999,2546.521,0.1581,0.2872,0.2183,0.1913,0.1450,1.141,1.316
4492,4491710,Neutral,good,1337.2,3.3,0.0,2954.756,2332.792,5872.204,4009.202,1276.260,0.1797,0.1419,0.3571,0.2438,0.0776,1.465,0.397
4493,4492710,Neutral,good,1337.6,3.7,0.0,1419.357,3333.939,2402.071,3072.892,7607.523,0.0796,0.1869,0.1347,0.1723,0.4265,0.782,1.388
4494,4493710,Neutral,good,1337.7,3.9,0.0,4416.909,15355.546,10666.746,7255.235,5836.753,0.1015,0.3527,0.2450,0.1667,0.1341,1.470,1.440
4495,4494710,Neutral,good,1337.7,3.2,0.0,850.715,4883.173,5800.833,7576.907,2315.751,0.0397,0.2279,0.2707,0.3536,0.1081,0.766,0.842
4496,4495710,Neutral,good,1337.5,3.5,0.0,3358.797,1245.471,1340.046,12079.461,2391.011,0.1645,0.0610,0.0656,0.5917,0.1171,0.111,0.929
4497,4496710,Neutral,good,1337.5,3.0,0.0,1547.381,3175.896,436.573,1640.285,897.115,0.2010,0.4126,0.0567,0.2131,0.1166,0.266,7.275
4498,4497710,Neutral,good,1337.4,3.1,0.0,313.142,2873.177,2911.705,1172.773,1927.540,0.0340,0.3124,0.3165,0.1275,0.2096,2.483,0.987
4499,4498710,Neutral,good,1337.7,3.7,0.0,1119.799,6555.479,5006.541,5074.765,1612.980,0.0578,0.3384,0.2585,0.2620,0.0833,0.987,1.309
4500,4499710,Neutral,good,1338.4,3.1,0.0,3007.865,2353.899,3093.328,16375.188,943.981,0.1167,0.0913,0.1200,0.6353,0.0366,0.189,0.761
4501,4500710,Neutral,good,1337.6,3.7,0.0,1011.753,1058.458,1196.216,2703.638,2360.939,0.1214,0.1271,0.1436,0.3245,0.2834,0.442,0.885
4502,4501710,Neutral,good,1338.4,3.7,0.0,745.663,13305.388,15891.359,22564.438,3087.126,0.0134,0.2393,0.2858,0.4059,0.0555,0.704,0.837
4503,4502710,Neutral,good,1337.9,3.2,0.0,16517.729,4869.347,4515.373,10402.906,1840.649,0.4330,0.1277,0.1184,0.2727,0.0483,0.434,1.078
4504,4503710,Neutral,good,1337.8,3.4,0.0,4449.568,1884.835,1342.812,2664.003,1136.078,0.3877,0.1642,0.1170,0.2321,0.0990,0.504,1.404
4505,4504709,Neutral,good,1338.5,3.3,0.0,2693.617,1052.324,1598.059,6215.356,3660.975,0.1770,0.0691,0.1050,0.4084,0.2405,0.257,0.659
4506,4505709,Neutral,good,1338.8,3.0,0.0,4439.579,4316.917,3834.190,3285.851,1203.840,0.2599,0.2527,0.2245,0.1924,0.0705,1.167,1.126
4507,4506709,Neutral,good,1338.1,3.3,0.0,18123.562,19866.494,5987.319,2926.262,1366.736,0.3755,0.4116,0.1240,0.0606,0.0283,2.046,3.318
4508,4507709,Neutral,good,1337.7,3.0,0.0,1979.620,1029.455,1948.534,4327.326,1493.082,0.1837,0.0955,0.1808,0.4015,0.1385,0.450,0.528
4509,4508709,Neutral,good,1337.3,3.2,0.0,1945.053,1440.922,1173.156,5170.994,988.545,0.1815,0.1344,0.1094,0.4824,0.0922,0.227,1.228
4510,4509709,Neutral,good,1338.2,3.2,0.0,1693.256,9355.511,9741.482,2162.292,673.034,0.0717,0.3960,0.4123,0.0915,0.0285,4.505,0.960
4511,4510709,Neutral,good,1337.8,3.6,0.0,743.381,2143.201,2834.246,3280.460,1986.780,0.0677,0.1950,0.2579,0.2985,0.1808,0.864,0.756
4512,4511709,Neutral,good,1338.2,3.6,0.0,1195.691,1304.610,924.685,2436.623,904.022,0.1767,0.1928,0.1367,0.3601,0.1336,0.379,1.411
4513,4512709,Neutral,good,1337.8,3.1,0.0,1981.562,9880.590,7599.249,904.427,525.965,0.0948,0.4729,0.3637,0.0433,0.0252,8.402,1.300
4514,4513709,Neutral,good,1337.1,3.9,0.0,6666.229,15625.191,14696.710,8881.773,1705.763,0.1401,0.3284,0.3089,0.1867,0.0359,1.655,1.063
4515,4514709,Neutral,good,1338.3,3.0,0.0,2199.971,1975.372,492.736,4614.632,963.722,0.2147,0.1928,0.0481,0.4504,0.0941,0.107,4.009
4516,4515709,Neutral,good,1336.7,2.9,0.0,11260.713,4549.769,2713.928,3604.586,2030.825,0.4661,0.1883,0.1123,0.1492,0.0841,0.753,1.676
4517,4516709,Neutral,good,1337.8,3.3,0.0,7183.380,3019.912,3543.634,8577.448,4279.394,0.2700,0.1135,0.1332,0.3224,0.1609,0.413,0.852
4518,4517709,Neutral,good,1337.7,3.5,0.0,2815.413,2993.630,4345.783,6665.311,3196.110,0.1407,0.1496,0.2171,0.3330,0.1597,0.652,0.689
4519,4518709,Neutral,good,1337.8,3.2,0.0,1890.612,5871.192,7978.269,4504.634,3056.210,0.0811,0.2520,0.3424,0.1933,0.1312,1.771,0.736
4520,4519709,Neutral,good,1338.8,3.7,0.0,13243.665,3944.614,5045.370,6763.487,949.028,0.4422,0.1317,0.1685,0.2259,0.0317,0.746,0.782
4521,4520708,Neutral,good,1337.5,3.1,0.0,814.791,1934.769,2214.442,1332.876,496.515,0.1199,0.2848,0.3260,0.1962,0.0731,1.661,0.874
4522,4521708,Neutral,good,1337.8,3.8,0.0,5177.120,3354.825,4269.105,1982.431,2434.843,0.3007,0.1948,0.2479,0.1151,0.1414,2.153,0.786
4523,4522708,Neutral,good,1338.2,2.9,0.0,2023.243,6676.661,4644.627,2388.171,933.348,0.1214,0.4006,0.2787,0.1433,0.0560,1.945,1.438
4524,4523708,Neutral,good,1338.2,3.6,0.0,6307.301,3916.630,1057.099,2760.820,861.134,0.4232,0.2628,0.0709,0.1853,0.0578,0.383,3.705
4525,4524708,Neutral,good,1337.9,3.0,0.0,1493.867,348.132,428.167,1626.568,540.329,0.3367,0.0785,0.0965,0.3666,0.1218,0.263,0.813
4526,4525708,Neutral,good,1336.7,3.5,0.0,8865.816,794.383,1039.443,4080.411,1975.687,0.5291,0.0474,0.0620,0.2435,0.1179,0.255,0.764
4527,4526708,Neutral,good,1336.7,3.3,0.0,3438.823,5481.532,862.522,12882.032,3875.106,0.1296,0.2065,0.0325,0.4854,0.1460,0.067,6.355
4528,4527708,Neutral,good,1335.8,3.7,0.0,33239.074,10390.225,7337.460,4640.735,5034.024,0.5481,0.1713,0.1210,0.0765,0.0830,1.581,1.416
4529,4528708,Neutral,good,1333.9,3.1,0.0,1118.979,491.895,2456.569,6885.289,1689.604,0.0885,0.0389,0.1943,0.5446,0.1336,0.357,0.200
4530,4529708,Neutral,good,1334.3,3.6,0.0,3003.156,1696.528,2200.776,3675.565,5704.323,0.1845,0.1042,0.1352,0.2258,0.3504,0.599,0.771
4531,4530708,Neutral,good,1334.8,3.8,0.0,4373.743,1449.085,1615.895,1874.287,1962.022,0.3879,0.1285,0.1433,0.1662,0.1740,0.862,0.897
4532,4531708,Neutral,good,1333.6,3.7,0.0,9448.054,12394.703,12494.346,3373.851,689.886,0.2460,0.3228,0.3254,0.0879,0.0180,3.703,0.992
4533,4532708,Neutral,good,1333.8,3.5,0.0,15289.623,2943.006,1086.297,4743.254,3146.489,0.5619,0.1082,0.0399,0.1743,0.1156,0.229,2.709
4534,4533708,Neutral,good,1336.2,3.6,0.0,7229.887,3740.788,1909.003,3912.361,3155.817,0.3624,0.1875,0.0957,0.1961,0.1582,0.488,1.960
4535,4534708,Neutral,good,1337.1,3.8,0.0,3523.525,4431.516,2239.144,1755.593,1639.735,0.2593,0.3261,0.1648,0.1292,0.1207,1.275,1.979
4536,4535707,Neutral,good,1336.9,3.0,0.0,2164.532,3236.365,2125.772,4991.542,3359.385,0.1363,0.2038,0.1339,0.3144,0.2116,0.426,1.522
4537,4536707,Neutral,good,1337.9,3.1,0.0,6944.213,4924.140,326.930,2649.047,683.950,0.4472,0.3171,0.0211,0.1706,0.0440,0.123,15.062
4538,4537707,Neutral,good,1337.2,3.8,0.0,359.613,1937.248,4981.850,6538.404,1655.594,0.0232,0.1252,0.3220,0.4226,0.1070,0.762,0.389
4539,4538707,Neutral,good,1337.2,3.5,0.0,712.617,5366.182,6821.724,7560.314,2077.472,0.0316,0.2381,0.3027,0.3354,0.0922,0.902,0.787
4540,4539707,Neutral,good,1337.0,3.8,0.0,1201.655,908.065,3214.479,8153.877,1700.536,0.0792,0.0598,0.2118,0.5372,0.1120,0.394,0.282
4541,4540707,Neutral,good,1338.3,3.2,0.0,4987.778,2165.833,922.924,5865.420,3383.514,0.2879,0.1250,0.0533,0.3385,0.1953,0.157,2.347
4542,4541707,Neutral,good,1336.6,4.0,0.0,6556.124,2083.892,3080.138,14715.491,2689.324,0.2251,0.0716,0.1058,0.5053,0.0923,0.209,0.677
4543,4542707,Neutral,good,1337.0,3.7,0.0,3883.469,13829.507,5374.370,4621.324,5456.958,0.1171,0.4170,0.1620,0.1393,0.1645,1.163,2.573
4544,4543707,Neutral,good,1334.2,3.4,0.0,7514.628,1088.363,451.914,1891.879,1847.329,0.5874,0.0851,0.0353,0.1479,0.1444,0.239,2.408
4545,4544707,Neutral,good,1334.5,3.9,0.0,16677.438,524.685,5669.251,5711.221,823.942,0.5671,0.0178,0.1928,0.1942,0.0280,0.993,0.093
4546,4545707,Neutral,good,1334.6,3.5,0.0,12028.414,4286.723,5581.880,5194.310,1211.936,0.4250,0.1515,0.1972,0.1835,0.0428,1.075,0.768
4547,4546707,Neutral,good,1336.8,4.2,0.0,21851.971,12547.783,2829.519,7201.215,5361.417,0.4389,0.2520,0.0568,0.1446,0.1077,0.393,4.435
4548,4547707,Neutral,good,1336.5,3.6,0.0,530.213,1656.322,12831.306,4084.734,5627.262,0.0214,0.0670,0.5189,0.1652,0.2275,3.141,0.129
4549,4548707,Neutral,good,1336.7,3.5,0.0,2731.837,1591.916,1650.341,6148.272,4851.095,0.1609,0.0938,0.0972,0.3622,0.2858,0.268,0.965
4550,4549707,Neutral,good,1336.3,3.4,0.0,1266.907,2641.732,588.977,3351.980,2344.693,0.1243,0.2591,0.0578,0.3288,0.2300,0.176,4.485
4551,4550706,Neutral,good,1337.1,3.2,0.0,2125.569,2044.260,380.258,2708.685,2264.953,0.2232,0.2146,0.0399,0.2844,0.2378,0.140,5.376
4552,4551706,Neutral,good,1336.4,4.1,0.0,6600.706,3840.378,3427.170,9530.358,2599.570,0.2539,0.1477,0.1318,0.3666,0.1000,0.360,1.121
4553,4552706,Neutral,good,1336.1,3.2,0.0,9694.274,2360.949,1654.670,2880.810,407.446,0.5703,0.1389,0.0973,0.1695,0.0240,0.574,1.427
4554,4553706,Neutral,good,1337.5,3.0,0.0,4424.350,5774.286,3590.270,10973.547,3811.394,0.1548,0.2021,0.1256,0.3840,0.1334,0.327,1.608
4555,4554706,Neutral,good,1337.5,3.7,0.0,2502.849,1135.388,1556.256,13820.405,3667.863,0.1103,0.0501,0.0686,0.6093,0.1617,0.113,0.730
4556,4555706,Neutral,good,1337.8,3.4,0.0,10435.543,6862.866,3197.690,4471.015,2508.496,0.3798,0.2498,0.1164,0.1627,0.0913,0.715,2.146
4557,4556706,Neutral,good,1337.5,2.9,0.0,1168.387,2368.222,2292.377,2952.121,1962.087,0.1088,0.2204,0.2134,0.2748,0.1826,0.777,1.033
4558,4557706,Neutral,good,1337.5,3.2,0.0,2639.428,462.176,709.203,10497.830,2712.510,0.1551,0.0272,0.0417,0.6168,0.1594,0.068,0.652
4559,4558706,Neutral,good,1337.5,3.1,0.0,3496.715,1213.546,724.785,2365.457,3000.196,0.3237,0.1124,0.0671,0.2190,0.2778,0.306,1.674
4560,4559706,Neutral,good,1338.0,3.5,0.0,1653.852,1362.959,1928.313,3951.054,1823.546,0.1543,0.1271,0.1799,0.3686,0.1701,0.488,0.707
4561,4560706,Neutral,good,1336.5,4.0,0.0,30190.332,27340.119,5371.387,9754.984,5716.349,0.3852,0.3488,0.0685,0.1245,0.0729,0.551,5.090
4562,4561706,Neutral,good,1337.4,3.0,0.0,9096.383,2970.552,836.255,4953.702,3677.414,0.4224,0.1379,0.0388,0.2300,0.1708,0.169,3.552
4563,4562706,Neutral,good,1337.4,3.2,0.0,2488.814,5121.372,7114.694,4995.522,1118.088,0.1194,0.2458,0.3414,0.2397,0.0537,1.424,0.720
4564,4563706,Neutral,good,1337.8,3.8,0.0,2006.438,5246.105,3590.855,4453.829,5126.253,0.0982,0.2569,0.1758,0.2181,0.2510,0.806,1.461
4565,4564706,Neutral,good,1337.4,3.2,0.0,1287.436,1620.664,3023.491,5293.624,2642.417,0.0928,0.1169,0.2180,0.3817,0.1905,0.571,0.536
4566,4565705,Neutral,good,1336.5,3.0,0.0,296.747,1124.685,1555.980,6046.970,2386.646,0.0260,0.0986,0.1364,0.5299,0.2092,0.257,0.723
4567,4566705,Neutral,good,1338.3,3.1,0.0,632.380,1776.128,1277.086,3232.979,265.904,0.0880,0.2472,0.1778,0.4500,0.0370,0.395,1.391
4568,4567705,Neutral,good,1338.2,3.0,0.0,2784.675,3804.294,4679.857,5672.443,2226.189,0.1453,0.1985,0.2442,0.2959,0.1161,0.825,0.813
4569,4568705,Neutral,good,1338.0,3.3,0.0,2613.052,532.158,2486.634,9437.959,1429.016,0.1584,0.0323,0.1507,0.5720,0.0866,0.263,0.214
4570,4569705,Neutral,good,1337.1,3.2,0.0,3119.935,2636.454,670.651,2928.544,1768.542,0.2805,0.2370,0.0603,0.2633,0.1590,0.229,3.931
4571,4570705,Neutral,good,1336.7,3.5,0.0,15115.567,4593.926,5271.196,6708.535,3460.542,0.4300,0.1307,0.1500,0.1909,0.0985,0.786,0.872
4572,4571705,Neutral,good,1337.5,3.2,0.0,1947.222,1248.364,3606.118,5781.922,2115.910,0.1325,0.0849,0.2453,0.3933,0.1439,0.624,0.346
4573,4572705,Neutral,good,1337.3,3.5,0.0,4304.861,4562.599,2525.530,2780.581,1011.362,0.2835,0.3005,0.1663,0.1831,0.0666,0.908,1.807
4574,4573705,Neutral,good,1337.5,3.5,0.0,8224.155,1213.769,340.111,9996.297,5180.948,0.3296,0.0486,0.0136,0.4006,0.2076,0.034,3.569
4575,4574705,Neutral,good,1337.4,3.8,0.0,1251.351,2356.351,4460.550,3043.432,687.988,0.1060,0.1997,0.3780,0.2579,0.0583,1.466,0.528
4576,4575705,Neutral,good,1338.2,2.9,0.0,7352.024,1484.067,1959.049,3003.080,646.084,0.5090,0.1027,0.1356,0.2079,0.0447,0.652,0.758
4577,4576705,Neutral,good,1338.4,3.8,0.0,9619.925,12589.980,6564.882,8059.360,6724.750,0.2208,0.2890,0.1507,0.1850,0.1544,0.815,1.918
4578,4577705,Neutral,good,1337.6,3.2,0.0,6897.437,2625.525,1671.563,4570.701,2235.847,0.3832,0.1459,0.0929,0.2539,0.1242,0.366,1.571
4579,4578705,Neutral,good,1337.7,3.9,0.0,2094.738,3637.955,1043.934,5767.646,9155.902,0.0965,0.1676,0.0481,0.2658,0.4219,0.181,3.485
4580,4579705,Neutral,good,1337.4,3.6,0.0,2757.457,2951.801,502.260,3482.225,2806.910,0.2206,0.2361,0.0402,0.2786,0.2245,0.144,5.877
4581,4580705,Neutral,good,1337.0,3.9,0.0,4284.110,8849.436,2962.958,1324.187,1865.300,0.2221,0.4589,0.1536,0.0687,0.0967,2.238,2.987
4582,4581704,Neutral,good,1337.6,3.6,0.0,3060.179,2136.190,879.062,3628.350,907.721,0.2884,0.2013,0.0828,0.3419,0.0855,0.242,2.430
4583,4582704,Neutral,good,1338.1,4.1,0.0,5891.228,9956.561,8256.011,4034.016,1741.607,0.1972,0.3332,0.2763,0.1350,0.0583,2.047,1.206
4584,4583704,Neutral,good,1337.2,3.6,0.0,4557.854,9847.318,10144.380,14111.418,5226.697,0.1039,0.2244,0.2311,0.3215,0.1191,0.719,0.971
4585,4584704,Neutral,good,1337.7,3.3,0.0,5341.242,7100.125,7152.113,14548.798,1626.516,0.1493,0.1985,0.2000,0.4067,0.0455,0.492,0.993
4586,4585704,Neutral,good,1337.7,3.4,0.0,3113.834,6214.757,4498.808,10936.333,4422.563,0.1067,0.2129,0.1541,0.3747,0.1515,0.411,1.381
4587,4586704,Neutral,good,1338.4,3.5,0.0,688.895,3246.930,2976.971,8316.162,2119.371,0.0397,0.1872,0.1716,0.4794,0.1222,0.358,1.091
4588,4587704,Neutral,good,1337.6,3.3,0.0,3865.608,1769.927,805.930,3636.492,577.342,0.3628,0.1661,0.0756,0.3413,0.0542,0.222,2.196
4589,4588704,Neutral,good,1337.9,2.7,0.0,3337.114,4467.896,1341.834,1364.417,2751.462,0.2516,0.3369,0.1012,0.1029,0.2075,0.983,3.330
4590,4589704,Neutral,good,1337.9,3.8,0.0,4166.368,5727.952,4995.419,3771.901,2876.994,0.1934,0.2659,0.2319,0.1751,0.1336,1.324,1.147
4591,4590704,Neutral,good,1337.6,2.7,0.0,1783.973,2770.597,1228.753,3332.400,335.902,0.1887,0.2931,0.1300,0.3526,0.0355,0.369,2.255
4592,4591704,Neutral,good,1336.9,3.5,0.0,666.438,332.340,949.367,1733.740,470.309,0.1605,0.0800,0.2286,0.4175,0.1133,0.548,0.350
4593,4592704,Neutral,good,1337.2,2.9,0.0,751.520,4725.446,3304.306,3650.330,1046.599,0.0558,0.3506,0.2452,0.2708,0.0777,0.905,1.430
4594,4593704,Neutral,good,1337.3,3.8,0.0,22346.543,15370.959,4710.657,5509.532,4947.629,0.4225,0.2906,0.0891,0.1042,0.0936,0.855,3.263
4595,4594704,Neutral,good,1338.4,4.1,0.0,3025.130,2057.186,286.314,1700.472,5109.600,0.2484,0.1689,0.0235,0.1396,0.4196,0.168,7.185
4596,4595704,Neutral,good,1337.8,3.5,0.0,2440.295,4847.352,6867.403,4370.556,2235.314,0.1175,0.2335,0.3308,0.2105,0.1077,1.571,0.706
4597,4596704,Neutral,good,1338.3,3.3,0.0,6804.415,4636.307,650.827,8414.805,2733.150,0.2928,0.1995,0.0280,0.3621,0.1176,0.077,7.124
4598,4597703,Neutral,good,1337.8,3.2,0.0,4865.778,969.906,1579.940,11993.486,829.201,0.2404,0.0479,0.0781,0.5926,0.0410,0.132,0.614
4599,4598703,Neutral,good,1337.9,3.2,0.0,766.169,5727.535,6453.877,1416.866,751.716,0.0507,0.3789,0.4270,0.0937,0.0497,4.555,0.887
4600,4599703,Neutral,good,1337.7,3.7,0.0,12500.151,3483.204,3980.168,3012.547,3672.237,0.4691,0.1307,0.1494,0.1130,0.1378,1.321,0.875
4601,4600703,Neutral,good,1338.2,3.0,0.0,1086.976,2481.649,1982.493,5361.505,1984.452,0.0843,0.1924,0.1537,0.4157,0.1539,0.370,1.252
4602,4601703,Neutral,good,1338.3,3.4,0.0,626.588,706.787,1159.284,1465.871,1004.584,0.1262,0.1424,0.2336,0.2954,0.2024,0.791,0.610
4603,4602703,Neutral,good,1338.2,3.3,0.0,4624.799,3000.406,2171.637,2786.557,1960.058,0.3180,0.2063,0.1493,0.1916,0.1348,0.779,1.382
4604,4603703,Neutral,good,1337.3,3.2,0.0,7812.250,6309.636,79.125,12272.313,4653.419,0.2510,0.2027,0.0025,0.3943,0.1495,0.006,79.743
4605,4604703,Neutral,good,1337.0,3.1,0.0,1798.192,3985.003,2808.147,13561.684,1206.301,0.0770,0.1706,0.1202,0.5806,0.0516,0.207,1.419
4606,4605703,Neutral,good,1336.8,3.1,0.0,9982.122,8541.960,4797.782,9238.599,1254.518,0.2952,0.2526,0.1419,0.2732,0.0371,0.519,1.780
4607,4606703,Neutral,good,1336.9,3.3,0.0,17748.797,605.052,539.789,4033.365,5124.135,0.6327,0.0216,0.0192,0.1438,0.1827,0.134,1.121
4608,4607703,Neutral,good,1337.4,4.0,0.0,1419.430,2036.483,1240.824,2366.550,6140.510,0.1075,0.1542,0.0940,0.1792,0.4651,0.524,1.641
4609,4608703,Neutral,good,1337.8,3.2,0.0,3070.750,6215.226,2605.621,5742.448,1601.016,0.1596,0.3231,0.1355,0.2985,0.0832,0.454,2.385
4610,4609703,Neutral,good,1337.0,3.3,0.0,3995.862,1430.349,1034.892,1643.531,5272.094,0.2987,0.1069,0.0774,0.1229,0.3941,0.630,1.382
4611,4610703,Neutral,good,1338.2,3.9,0.0,4610.946,3468.235,2190.604,3035.118,988.120,0.3226,0.2427,0.1533,0.2123,0.0691,0.722,1.583
4612,4611703,Neutral,good,1337.6,2.9,0.0,1108.439,727.554,2763.853,3325.541,1347.966,0.1195,0.0785,0.2980,0.3586,0.1454,0.831,0.263
4613,4612703,Neutral,good,1337.9,3.1,0.0,1560.048,749.558,2258.691,1717.581,1009.147,0.2139,0.1027,0.3096,0.2354,0.1383,1.315,0.332
4614,4613702,Neutral,good,1337.0,3.0,0.0,8115.370,862.561,1813.055,6363.159,1701.085,0.4304,0.0457,0.0962,0.3375,0.0902,0.285,0.476
4615,4614702,Neutral,good,1337.7,3.7,0.0,4073.978,3065.117,3616.415,4224.583,1042.973,0.2543,0.1913,0.2257,0.2637,0.0651,0.856,0.848
4616,4615702,Neutral,good,1337.5,3.0,0.0,4474.873,4989.188,1657.704,4440.181,431.270,0.2798,0.3120,0.1037,0.2776,0.0270,0.373,3.010
4617,4616702,Neutral,good,1337.5,2.6,0.0,842.158,2419.990,1100.063,3579.552,494.185,0.0998,0.2869,0.1304,0.4243,0.0586,0.307,2.200
4618,4617702,Neutral,good,1338.5,3.5,0.0,2972.419,4141.645,3342.600,20755.428,1473.517,0.0909,0.1267,0.1023,0.6350,0.0451,0.161,1.239
4619,4618702,Neutral,good,1338.6,3.0,0.0,559.245,1784.618,3320.750,2206.447,1468.372,0.0599,0.1911,0.3556,0.2363,0.1572,1.505,0.537
4620,4619702,Neutral,good,1339.1,3.7,0.0,5106.872,4438.476,1909.232,10391.805,7209.624,0.1758,0.1528,0.0657,0.3576,0.2481,0.184,2.325
4621,4620702,Neutral,good,1337.9,3.4,0.0,8290.486,4735.375,2770.016,4864.240,1134.020,0.3804,0.2173,0.1271,0.2232,0.0520,0.569,1.710
4622,4621702,Neutral,good,1338.5,3.1,0.0,3624.853,2120.977,4392.640,27922.053,1995.643,0.0905,0.0530,0.1097,0.6971,0.0498,0.157,0.483
4623,4622702,Neutral,good,1339.1,3.1,0.0,5441.981,11589.191,8338.794,2680.839,1228.552,0.1859,0.3958,0.2848,0.0916,0.0420,3.111,1.390
4624,4623702,Neutral,good,1338.7,3.1,0.0,2321.429,12200.841,7702.340,3724.613,1879.854,0.0834,0.4384,0.2768,0.1338,0.0676,2.068,1.584
4625,4624702,Neutral,good,1338.7,3.3,0.0,3774.641,4987.391,1664.082,6237.607,1198.543,0.2113,0.2792,0.0932,0.3492,0.0671,0.267,2.997
4626,4625702,Neutral,good,1339.1,3.9,0.0,9236.022,6118.540,7455.995,8173.421,4815.184,0.2580,0.1709,0.2083,0.2283,0.1345,0.912,0.821
4627,4626702,Neutral,good,1337.8,3.1,0.0,877.094,1153.205,1124.865,4179.877,1202.282,0.1027,0.1351,0.1318,0.4896,0.1408,0.269,1.025
4628,4627702,Neutral,good,1339.1,3.8,0.0,3264.229,2790.964,4316.513,4851.457,277.364,0.2106,0.1801,0.2785,0.3130,0.0179,0.890,0.647
4629,4628701,Neutral,good,1338.6,2.9,0.0,17963.863,5016.537,3026.638,2337.654,2602.243,0.5805,0.1621,0.0978,0.0755,0.0841,1.295,1.657
4630,4629701,Neutral,good,1339.2,3.6,0.0,1027.625,1163.188,5691.385,7557.655,2009.773,0.0589,0.0667,0.3262,0.4331,0.1152,0.753,0.204
4631,4630701,Neutral,good,1338.8,3.6,0.0,594.112,158.971,659.412,4277.377,1898.189,0.0783,0.0210,0.0869,0.5637,0.2502,0.154,0.241
4632,4631701,Neutral,good,1339.0,3.1,0.0,2422.395,2748.667,763.574,2449.715,1189.158,0.2530,0.2871,0.0798,0.2559,0.1242,0.312,3.600
4633,4632701,Neutral,good,1338.7,3.7,0.0,12424.671,11725.383,829.872,2063.272,1673.702,0.4327,0.4083,0.0289,0.0718,0.0583,0.402,14.129
4634,4633701,Neutral,good,1339.1,3.2,0.0,3555.134,6492.359,8693.700,6926.021,3334.209,0.1226,0.2239,0.2998,0.2388,0.1150,1.255,0.747
4635,4634701,Neutral,good,1338.7,2.8,0.0,1485.151,3249.664,1721.476,1613.514,884.609,0.1659,0.3629,0.1922,0.1802,0.0988,1.067,1.888
4636,4635701,Neutral,good,1337.8,3.6,0.0,6241.125,19434.297,23017.008,22717.684,2360.531,0.0846,0.2634,0.3120,0.3080,0.0320,1.013,0.844
4637,4636701,Neutral,good,1338.8,2.9,0.0,3420.446,2277.697,2272.678,3136.748,7410.422,0.1847,0.1230,0.1227,0.1694,0.4002,0.725,1.002
4638,4637701,Neutral,good,1339.6,3.8,0.0,6896.221,9176.368,3560.674,4385.794,4758.862,0.2396,0.3189,0.1237,0.1524,0.1654,0.812,2.577
4639,4638701,Neutral,good,1339.4,3.0,0.0,2557.258,3287.237,1993.617,1445.632,691.260,0.2564,0.3295,0.1999,0.1449,0.0693,1.379,1.649
4640,4639701,Neutral,good,1339.7,3.8,0.0,1370.585,1984.006,4233.753,4277.340,1186.532,0.1050,0.1520,0.3244,0.3277,0.0909,0.990,0.469
4641,4640701,Neutral,good,1338.4,2.9,0.0,7355.404,1451.278,1339.559,3257.211,3384.679,0.4381,0.0864,0.0798,0.1940,0.2016,0.411,1.083
4642,4641701,Neutral,good,1338.0,3.0,0.0,3255.406,1460.700,3786.965,3338.781,708.878,0.2594,0.1164,0.3017,0.2660,0.0565,1.134,0.386
4643,4642701,Neutral,good,1337.7,3.0,0.0,876.870,4538.681,3409.463,5727.230,2598.627,0.0511,0.2646,0.1988,0.3339,0.1515,0.595,1.331
4644,4643701,Neutral,good,1338.6,3.4,0.0,6289.702,4425.961,647.581,1870.688,1136.321,0.4377,0.3080,0.0451,0.1302,0.0791,0.346,6.835
4645,4644700,Neutral,good,1339.5,3.0,0.0,1253.188,192.639,880.360,5039.645,641.036,0.1565,0.0241,0.1100,0.6294,0.0801,0.175,0.219
4646,4645700,Neutral,good,1339.6,3.2,0.0,7882.899,888.019,1249.802,1531.122,1831.238,0.5890,0.0664,0.0934,0.1144,0.1368,0.816,0.711
4647,4646700,Neutral,good,1339.4,3.1,0.0,6908.116,6613.158,2541.918,4079.230,2082.361,0.3108,0.2976,0.1144,0.1835,0.0937,0.623,2.602
4648,4647700,Neutral,good,1339.8,2.9,0.0,378.649,1939.762,2108.511,4092.018,1971.187,0.0361,0.1849,0.2010,0.3901,0.1879,0.515,0.920
4649,4648700,Neutral,good,1338.7,2.9,0.0,1201.984,3196.083,2835.990,1216.195,2198.883,0.1129,0.3001,0.2663,0.1142,0.2065,2.332,1.127
4650,4649700,Neutral,good,1338.7,2.8,0.0,5611.911,749.541,281.820,4207.113,1364.268,0.4594,0.0614,0.0231,0.3444,0.1117,0.067,2.660
4651,4650700,Neutral,good,1338.4,2.9,0.0,6368.342,2841.836,1243.734,1918.742,811.702,0.4830,0.2155,0.0943,0.1455,0.0616,0.648,2.285
4652,4651700,Neutral,good,1338.9,3.6,0.0,3910.710,4923.938,5030.908,9458.108,2048.867,0.1541,0.1941,0.1983,0.3728,0.0808,0.532,0.979
4653,4652700,Neutral,good,1339.4,3.1,0.0,5416.706,532.722,817.924,2869.876,2954.156,0.4302,0.0423,0.0650,0.2279,0.2346,0.285,0.651
4654,4653700,Neutral,good,1339.4,2.7,0.0,1995.409,2277.949,2132.653,3607.107,1323.512,0.1760,0.2009,0.1881,0.3182,0.1167,0.591,1.068
4655,4654700,Neutral,good,1339.0,3.5,0.0,11497.100,6280.934,4118.045,3152.659,682.667,0.4468,0.2441,0.1600,0.1225,0.0265,1.306,1.525
4656,4655700,Neutral,good,1338.6,2.9,0.0,1451.847,2513.620,1286.382,8065.000,1198.584,0.1000,0.1732,0.0886,0.5556,0.0826,0.160,1.954
4657,4656700,Neutral,good,1338.3,2.7,0.0,4009.546,2260.338,464.340,1746.991,1502.632,0.4016,0.2264,0.0465,0.1750,0.1505,0.266,4.868
4658,4657700,Neutral,good,1338.9,2.5,0.0,6569.163,1718.718,1167.172,2065.499,549.858,0.5442,0.1424,0.0967,0.1711,0.0456,0.565,1.473
4659,4658699,Neutral,good,1338.9,3.2,0.0,1579.922,1905.777,2713.279,1574.652,2324.772,0.1565,0.1887,0.2687,0.1559,0.2302,1.723,0.702
4660,4659699,Neutral,good,1339.0,2.9,0.0,3506.961,5099.375,2763.039,5826.252,812.488,0.1947,0.2832,0.1534,0.3235,0.0451,0.474,1.846
4661,4660699,Neutral,good,1339.5,3.7,0.0,9920.960,8771.102,2238.536,3001.502,1868.265,0.3845,0.3400,0.0868,0.1163,0.0724,0.746,3.918
4662,4661699,Neutral,good,1338.4,3.3,0.0,5094.147,11796.356,8865.049,6635.986,934.251,0.1529,0.3540,0.2660,0.1991,0.0280,1.336,1.331
4663,4662699,Neutral,good,1338.2,3.2,0.0,4196.942,5082.180,695.379,1996.581,864.671,0.3270,0.3959,0.0542,0.1555,0.0674,0.348,7.309
4664,4663699,Neutral,good,1338.8,3.2,0.0,955.587,4730.071,4238.985,3212.484,774.442,0.0687,0.3400,0.3047,0.2309,0.0557,1.320,1.116
4665,4664699,Neutral,good,1338.9,3.5,0.0,1450.632,831.031,2837.149,3280.653,1647.438,0.1444,0.0827,0.2824,0.3265,0.1640,0.865,0.293
4666,4665699,Neutral,good,1337.8,3.5,0.0,1214.868,1306.844,2907.968,16133.459,663.284,0.0547,0.0588,0.1308,0.7259,0.0298,0.180,0.449
4667,4666699,Neutral,good,1338.4,3.0,0.0,3854.304,1346.557,1000.458,5353.084,738.016,0.3136,0.1095,0.0814,0.4355,0.0600,0.187,1.346
4668,4667699,Neutral,good,1338.8,2.8,0.0,10642.100,1630.888,2125.142,4259.474,1088.881,0.5389,0.0826,0.1076,0.2157,0.0551,0.499,0.767
4669,4668699,Neutral,good,1338.9,2.6,0.0,1706.507,2885.496,3116.684,1886.839,1252.333,0.1573,0.2660,0.2873,0.1739,0.1154,1.652,0.926
4670,4669699,Neutral,good,1338.9,3.2,0.0,1636.985,2428.814,1738.580,2818.510,6185.558,0.1105,0.1640,0.1174,0.1903,0.4177,0.617,1.397
4671,4670699,Neutral,good,1338.8,3.0,0.0,376.400,307.766,480.941,6427.160,1836.622,0.0399,0.0326,0.0510,0.6816,0.1948,0.075,0.640
4672,4671699,Neutral,good,1339.4,2.5,0.0,4608.803,3088.654,933.643,2422.006,324.630,0.4051,0.2715,0.0821,0.2129,0.0285,0.385,3.308
4673,4672699,Neutral,good,1339.9,3.6,0.0,1860.686,3817.186,1571.484,3526.197,2572.022,0.1394,0.2860,0.1177,0.2642,0.1927,0.446,2.429
4674,4673699,Neutral,good,1340.1,2.7,0.0,2325.631,2245.302,3627.041,2466.492,1074.491,0.1981,0.1913,0.3090,0.2101,0.0915,1.471,0.619
4675,4674699,Neutral,good,1340.8,3.0,0.0,4160.663,5941.819,7094.208,2998.436,828.631,0.1979,0.2826,0.3374,0.1426,0.0394,2.366,0.838
4676,4675699,Neutral,good,1339.7,3.6,0.0,5507.388,200.174,3876.946,11381.124,1702.735,0.2430,0.0088,0.1710,0.5021,0.0751,0.341,0.052
4677,4676698,Neutral,good,1339.2,3.6,0.0,3262.030,10753.847,10059.888,1849.595,1498.433,0.1189,0.3921,0.3668,0.0674,0.0546,5.439,1.069
4678,4677698,Neutral,good,1340.6,3.1,0.0,603.793,992.355,1899.410,2970.724,2541.985,0.0670,0.1102,0.2109,0.3298,0.2822,0.639,0.522
4679,4678698,Neutral,good,1340.3,3.8,0.0,3340.380,3835.965,1872.081,1967.816,735.583,0.2842,0.3264,0.1593,0.1674,0.0626,0.951,2.049
4680,4679698,Neutral,good,1340.7,3.7,0.0,3037.605,8113.513,6410.352,9810.589,2380.552,0.1021,0.2727,0.2155,0.3297,0.0800,0.653,1.266
4681,4680698,Neutral,good,1338.8,3.6,0.0,7331.516,2402.902,1969.748,3242.334,3083.986,0.4066,0.1333,0.1092,0.1798,0.1710,0.608,1.220
4682,4681698,Neutral,good,1339.9,3.5,0.0,5254.745,1241.702,1428.314,4038.128,1193.363,0.3994,0.0944,0.1086,0.3069,0.0907,0.354,0.869
4683,4682698,Neutral,good,1339.2,3.5,0.0,4643.103,2586.757,3536.876,5090.336,1044.995,0.2747,0.1530,0.2093,0.3012,0.0618,0.695,0.731
4684,4683698,Neutral,good,1339.1,3.1,0.0,3360.587,12994.139,9343.271,4797.416,3079.740,0.1001,0.3870,0.2783,0.1429,0.0917,1.948,1.391
4685,4684698,Neutral,good,1338.8,3.3,0.0,4563.535,2697.300,1839.397,3873.914,1252.578,0.3208,0.1896,0.1293,0.2723,0.0880,0.475,1.466
4686,4685698,Neutral,good,1340.2,4.0,0.0,10177.533,7901.409,5321.839,7327.972,5886.571,0.2780,0.2158,0.1453,0.2001,0.1608,0.726,1.485
4687,4686698,Neutral,good,1338.8,3.4,0.0,1108.925,2120.373,2190.337,1436.913,1140.252,0.1387,0.2652,0.2739,0.1797,0.1426,1.524,0.968
4688,4687698,Neutral,good,1339.1,3.3,0.0,1570.427,1624.868,3721.623,5506.417,1897.095,0.1097,0.1135,0.2599,0.3845,0.1325,0.676,0.437
4689,4688698,Neutral,good,1339.2,2.5,0.0,1163.019,2288.534,2110.961,981.795,540.395,0.1642,0.3230,0.2980,0.1386,0.0763,2.150,1.084
4690,4689698,Neutral,good,1338.8,3.2,0.0,674.929,1184.466,1164.553,3331.582,838.250,0.0938,0.1647,0.1619,0.4631,0.1165,0.350,1.017
4691,4690698,Neutral,good,1338.6,2.9,0.0,1865.360,1426.393,1165.032,1435.663,1839.320,0.2413,0.1845,0.1507,0.1857,0.2379,0.811,1.224
4692,4691698,Neutral,good,1338.0,3.2,0.0,746.335,1259.255,795.121,3979.239,2844.325,0.0775,0.1308,0.0826,0.4135,0.2955,0.200,1.584
4693,4692697,Neutral,good,1338.7,3.2,0.0,4652.862,4402.962,13346.284,9482.185,2367.488,0.1358,0.1285,0.3897,0.2768,0.0691,1.408,0.330
4694,4693697,Neutral,good,1337.8,3.1,0.0,6058.988,6757.587,1079.719,2160.179,1853.703,0.3383,0.3773,0.0603,0.1206,0.1035,0.500,6.259
4695,4694697,Neutral,good,1338.6,3.9,0.0,1638.824,1091.646,4742.030,2577.510,1469.973,0.1423,0.0948,0.4116,0.2237,0.1276,1.840,0.230
4696,4695697,Neutral,good,1339.0,2.9,0.0,3649.037,5240.781,2631.666,1240.636,299.063,0.2794,0.4012,0.2015,0.0950,0.0229,2.121,1.991
4697,4696697,Neutral,good,1338.7,3.0,0.0,1076.449,1960.192,1925.832,5747.794,1167.300,0.0906,0.1650,0.1621,0.4839,0.0983,0.335,1.018
4698,4697697,Neutral,good,1338.4,2.9,0.0,1639.853,3152.358,2321.103,1511.431,2609.760,0.1460,0.2806,0.2066,0.1345,0.2323,1.536,1.358
4699,4698697,Neutral,good,1338.9,3.0,0.0,561.146,3415.938,2179.410,2258.809,96.653,0.0659,0.4013,0.2560,0.2654,0.0114,0.965,1.567
4700,4699697,Neutral,good,1339.5,3.7,0.0,4135.920,9242.851,11412.592,15406.103,4349.933,0.0928,0.2075,0.2562,0.3458,0.0976,0.741,0.810
4701,4700697,Neutral,good,1339.0,3.4,0.0,6976.225,17415.486,4201.329,7109.887,2938.418,0.1805,0.4507,0.1087,0.1840,0.0760,0.591,4.145
4702,4701697,Neutral,good,1338.6,2.8,0.0,2438.069,1856.783,2128.740,2076.524,965.457,0.2576,0.1962,0.2249,0.2194,0.1020,1.025,0.872
4703,4702697,Neutral,good,1338.8,3.6,0.0,8013.686,8277.736,4602.872,2745.372,582.736,0.3308,0.3417,0.1900,0.1133,0.0241,1.677,1.798
4704,4703697,Neutral,good,1338.6,3.2,0.0,1915.364,2814.221,2797.229,1227.052,3203.231,0.1602,0.2354,0.2339,0.1026,0.2679,2.280,1.006
4705,4704697,Neutral,good,1338.2,3.5,0.0,918.834,5866.904,3584.825,3463.730,3312.069,0.0536,0.3422,0.2091,0.2020,0.1932,1.035,1.637
4706,4705697,Neutral,good,1338.0,3.4,0.0,12050.089,5664.187,2794.349,8342.080,2476.993,0.3846,0.1808,0.0892,0.2663,0.0791,0.335,2.027
4707,4706696,Neutral,good,1338.1,2.6,0.0,3084.030,1126.931,4822.230,8778.461,506.442,0.1684,0.0615,0.2632,0.4792,0.0276,0.549,0.234
4708,4707696,Neutral,good,1338.0,3.5,0.0,4189.255,880.922,1479.727,6223.476,1565.162,0.2922,0.0614,0.1032,0.4340,0.1092,0.238,0.595
4709,4708696,Neutral,good,1339.0,2.8,0.0,2293.303,4006.244,4482.975,3292.523,1208.554,0.1500,0.2621,0.2933,0.2154,0.0791,1.362,0.894
4710,4709696,Neutral,good,1338.9,2.6,0.0,6523.598,15153.777,12348.296,5314.875,792.262,0.1626,0.3776,0.3077,0.1324,0.0197,2.323,1.227
4711,4710696,Neutral,good,1338.8,3.6,0.0,9907.151,3549.594,1266.060,5003.198,905.768,0.4802,0.1720,0.0614,0.2425,0.0439,0.253,2.804
4712,4711696,Neutral,good,1339.1,3.1,0.0,404.214,1739.349,2296.142,2785.223,2136.166,0.0432,0.1858,0.2453,0.2975,0.2282,0.824,0.758
4713,4712696,Neutral,good,1339.1,4.0,0.0,19356.178,3229.050,3389.189,12199.288,2321.791,0.4780,0.0797,0.0837,0.3013,0.0573,0.278,0.953
4714,4713696,Neutral,good,1338.7,3.0,0.0,2024.490,1422.529,2797.988,4782.825,2450.279,0.1502,0.1055,0.2076,0.3549,0.1818,0.585,0.508
4715,4714696,Neutral,good,1338.2,2.9,0.0,1335.992,5809.737,6095.916,3396.243,1660.788,0.0730,0.3175,0.3331,0.1856,0.0908,1.795,0.953
4716,4715696,Neutral,good,1338.4,2.8,0.0,2978.689,2138.675,2337.556,3154.960,1823.992,0.2396,0.1720,0.1880,0.2537,0.1467,0.741,0.915
4717,4716696,Neutral,good,1338.7,3.2,0.0,1292.800,1717.857,4255.172,4397.861,4651.877,0.0792,0.1053,0.2608,0.2695,0.2851,0.968,0.404
4718,4717696,Neutral,good,1339.1,3.6,0.0,1176.709,2310.605,2581.604,3953.107,758.786,0.1091,0.2143,0.2395,0.3667,0.0704,0.653,0.895
4719,4718696,Neutral,good,1339.7,3.3,0.0,10317.021,13974.054,5980.085,3851.011,1758.155,0.2875,0.3895,0.1667,0.1073,0.0490,1.553,2.337
4720,4719696,Neutral,good,1338.5,3.1,0.0,6788.605,7632.627,6688.994,3253.846,1450.337,0.2630,0.2957,0.2591,0.1260,0.0562,2.056,1.141
4721,4720696,Neutral,good,1339.1,2.7,0.0,747.287,2572.592,3575.653,4699.898,3430.799,0.0497,0.1712,0.2380,0.3128,0.2283,0.761,0.719
4722,4721696,Neutral,good,1339.2,3.3,0.0,6389.154,9445.306,5405.963,8266.353,3674.661,0.1926,0.2847,0.1629,0.2491,0.1107,0.654,1.747
4723,4722696,Neutral,good,1338.3,3.5,0.0,1654.911,2408.743,3734.066,3082.902,531.586,0.1450,0.2111,0.3272,0.2701,0.0466,1.211,0.645
4724,4723695,Neutral,good,1338.1,3.7,0.0,2576.080,4195.313,1684.688,9370.243,1317.519,0.1346,0.2191,0.0880,0.4895,0.0688,0.180,2.490
4725,4724695,Neutral,good,1339.6,3.5,0.0,3631.802,9734.295,6821.517,1185.735,3785.609,0.1444,0.3869,0.2711,0.0471,0.1505,5.753,1.427
4726,4725695,Neutral,good,1339.0,3.3,0.0,5789.853,4934.998,1820.582,2906.816,2904.932,0.3154,0.2688,0.0992,0.1583,0.1582,0.626,2.711
4727,4726695,Neutral,good,1338.2,3.1,0.0,4233.464,3853.589,3494.979,3097.499,1542.198,0.2610,0.2376,0.2155,0.1909,0.0951,1.128,1.103
4728,4727695,Neutral,good,1338.5,3.2,0.0,6826.778,5532.443,4936.439,5482.087,4334.731,0.2518,0.2041,0.1821,0.2022,0.1599,0.900,1.121
4729,4728695,Neutral,good,1338.1,2.8,0.0,5790.257,2473.722,2856.389,4000.378,1658.689,0.3451,0.1474,0.1702,0.2384,0.0989,0.714,0.866
4730,4729695,Neutral,good,1338.6,2.8,0.0,1940.377,580.260,841.663,7309.634,2030.502,0.1528,0.0457,0.0663,0.5755,0.1599,0.115,0.689
4731,4730695,Neutral,good,1339.2,3.8,0.0,4471.649,8060.761,7778.951,12234.008,2993.070,0.1258,0.2268,0.2189,0.3442,0.0842,0.636,1.036
4732,4731695,Neutral,good,1338.2,3.3,0.0,911.525,5307.070,5375.688,1320.887,766.834,0.0666,0.3879,0.3929,0.0965,0.0560,4.070,0.987
4733,4732695,Neutral,good,1337.3,3.8,0.0,2526.060,11027.767,3943.993,5441.740,520.881,0.1077,0.4701,0.1681,0.2320,0.0222,0.725,2.796
4734,4733695,Neutral,good,1338.1,3.1,0.0,7384.465,1606.384,1530.352,2935.921,977.298,0.5116,0.1113,0.1060,0.2034,0.0677,0.521,1.050
4735,4734695,Neutral,good,1338.1,3.4,0.0,1308.500,1767.254,1518.964,1208.812,1879.328,0.1703,0.2300,0.1977,0.1573,0.2446,1.257,1.163
4736,4735695,Neutral,good,1337.4,2.8,0.0,1837.415,2534.482,1403.923,2483.825,594.696,0.2075,0.2862,0.1586,0.2805,0.0672,0.565,1.805
4737,4736695,Neutral,good,1337.2,3.0,0.0,4444.274,2181.730,1391.243,4186.857,1455.097,0.3254,0.1597,0.1019,0.3065,0.1065,0.332,1.568
4738,4737694,Neutral,good,1337.2,3.1,0.0,2572.399,3360.874,3006.874,14140.299,1202.315,0.1059,0.1384,0.1238,0.5823,0.0495,0.213,1.118
4739,4738695,Neutral,good,1338.5,3.9,0.0,17413.000,20671.707,14123.498,9091.295,868.170,0.2801,0.3325,0.2272,0.1462,0.0140,1.554,1.464
4740,4739694,Neutral,good,1337.5,3.3,0.0,8633.050,2572.688,2282.748,2055.022,1764.070,0.4988,0.1486,0.1319,0.1187,0.1019,1.111,1.127
4741,4740694,Neutral,good,1337.2,3.3,0.0,1186.102,10232.059,11597.623,10436.039,6712.207,0.0295,0.2548,0.2888,0.2598,0.1671,1.111,0.882
4742,4741694,Neutral,good,1338.3,3.3,0.0,16272.542,1205.596,1686.861,6383.335,3449.285,0.5612,0.0416,0.0582,0.2201,0.1190,0.264,0.715
4743,4742694,Neutral,good,1338.8,3.2,0.0,2825.117,2569.794,4093.937,6933.873,1852.802,0.1546,0.1406,0.2240,0.3794,0.1014,0.590,0.628
4744,4743694,Neutral,good,1338.4,3.1,0.0,8525.781,4069.173,2515.597,1694.114,874.044,0.4823,0.2302,0.1423,0.0958,0.0494,1.485,1.618
4745,4744694,Neutral,good,1338.4,3.8,0.0,6199.654,1270.435,1795.604,5443.611,1207.986,0.3895,0.0798,0.1128,0.3420,0.0759,0.330,0.708
4746,4745694,Neutral,good,1338.8,2.6,0.0,1291.628,1458.677,58.581,1494.072,1446.440,0.2247,0.2537,0.0102,0.2599,0.2516,0.039,24.900
4747,4746694,Neutral,good,1338.5,3.2,0.0,4008.174,884.856,2111.078,5007.292,745.734,0.3142,0.0694,0.1655,0.3925,0.0585,0.422,0.419
4748,4747694,Neutral,good,1338.7,3.3,0.0,3268.364,6507.961,3925.100,1614.757,807.242,0.2027,0.4036,0.2434,0.1001,0.0501,2.431,1.658
4749,4748694,Neutral,good,1338.5,2.9,0.0,2287.683,2780.143,1352.778,2859.887,595.782,0.2316,0.2815,0.1370,0.2896,0.0603,0.473,2.055
4750,4749694,Neutral,good,1338.6,3.2,0.0,7050.917,6586.061,2810.968,1886.096,5246.376,0.2990,0.2793,0.1192,0.0800,0.2225,1.490,2.343
4751,4750694,Neutral,good,1338.3,3.1,0.0,1269.744,1400.131,2797.918,1811.678,423.868,0.1648,0.1818,0.3632,0.2352,0.0550,1.544,0.500
4752,4751694,Neutral,good,1338.6,2.7,0.0,778.358,1130.727,2200.784,4400.986,3501.273,0.0648,0.0941,0.1832,0.3664,0.2915,0.500,0.514
4753,4752694,Neutral,good,1338.9,3.2,0.0,1507.455,1580.332,2020.035,4263.622,580.492,0.1515,0.1588,0.2030,0.4284,0.0583,0.474,0.782
4754,4753693,Neutral,good,1338.6,3.2,0.0,1503.839,3947.890,3898.485,3089.903,2932.669,0.0978,0.2568,0.2536,0.2010,0.1908,1.262,1.013
4755,4754693,Neutral,good,1338.9,3.2,0.0,10919.877,2479.083,1726.667,1407.866,1988.780,0.5896,0.1338,0.0932,0.0760,0.1074,1.226,1.436
4756,4755693,Neutral,good,1338.7,4.3,0.0,5537.391,16646.180,14919.582,9167.522,6932.114,0.1041,0.3129,0.2804,0.1723,0.1303,1.627,1.116
4757,4756693,Neutral,good,1339.0,3.4,0.0,1307.259,1126.858,1036.393,3211.432,928.184,0.1718,0.1481,0.1362,0.4220,0.1220,0.323,1.087
4758,4757693,Neutral,good,1338.1,3.4,0.0,3017.636,1143.762,2289.119,11094.093,3209.414,0.1454,0.0551,0.1103,0.5346,0.1546,0.206,0.500
4759,4758693,Neutral,good,1338.7,3.1,0.0,1212.476,1976.149,984.075,1899.913,1204.524,0.1666,0.2716,0.1352,0.2611,0.1655,0.518,2.008
4760,4759693,Neutral,good,1339.3,3.8,0.0,7601.389,5985.409,3755.685,21740.332,1093.979,0.1892,0.1490,0.0935,0.5411,0.0272,0.173,1.594
4761,4760693,Neutral,good,1339.1,3.7,0.0,1876.245,1245.351,2204.876,2812.762,778.984,0.2104,0.1396,0.2472,0.3154,0.0873,0.784,0.565
4762,4761693,Neutral,good,1339.5,3.4,0.0,13041.302,3805.516,1588.546,2486.853,1337.695,0.5859,0.1710,0.0714,0.1117,0.0601,0.639,2.396
4763,4762693,Neutral,good,1338.0,3.4,0.0,3564.393,3996.123,3495.094,2138.698,1080.003,0.2497,0.2800,0.2449,0.1498,0.0757,1.634,1.143
4764,4763693,Neutral,good,1338.0,2.9,0.0,1596.101,3658.158,2946.844,13477.473,1629.150,0.0685,0.1570,0.1264,0.5782,0.0699,0.219,1.241
4765,4764693,Neutral,good,1337.9,4.0,0.0,3179.217,1027.508,2003.535,4970.429,2204.712,0.2375,0.0768,0.1497,0.3713,0.1647,0.403,0.513
4766,4765693,Neutral,good,1337.9,3.0,0.0,12360.551,1905.494,1713.973,3695.134,2653.883,0.5536,0.0853,0.0768,0.1655,0.1189,0.464,1.112
4767,4766693,Neutral,good,1338.3,3.0,0.0,934.144,863.657,1597.549,15322.041,3428.848,0.0422,0.0390,0.0721,0.6919,0.1548,0.104,0.541
4768,4767693,Neutral,good,1338.8,4.2,0.0,16698.695,16446.840,12848.743,11783.949,7170.578,0.2571,0.2532,0.1978,0.1814,0.1104,1.090,1.280
4769,4768692,Neutral,good,1338.3,3.0,0.0,1249.725,3708.203,5580.814,1519.041,381.279,0.1005,0.2981,0.4487,0.1221,0.0307,3.674,0.664
4770,4769693,Neutral,good,1339.0,3.4,0.0,1388.536,4193.505,3538.862,1742.209,877.529,0.1183,0.3572,0.3014,0.1484,0.0747,2.031,1.185
4771,4770692,Neutral,good,1338.3,2.6,0.0,4145.369,3361.695,2305.764,1434.957,1743.460,0.3191,0.2588,0.1775,0.1105,0.1342,1.607,1.458
4772,4771692,Neutral,good,1339.2,3.1,0.0,884.794,3242.686,3123.612,6327.471,1589.180,0.0583,0.2138,0.2059,0.4172,0.1048,0.494,1.038
4773,4772692,Neutral,good,1339.1,3.1,0.0,11249.130,30269.371,17085.170,6571.057,1183.117,0.1695,0.4562,0.2575,0.0990,0.0178,2.600,1.772
4774,4773692,Neutral,good,1337.7,2.8,0.0,2701.984,1375.114,962.464,2108.375,751.749,0.3420,0.1741,0.1218,0.2669,0.0952,0.456,1.429
4775,4774692,Neutral,good,1336.0,3.1,0.0,3645.718,3585.834,2625.707,4988.855,1252.009,0.2265,0.2227,0.1631,0.3099,0.0778,0.526,1.366
4776,4775692,Neutral,good,1336.3,3.0,0.0,1805.349,143.083,1228.068,1262.552,385.254,0.3742,0.0297,0.2546,0.2617,0.0799,0.973,0.117
4777,4776692,Neutral,good,1336.4,2.4,0.0,2916.007,1139.249,1581.638,1731.178,1772.116,0.3190,0.1246,0.1730,0.1894,0.1939,0.914,0.720
4778,4777692,Neutral,good,1338.0,3.6,0.0,3872.082,2511.205,1278.430,1089.441,782.073,0.4062,0.2634,0.1341,0.1143,0.0820,1.173,1.964
4779,4778692,Neutral,good,1338.7,4.1,0.0,6320.555,7520.597,3431.004,3030.162,3013.270,0.2711,0.3226,0.1472,0.1300,0.1292,1.132,2.192
4780,4779692,Neutral,good,1338.4,3.1,0.0,6841.745,358.126,2747.900,3282.361,994.757,0.4810,0.0252,0.1932,0.2307,0.0699,0.837,0.130
4781,4780692,Neutral,good,1338.3,3.7,0.0,2574.310,3240.915,5276.024,7656.741,4754.889,0.1095,0.1379,0.2245,0.3258,0.2023,0.689,0.614
4782,4781692,Neutral,good,1338.7,3.8,0.0,7960.591,6810.968,1355.928,8022.776,7272.281,0.2533,0.2168,0.0432,0.2553,0.2314,0.169,5.023
4783,4782692,Neutral,good,1337.1,3.1,0.0,1986.182,1498.157,519.329,4915.469,1060.629,0.1990,0.1501,0.0520,0.4925,0.1063,0.106,2.885
4784,4783692,Neutral,good,1338.9,3.1,0.0,4132.219,6516.692,2454.441,1295.441,854.133,0.2709,0.4272,0.1609,0.0849,0.0560,1.895,2.655
4785,4784692,Neutral,good,1338.8,3.5,0.0,4435.755,4395.139,5738.697,3937.503,2061.228,0.2157,0.2137,0.2790,0.1914,0.1002,1.457,0.766
4786,4785691,Neutral,good,1338.4,3.4,0.0,5196.060,5185.514,2510.162,6159.131,3746.811,0.2279,0.2275,0.1101,0.2702,0.1644,0.408,2.066
4787,4786691,Neutral,good,1338.1,3.5,0.0,16144.926,12138.562,5737.349,3380.255,1930.476,0.4105,0.3086,0.1459,0.0859,0.0491,1.697,2.116
4788,4787691,Neutral,good,1338.1,3.2,0.0,1444.250,1576.683,707.919,5753.628,2529.322,0.1202,0.1313,0.0589,0.4790,0.2106,0.123,2.227
4789,4788691,Neutral,good,1337.5,3.3,0.0,15319.113,39435.066,21391.457,14888.034,1770.100,0.1651,0.4249,0.2305,0.1604,0.0191,1.437,1.843
4790,4789691,Neutral,good,1337.5,3.0,0.0,739.124,552.831,454.885,3944.043,997.473,0.1105,0.0827,0.0680,0.5897,0.1491,0.115,1.215
4791,4790691,Neutral,good,1337.1,3.2,0.0,5118.346,4922.023,4216.121,6359.223,6813.031,0.1866,0.1794,0.1537,0.2318,0.2484,0.663,1.167
4792,4791691,Neutral,good,1338.0,3.6,0.0,7644.795,4591.231,8034.858,7286.052,3614.055,0.2453,0.1473,0.2578,0.2337,0.1159,1.103,0.571
4793,4792691,Neutral,good,1337.4,3.3,0.0,8335.109,5894.604,2680.639,1334.772,1051.313,0.4320,0.3055,0.1389,0.0692,0.0545,2.008,2.199
4794,4793691,Neutral,good,1337.8,3.4,0.0,1207.951,1264.809,2505.059,3858.943,3229.974,0.1001,0.1048,0.2076,0.3198,0.2677,0.649,0.505
4795,4794691,Neutral,good,1336.9,3.3,0.0,7994.613,1310.491,709.615,4040.741,5691.231,0.4049,0.0664,0.0359,0.2046,0.2882,0.176,1.847
4796,4795691,Neutral,good,1335.4,2.9,0.0,5449.177,5430.510,3210.521,3036.130,4329.808,0.2540,0.2531,0.1496,0.1415,0.2018,1.057,1.691
4797,4796691,Neutral,good,1335.3,3.9,0.0,2916.287,2686.894,6200.831,8251.610,2441.171,0.1296,0.1194,0.2756,0.3668,0.1085,0.751,0.433
4798,4797691,Neutral,good,1335.2,2.7,0.0,4245.988,2342.377,1727.520,2142.990,1373.010,0.3589,0.1980,0.1460,0.1811,0.1160,0.806,1.356
4799,4798691,Neutral,good,1334.3,2.9,0.0,745.578,878.140,415.940,3109.018,1024.101,0.1208,0.1423,0.0674,0.5037,0.1659,0.134,2.111
4800,4799690,Neutral,good,1333.7,2.9,0.0,7305.527,10498.396,4281.951,4364.657,2192.522,0.2551,0.3665,0.1495,0.1524,0.0765,0.981,2.452
4801,4800690,Neutral,good,1334.5,4.5,0.0,7067.799,1058.885,3360.056,18031.418,3706.809,0.2127,0.0319,0.1011,0.5427,0.1116,0.186,0.315
4802,4801690,Neutral,good,1335.6,3.9,0.0,6183.892,4066.566,4519.199,5665.227,5159.591,0.2416,0.1589,0.1766,0.2213,0.2016,0.798,0.900
4803,4802690,Neutral,good,1336.4,4.0,0.0,7271.511,9712.942,6611.944,6401.305,5765.204,0.2033,0.2716,0.1849,0.1790,0.1612,1.033,1.469
4804,4803690,Neutral,good,1336.5,3.3,0.0,1715.049,2923.914,5735.131,6233.283,1588.428,0.0943,0.1607,0.3152,0.3426,0.0873,0.920,0.510
4805,4804690,Neutral,good,1337.4,3.4,0.0,2694.482,6433.188,6798.214,3161.351,2764.514,0.1233,0.2944,0.3111,0.1447,0.1265,2.150,0.946
4806,4805690,Neutral,good,1337.5,3.0,0.0,9646.139,5588.945,2650.698,9739.521,2930.808,0.3157,0.1829,0.0867,0.3187,0.0959,0.272,2.108
4807,4806690,Neutral,good,1338.2,3.7,0.0,23278.396,20174.590,6487.455,8858.729,3353.129,0.3745,0.3246,0.1044,0.1425,0.0540,0.732,3.110
4808,4807690,Neutral,good,1337.0,3.7,0.0,3166.084,446.768,634.044,5532.444,1085.986,0.2914,0.0411,0.0584,0.5092,0.0999,0.115,0.705
4809,4808690,Neutral,good,1337.3,3.4,0.0,3926.017,9420.142,3659.289,10155.675,3565.256,0.1278,0.3066,0.1191,0.3305,0.1160,0.360,2.574
4810,4809690,Neutral,good,1337.9,3.2,0.0,1730.991,682.957,522.948,10263.907,4615.688,0.0972,0.0383,0.0294,0.5761,0.2591,0.051,1.306
4811,4810690,Neutral,good,1337.6,3.0,0.0,14867.215,937.239,1793.019,6084.426,2701.450,0.5635,0.0355,0.0680,0.2306,0.1024,0.295,0.523
4812,4811690,Neutral,good,1337.3,3.3,0.0,2654.893,2206.872,3306.927,7374.693,576.497,0.1647,0.1369,0.2051,0.4575,0.0358,0.448,0.667
4813,4812690,Neutral,good,1337.1,3.3,0.0,15574.186,9173.185,5940.854,4340.128,4853.352,0.3905,0.2300,0.1490,0.1088,0.1217,1.369,1.544
4814,4813690,Neutral,good,1337.0,2.8,0.0,1326.174,1495.423,1712.123,2527.995,737.797,0.1700,0.1917,0.2195,0.3241,0.0946,0.677,0.873
4815,4814690,Neutral,good,1337.7,3.6,0.0,553.131,273.857,453.610,1881.994,1206.323,0.1266,0.0627,0.1038,0.4308,0.2761,0.241,0.604
4816,4815689,Neutral,good,1337.8,2.8,0.0,9676.133,2179.132,2512.129,9178.699,4786.481,0.3415,0.0769,0.0887,0.3240,0.1689,0.274,0.867
4817,4816690,Neutral,good,1337.8,3.2,0.0,3530.936,7455.779,4786.536,6580.615,3110.960,0.1387,0.2928,0.1880,0.2584,0.1222,0.727,1.558
4818,4817689,Neutral,good,1338.5,3.6,0.0,14643.892,13005.932,9994.615,7537.744,2804.803,0.3052,0.2710,0.2083,0.1571,0.0584,1.326,1.301
4819,4818689,Neutral,good,1338.0,3.0,0.0,553.569,1502.055,1664.379,2652.271,661.734,0.0787,0.2135,0.2366,0.3771,0.0941,0.628,0.902
4820,4819689,Neutral,good,1337.6,3.3,0.0,1209.842,9217.875,10075.528,7267.169,1520.807,0.0413,0.3147,0.3440,0.2481,0.0519,1.386,0.915
4821,4820689,Neutral,good,1337.5,3.1,0.0,2124.028,1813.467,1169.333,3684.151,1394.149,0.2085,0.1781,0.1148,0.3617,0.1369,0.317,1.551
4822,4821689,Neutral,good,1338.0,3.4,0.0,544.185,3536.804,3832.565,4407.801,2012.422,0.0380,0.2467,0.2674,0.3075,0.1404,0.869,0.923
4823,4822689,Neutral,good,1338.2,3.2,0.0,1420.633,1560.458,1905.677,2551.082,4409.895,0.1199,0.1317,0.1608,0.2153,0.3722,0.747,0.819
4824,4823689,Neutral,good,1337.6,3.9,0.0,9947.294,10542.420,7636.990,7338.761,2348.096,0.2631,0.2788,0.2020,0.1941,0.0621,1.041,1.380
4825,4824689,Neutral,good,1338.1,3.4,0.0,2024.461,851.395,1701.585,4944.608,2849.526,0.1636,0.0688,0.1375,0.3997,0.2303,0.344,0.500
4826,4825689,Neutral,good,1337.7,3.0,0.0,102.961,1481.309,2832.293,4736.715,1358.909,0.0098,0.1409,0.2694,0.4506,0.1293,0.598,0.523
4827,4826689,Neutral,good,1337.9,2.9,0.0,6793.393,8663.344,9383.584,4323.870,1192.908,0.2238,0.2854,0.3091,0.1424,0.0393,2.170,0.923
4828,4827689,Neutral,good,1338.1,3.3,0.0,1156.122,559.061,1386.588,3950.283,2127.140,0.1260,0.0609,0.1511,0.4304,0.2317,0.351,0.403
4829,4828689,Neutral,good,1338.2,2.7,0.0,1686.771,5084.905,2194.746,7950.110,2180.493,0.0883,0.2663,0.1149,0.4163,0.1142,0.276,2.317
4830,4829689,Neutral,good,1337.6,3.1,0.0,4384.585,2654.030,1292.927,4127.852,2012.091,0.3030,0.1834,0.0893,0.2852,0.1390,0.313,2.053
4831,4830689,Neutral,good,1338.8,3.1,0.0,5194.458,1037.396,1224.510,2131.895,1152.977,0.4836,0.0966,0.1140,0.1985,0.1073,0.574,0.847
4832,4831688,Neutral,good,1338.5,3.0,0.0,1652.956,3487.719,4336.932,3327.791,2015.117,0.1115,0.2353,0.2926,0.2245,0.1360,1.303,0.804
4833,4832688,Neutral,good,1338.0,2.9,0.0,17912.627,7108.365,204.644,3180.974,1586.217,0.5972,0.2370,0.0068,0.1061,0.0529,0.064,34.735
4834,4833688,Neutral,good,1336.8,3.2,0.0,11949.564,10053.708,10746.890,5930.042,4063.334,0.2796,0.2352,0.2514,0.1387,0.0951,1.812,0.935
4835,4834688,Neutral,good,1337.1,3.3,0.0,987.492,4913.148,6532.264,3309.447,1303.556,0.0579,0.2882,0.3832,0.1941,0.0765,1.974,0.752
4836,4835688,Neutral,good,1337.0,3.4,0.0,6144.723,3828.984,2858.714,4951.700,4979.541,0.2699,0.1682,0.1256,0.2175,0.2187,0.577,1.339
4837,4836688,Neutral,good,1337.1,3.0,0.0,3316.680,5053.281,3936.138,2637.425,3649.842,0.1784,0.2718,0.2117,0.1418,0.1963,1.492,1.284
4838,4837688,Neutral,good,1337.4,2.8,0.0,1337.794,1143.191,1373.983,2660.569,785.330,0.1832,0.1566,0.1882,0.3644,0.1076,0.516,0.832
4839,4838688,Neutral,good,1337.6,2.8,0.0,2226.026,1170.336,827.292,2805.709,984.633,0.2778,0.1460,0.1032,0.3501,0.1229,0.295,1.415
4840,4839688,Neutral,good,1338.4,3.4,0.0,3463.521,1129.140,3289.369,3896.005,3793.778,0.2224,0.0725,0.2112,0.2502,0.2436,0.844,0.343
4841,4840688,Neutral,good,1338.1,2.7,0.0,1782.213,4470.091,3764.712,2890.931,3263.214,0.1102,0.2764,0.2328,0.1788,0.2018,1.302,1.187
4842,4841688,Neutral,good,1338.1,2.8,0.0,1263.226,8428.363,10286.125,4108.473,939.972,0.0505,0.3368,0.4110,0.1642,0.0376,2.504,0.819
4843,4842688,Neutral,good,1337.8,3.3,0.0,2266.334,966.850,1881.037,7973.091,2088.078,0.1493,0.0637,0.1240,0.5254,0.1376,0.236,0.514
4844,4843688,Neutral,good,1338.1,2.8,0.0,1649.448,2897.998,2103.474,3356.991,1838.989,0.1392,0.2446,0.1776,0.2834,0.1552,0.627,1.378
4845,4844688,Neutral,good,1337.5,2.9,0.0,9288.144,4218.852,3289.003,1713.825,3955.982,0.4134,0.1878,0.1464,0.0763,0.1761,1.919,1.283
4846,4845688,Neutral,good,1337.5,3.2,0.0,4047.749,6875.390,5139.609,4411.708,1392.995,0.1851,0.3144,0.2350,0.2017,0.0637,1.165,1.338
4847,4846688,Neutral,good,1337.4,3.3,0.0,3821.343,1082.324,1456.111,2473.365,1156.526,0.3825,0.1083,0.1458,0.2476,0.1158,0.589,0.743
4848,4847688,Neutral,good,1338.1,3.3,0.0,8030.131,2847.907,962.283,1038.269,930.105,0.5815,0.2062,0.0697,0.0752,0.0674,0.927,2.960
4849,4848687,Neutral,good,1338.7,3.6,0.0,3728.472,4948.032,12448.347,12848.145,2048.734,0.1035,0.1374,0.3456,0.3567,0.0569,0.969,0.397
4850,4849687,Neutral,good,1337.6,3.2,0.0,1021.946,2763.439,2343.133,6190.690,3660.494,0.0640,0.1729,0.1466,0.3874,0.2291,0.378,1.179
4851,4850687,Neutral,good,1338.4,3.0,0.0,4648.900,4602.319,3767.340,2540.859,694.168,0.2860,0.2832,0.2318,0.1563,0.0427,1.483,1.222
4852,4851687,Neutral,good,1338.2,2.9,0.0,1578.450,3353.043,3586.300,1204.648,1555.055,0.1400,0.2973,0.3180,0.1068,0.1379,2.977,0.935
4853,4852687,Neutral,good,1338.2,3.0,0.0,3907.375,4405.747,2979.865,8219.393,2954.839,0.1739,0.1961,0.1326,0.3658,0.1315,0.363,1.479
4854,4853687,Neutral,good,1339.0,3.8,0.0,3311.895,10743.413,8948.011,4124.464,692.199,0.1190,0.3862,0.3216,0.1483,0.0249,2.169,1.201
4855,4854687,Neutral,good,1338.1,3.4,0.0,4109.944,3774.910,806.743,2612.477,2675.550,0.2940,0.2700,0.0577,0.1869,0.1914,0.309,4.679
4856,4855687,Neutral,good,1338.6,3.8,0.0,4758.760,8396.948,6228.646,9546.354,3266.149,0.1478,0.2608,0.1935,0.2965,0.1014,0.652,1.348
4857,4856687,Neutral,good,1338.1,2.6,0.0,2676.948,911.984,500.286,5043.192,2899.090,0.2225,0.0758,0.0416,0.4192,0.2410,0.099,1.823
4858,4857687,Neutral,good,1337.6,3.3,0.0,2934.672,2507.866,3697.109,3593.949,3482.516,0.1810,0.1547,0.2280,0.2216,0.2148,1.029,0.678
4859,4858687,Neutral,good,1337.6,3.0,0.0,9113.482,3770.404,3188.173,6876.489,4063.451,0.3374,0.1396,0.1180,0.2546,0.1504,0.464,1.183
4860,4859687,Neutral,good,1337.1,2.4,0.0,2666.960,1654.721,1514.881,2658.558,716.546,0.2895,0.1796,0.1645,0.2886,0.0778,0.570,1.092
4861,4860687,Neutral,good,1337.7,2.7,0.0,3122.137,4023.768,3552.449,8215.400,6356.351,0.1236,0.1592,0.1406,0.3251,0.2515,0.432,1.133
4862,4861687,Neutral,good,1339.1,3.5,0.0,1572.477,2192.679,2014.377,11266.948,3214.526,0.0776,0.1082,0.0994,0.5561,0.1587,0.179,1.089
4863,4862687,Neutral,good,1338.7,3.0,0.0,10142.091,9291.986,2471.088,1315.810,1579.614,0.4089,0.3747,0.0996,0.0531,0.0637,1.878,3.760
4864,4863687,Neutral,good,1337.6,3.4,0.0,2566.862,1034.020,858.902,1623.162,2983.534,0.2831,0.1140,0.0947,0.1790,0.3291,0.529,1.204
4865,4864686,Neutral,good,1338.4,3.5,0.0,2535.148,1191.768,2180.325,5011.361,1649.642,0.2017,0.0948,0.1735,0.3987,0.1313,0.435,0.547
4866,4865686,Neutral,good,1339.2,3.6,0.0,3085.079,6698.424,6305.074,2362.745,2392.484,0.1480,0.3214,0.3025,0.1134,0.1148,2.669,1.062
4867,4866686,Neutral,good,1338.7,2.9,0.0,2736.493,4157.490,4397.866,1907.762,1456.912,0.1867,0.2837,0.3001,0.1302,0.0994,2.305,0.945
4868,4867686,Neutral,good,1338.6,3.6,0.0,133.493,932.547,1155.771,2549.490,1301.415,0.0220,0.1536,0.1903,0.4198,0.2143,0.453,0.807
4869,4868686,Neutral,good,1338.3,3.5,0.0,4322.640,3049.435,5462.027,5517.873,1011.063,0.2232,0.1575,0.2821,0.2850,0.0522,0.990,0.558
4870,4869686,Neutral,good,1338.4,3.7,0.0,1179.110,1148.524,3720.625,4036.085,1944.424,0.0980,0.0955,0.3093,0.3355,0.1616,0.922,0.309
4871,4870686,Neutral,good,1338.6,3.5,0.0,8663.827,9195.598,5433.749,6255.962,1723.140,0.2770,0.2940,0.1738,0.2000,0.0551,0.869,1.692
4872,4871686,Neutral,good,1337.4,2.8,0.0,604.668,768.043,3662.890,3425.944,1889.273,0.0584,0.0742,0.3539,0.3310,0.1825,1.069,0.210
4873,4872686,Neutral,good,1337.6,3.5,0.0,7751.418,2041.997,2183.626,3590.988,2415.261,0.4310,0.1135,0.1214,0.1997,0.1343,0.608,0.935
4874,4873686,Neutral,good,1338.7,3.4,0.0,509.960,1949.563,1796.747,5316.973,8430.303,0.0283,0.1083,0.0998,0.2953,0.4683,0.338,1.085
4875,4874686,Neutral,good,1338.1,3.0,0.0,2120.928,730.042,1471.550,4450.077,1353.566,0.2095,0.0721,0.1453,0.4395,0.1337,0.331,0.496
4876,4875686,Neutral,good,1337.2,2.7,0.0,3448.163,2599.092,2359.341,5608.235,415.649,0.2389,0.1801,0.1635,0.3886,0.0288,0.421,1.102
4877,4876686,Neutral,good,1337.9,3.4,0.0,1088.340,1990.318,1666.987,1931.006,1270.806,0.1369,0.2504,0.2098,0.2430,0.1599,0.863,1.194
4878,4877686,Neutral,good,1337.8,3.1,0.0,7637.361,7183.611,648.122,2499.345,221.808,0.4199,0.3949,0.0356,0.1374,0.0122,0.259,11.084
4879,4878685,Neutral,good,1338.1,2.9,0.0,1781.746,1373.148,1207.894,2224.652,2985.469,0.1861,0.1434,0.1262,0.2324,0.3119,0.543,1.137
4880,4879685,Neutral,good,1337.7,3.1,0.0,373.965,889.060,2004.396,5023.779,1743.317,0.0373,0.0886,0.1998,0.5006,0.1737,0.399,0.444
4881,4880685,Neutral,good,1339.0,3.6,0.0,3163.141,5163.960,2957.203,3811.588,1354.921,0.1923,0.3139,0.1798,0.2317,0.0824,0.776,1.746
4882,4881685,Neutral,good,1338.4,3.5,0.0,5979.485,6059.860,1799.094,4688.805,2506.386,0.2843,0.2881,0.0855,0.2229,0.1192,0.384,3.368
4883,4882685,Neutral,good,1338.9,3.3,0.0,8360.889,10526.228,5389.608,4281.051,992.403,0.2829,0.3562,0.1824,0.1449,0.0336,1.259,1.953
4884,4883685,Neutral,good,1338.2,3.1,0.0,10559.119,11631.058,3316.179,4831.297,1334.644,0.3334,0.3672,0.1047,0.1525,0.0421,0.686,3.507
4885,4884685,Neutral,good,1338.2,3.6,0.0,2961.102,1540.354,683.856,10036.633,1906.260,0.1729,0.0899,0.0399,0.5860,0.1113,0.068,2.252
4886,4885685,Neutral,good,1337.9,3.2,0.0,3181.200,5965.260,4758.726,4034.832,1858.018,0.1607,0.3013,0.2404,0.2038,0.0938,1.179,1.254
4887,4886685,Neutral,good,1338.6,2.8,0.0,18838.238,16128.131,5578.369,2310.877,2906.714,0.4117,0.3524,0.1219,0.0505,0.0635,2.414,2.891
4888,4887685,Neutral,good,1338.4,3.4,0.0,1702.659,2212.732,1514.127,3202.622,764.799,0.1812,0.2355,0.1611,0.3408,0.0814,0.473,1.461
4889,4888685,Neutral,good,1338.9,3.4,0.0,2780.583,2584.833,1322.513,2584.276,1005.582,0.2705,0.2515,0.1287,0.2514,0.0978,0.512,1.954
4890,4889685,Neutral,good,1338.6,2.7,0.0,1405.547,3860.620,1322.199,1000.719,779.569,0.1680,0.4613,0.1580,0.1196,0.0932,1.321,2.920
4891,4890685,Neutral,good,1338.8,3.4,0.0,5118.478,9801.924,6767.328,2076.649,6154.404,0.1711,0.3276,0.2262,0.0694,0.2057,3.259,1.448
4892,4891685,Neutral,good,1338.7,3.5,0.0,9781.092,1763.717,828.772,2211.965,1728.016,0.5996,0.1081,0.0508,0.1356,0.1059,0.375,2.128
4893,4892685,Neutral,good,1339.6,3.0,0.0,8245.739,430.365,253.797,2529.344,1249.119,0.6488,0.0339,0.0200,0.1990,0.0983,0.100,1.696
4894,4893685,Neutral,good,1338.7,3.5,0.0,9052.813,7329.026,1122.803,11512.999,1684.587,0.2949,0.2387,0.0366,0.3750,0.0549,0.098,6.527
4895,4894684,Neutral,good,1338.4,2.9,0.0,2544.230,1692.236,981.543,2534.604,5108.325,0.1978,0.1316,0.0763,0.1971,0.3972,0.387,1.724
4896,4895684,Neutral,good,1339.9,3.1,0.0,2796.830,2117.870,2368.879,2918.316,1042.208,0.2487,0.1884,0.2107,0.2595,0.0927,0.812,0.894
4897,4896684,Neutral,good,1338.6,3.3,0.0,1545.182,2824.168,2345.086,3843.174,1700.567,0.1261,0.2304,0.1913,0.3135,0.1387,0.610,1.204
4898,4897684,Neutral,good,1339.0,3.9,0.0,9570.553,4199.802,3682.623,8370.864,636.204,0.3617,0.1587,0.1392,0.3164,0.0240,0.440,1.140
4899,4898684,Neutral,good,1338.6,2.6,0.0,2353.291,8616.892,6217.234,3403.078,2475.569,0.1020,0.3736,0.2695,0.1475,0.1073,1.827,1.386
4900,4899684,Neutral,good,1338.9,3.5,0.0,8774.481,1462.757,3712.765,8882.938,2270.519,0.3495,0.0583,0.1479,0.3539,0.0904,0.418,0.394
4901,4900684,Neutral,good,1338.7,3.3,0.0,2713.564,2173.468,1418.404,3855.131,2055.060,0.2221,0.1779,0.1161,0.3156,0.1682,0.368,1.532
4902,4901684,Neutral,good,1339.0,4.4,0.0,29243.250,42978.930,43276.121,13747.039,3502.532,0.2203,0.3238,0.3260,0.1036,0.0264,3.148,0.993
4903,4902684,Neutral,good,1338.4,3.8,0.0,4539.597,1193.564,3023.766,3524.617,979.318,0.3423,0.0900,0.2280,0.2658,0.0739,0.858,0.395
4904,4903684,Neutral,good,1339.0,3.0,0.0,894.687,2278.353,1032.989,2126.196,1092.981,0.1205,0.3068,0.1391,0.2863,0.1472,0.486,2.206
4905,4904684,Neutral,good,1339.0,3.5,0.0,2678.717,4563.733,3479.496,4789.155,6727.298,0.1205,0.2052,0.1565,0.2154,0.3025,0.727,1.312
4906,4905684,Neutral,good,1337.9,2.8,0.0,1027.521,1347.843,504.494,3463.622,1500.814,0.1310,0.1718,0.0643,0.4415,0.1913,0.146,2.672
4907,4906684,Neutral,good,1338.1,3.3,0.0,11998.885,3013.462,2108.326,2410.722,2215.063,0.5518,0.1386,0.0970,0.1109,0.1019,0.875,1.429
4908,4907684,Neutral,good,1338.6,3.6,0.0,1888.111,3310.475,3448.229,2643.393,2697.518,0.1350,0.2367,0.2465,0.1890,0.1928,1.304,0.960
4909,4908684,Neutral,good,1337.3,3.5,0.0,684.199,1245.303,1493.176,2998.071,1736.083,0.0839,0.1527,0.1831,0.3676,0.2128,0.498,0.834
4910,4909684,Neutral,good,1338.4,3.9,0.0,3286.177,1889.047,651.320,5003.841,923.037,0.2796,0.1607,0.0554,0.4257,0.0785,0.130,2.900
4911,4910683,Neutral,good,1338.5,3.8,0.0,10390.131,4869.719,2777.924,12429.590,8093.031,0.2695,0.1263,0.0720,0.3223,0.2099,0.223,1.753
4912,4911683,Neutral,good,1338.1,3.2,0.0,3210.515,2340.101,1005.720,2997.707,2602.734,0.2641,0.1925,0.0827,0.2466,0.2141,0.335,2.327
4913,4912683,Neutral,good,1337.7,3.1,0.0,2254.163,1724.986,445.234,3907.845,2094.851,0.2162,0.1654,0.0427,0.3748,0.2009,0.114,3.874
4914,4913683,Neutral,good,1338.5,3.9,0.0,24866.537,8233.631,13044.431,10469.563,1412.691,0.4285,0.1419,0.2248,0.1804,0.0243,1.246,0.631
4915,4914683,Neutral,good,1338.1,2.9,0.0,2393.232,3072.888,1100.494,1718.560,3254.773,0.2074,0.2663,0.0954,0.1489,0.2820,0.640,2.792
4916,4915683,Neutral,good,1337.5,4.0,0.0,7897.133,8967.685,7890.535,2424.492,911.604,0.2811,0.3192,0.2809,0.0863,0.0325,3.255,1.137
4917,4916683,Neutral,good,1338.6,3.3,0.0,2232.892,2378.397,889.458,3785.257,2980.757,0.1820,0.1939,0.0725,0.3086,0.2430,0.235,2.674
4918,4917683,Neutral,good,1338.5,3.1,0.0,926.043,2951.972,1791.659,2022.221,1433.330,0.1015,0.3235,0.1963,0.2216,0.1571,0.886,1.648
4919,4918683,Neutral,good,1338.6,2.7,0.0,1987.582,1214.359,1721.125,4592.637,744.889,0.1937,0.1184,0.1677,0.4476,0.0726,0.375,0.706
4920,4919683,Neutral,good,1337.7,2.9,0.0,5362.970,3344.351,490.782,7948.801,1511.534,0.2874,0.1792,0.0263,0.4260,0.0810,0.062,6.814
4921,4920683,Neutral,good,1338.1,3.0,0.0,1391.382,654.671,924.791,6852.929,1401.272,0.1240,0.0583,0.0824,0.6105,0.1248,0.135,0.708
4922,4921683,Neutral,good,1337.2,2.8,0.0,286.669,1349.535,877.260,3654.041,909.863,0.0405,0.1907,0.1240,0.5163,0.1286,0.240,1.538
4923,4922683,Neutral,good,1337.7,2.9,0.0,7863.305,4911.692,3605.234,3301.774,3098.362,0.3452,0.2156,0.1583,0.1449,0.1360,1.092,1.362
4924,4923683,Neutral,good,1338.2,3.4,0.0,1136.466,6521.206,4094.337,3403.773,1530.762,0.0681,0.3908,0.2454,0.2040,0.0917,1.203,1.593
4925,4924682,Neutral,good,1338.0,3.3,0.0,1605.972,3432.350,4032.697,9476.040,7087.235,0.0626,0.1339,0.1573,0.3697,0.2765,0.426,0.851
4926,4925683,Neutral,good,1338.0,3.3,0.0,3894.573,1092.924,470.916,682.805,1393.369,0.5169,0.1451,0.0625,0.0906,0.1849,0.690,2.321
4927,4926682,Neutral,good,1337.4,2.9,0.0,4885.274,3264.758,1088.885,4416.677,1489.782,0.3226,0.2156,0.0719,0.2916,0.0984,0.247,2.998
4928,4927682,Neutral,good,1338.7,2.8,0.0,4197.056,1592.163,1941.067,1260.050,1501.426,0.4000,0.1518,0.1850,0.1201,0.1431,1.540,0.820
4929,4928682,Neutral,good,1336.3,3.2,0.0,3893.637,1412.539,3095.048,4242.826,3070.085,0.2478,0.0899,0.1970,0.2700,0.1954,0.729,0.456
4930,4929682,Neutral,good,1336.9,3.1,0.0,5207.367,7227.377,2191.049,2237.663,899.816,0.2932,0.4069,0.1233,0.1260,0.0507,0.979,3.299
4931,4930682,Neutral,good,1337.0,3.3,0.0,7293.655,3752.023,1199.165,7113.821,5680.486,0.2913,0.1498,0.0479,0.2841,0.2269,0.169,3.129
4932,4931682,Neutral,good,1337.8,3.5,0.0,25833.490,10370.683,1841.177,2909.360,835.878,0.6182,0.2482,0.0441,0.0696,0.0200,0.633,5.633
4933,4932682,Neutral,good,1337.9,2.8,0.0,3400.992,4010.609,4182.924,2780.982,1059.023,0.2203,0.2598,0.2710,0.1802,0.0686,1.504,0.959
4934,4933682,Neutral,good,1338.1,3.0,0.0,1476.672,632.939,1246.913,10296.651,4924.308,0.0795,0.0341,0.0671,0.5543,0.2651,0.121,0.508
4935,4934682,Neutral,good,1337.9,3.4,0.0,3216.388,1049.839,1289.029,7208.373,1215.556,0.2301,0.0751,0.0922,0.5157,0.0870,0.179,0.814
4936,4935682,Neutral,good,1337.7,2.8,0.0,6017.389,7775.164,2927.736,4255.761,1079.132,0.2728,0.3525,0.1327,0.1930,0.0489,0.688,2.656
4937,4936682,Neutral,good,1338.2,2.7,0.0,6622.626,4284.340,256.820,2059.242,1791.578,0.4411,0.2853,0.0171,0.1371,0.1193,0.125,16.682
4938,4937682,Neutral,good,1337.9,2.8,0.0,1727.184,707.681,3036.372,17089.199,10622.324,0.0521,0.0213,0.0915,0.5150,0.3201,0.178,0.233
4939,4938682,Neutral,good,1338.8,3.2,0.0,2283.329,978.874,2051.457,4898.941,595.050,0.2113,0.0906,0.1898,0.4533,0.0551,0.419,0.477
4940,4939682,Neutral,good,1337.8,3.7,0.0,4590.098,4740.856,4492.546,7261.034,1721.931,0.2013,0.2079,0.1970,0.3184,0.0755,0.619,1.055
4941,4940682,Neutral,good,1338.0,3.7,0.0,1958.745,913.550,650.440,2707.478,1561.887,0.2514,0.1172,0.0835,0.3475,0.2004,0.240,1.405
4942,4941682,Neutral,good,1337.5,3.0,0.0,5018.691,1911.892,2115.868,3868.115,1761.909,0.3420,0.1303,0.1442,0.2636,0.1200,0.547,0.904
4943,4942681,Neutral,good,1337.4,3.0,0.0,1018.391,850.528,1810.933,3568.055,1984.270,0.1103,0.0921,0.1962,0.3865,0.2149,0.508,0.470
4944,4943681,Neutral,good,1337.4,3.2,0.0,5889.549,6194.406,5680.188,2994.426,1836.652,0.2607,0.2741,0.2514,0.1325,0.0813,1.897,1.091
4945,4944681,Neutral,good,1338.3,3.7,0.0,1317.052,2407.994,1176.918,9250.333,2352.625,0.0798,0.1459,0.0713,0.5605,0.1425,0.127,2.046
4946,4945681,Neutral,good,1338.0,3.5,0.0,4457.148,5503.170,1447.767,2122.490,1582.316,0.2949,0.3641,0.0958,0.1404,0.1047,0.682,3.801
4947,4946681,Neutral,good,1338.3,3.7,0.0,21475.639,9017.505,6230.324,18180.674,2720.482,0.3727,0.1565,0.1081,0.3155,0.0472,0.343,1.447
4948,4947681,Neutral,good,1338.1,3.0,0.0,4696.724,1180.555,7947.377,12355.500,7007.758,0.1415,0.0356,0.2395,0.3723,0.2112,0.643,0.149
4949,4948681,Neutral,good,1337.6,3.4,0.0,1150.983,286.933,2165.316,2993.408,1712.272,0.1385,0.0345,0.2606,0.3603,0.2061,0.723,0.133
4950,4949681,Neutral,good,1337.7,3.2,0.0,7770.833,4198.694,2145.246,3339.429,1841.772,0.4027,0.2176,0.1112,0.1731,0.0954,0.642,1.957
4951,4950681,Neutral,good,1337.3,3.5,0.0,11524.086,2325.985,4435.528,7677.035,2078.773,0.4110,0.0829,0.1582,0.2738,0.0741,0.578,0.524
4952,4951681,Neutral,good,1337.8,3.5,0.0,1612.161,1383.333,844.357,6324.941,3600.984,0.1171,0.1005,0.0613,0.4595,0.2616,0.133,1.638
4953,4952681,Neutral,good,1337.2,3.2,0.0,3234.791,1461.167,3196.560,3913.497,949.974,0.2536,0.1145,0.2506,0.3068,0.0745,0.817,0.457
4954,4953681,Neutral,good,1338.1,3.1,0.0,3415.769,5302.673,4391.905,1854.515,792.027,0.2168,0.3365,0.2787,0.1177,0.0503,2.368,1.207
4955,4954681,Neutral,good,1338.0,2.9,0.0,897.025,3206.098,3962.770,4500.723,1406.279,0.0642,0.2295,0.2836,0.3221,0.1006,0.880,0.809
4956,4955681,Neutral,good,1337.4,3.5,0.0,6421.415,1727.593,1692.295,2750.558,441.426,0.4927,0.1326,0.1298,0.2110,0.0339,0.615,1.021
4957,4956681,Neutral,good,1337.6,2.6,0.0,89.431,263.475,1035.127,3975.770,2372.432,0.0116,0.0341,0.1338,0.5139,0.3067,0.260,0.255
4958,4957680,Neutral,good,1337.7,2.7,0.0,2134.238,2553.018,2749.914,1103.943,482.537,0.2365,0.2829,0.3047,0.1223,0.0535,2.491,0.928
4959,4958680,Neutral,good,1338.2,2.9,0.0,2789.285,4355.022,7029.495,8056.052,1582.032,0.1171,0.1829,0.2952,0.3383,0.0664,0.873,0.620
4960,4959680,Neutral,good,1337.8,3.3,0.0,6499.798,7594.371,3205.970,2637.964,2655.004,0.2877,0.3361,0.1419,0.1168,0.1175,1.215,2.369
4961,4960680,Neutral,good,1337.8,3.5,0.0,3934.443,6363.221,8248.311,7534.503,898.940,0.1458,0.2359,0.3057,0.2793,0.0333,1.095,0.771
4962,4961680,Neutral,good,1338.3,3.2,0.0,1578.149,5823.116,4212.630,8582.971,1308.756,0.0734,0.2708,0.1959,0.3991,0.0609,0.491,1.382
4963,4962680,Neutral,good,1338.6,3.5,0.0,6100.354,7834.409,1701.001,6912.599,643.877,0.2630,0.3378,0.0733,0.2981,0.0278,0.246,4.606
4964,4963680,Neutral,good,1338.5,3.5,0.0,1533.462,7280.389,5547.517,4015.560,549.596,0.0810,0.3847,0.2931,0.2122,0.0290,1.382,1.312
4965,4964680,Neutral,good,1338.6,3.5,0.0,4011.084,6153.239,2373.195,5309.882,256.648,0.2216,0.3399,0.1311,0.2933,0.0142,0.447,2.593
4966,4965680,Neutral,good,1339.2,3.6,0.0,705.216,3989.458,3882.820,3629.334,5343.589,0.0402,0.2273,0.2212,0.2068,0.3045,1.070,1.027
4967,4966680,Neutral,good,1338.8,3.4,0.0,5889.143,17867.797,6218.573,6566.540,8071.861,0.1320,0.4005,0.1394,0.1472,0.1809,0.947,2.873
4968,4967680,Neutral,good,1338.8,3.5,0.0,1223.810,1022.879,1705.079,6529.615,2329.977,0.0955,0.0798,0.1331,0.5097,0.1819,0.261,0.600
4969,4968680,Neutral,good,1337.5,3.4,0.0,8913.701,6462.610,2607.406,2583.937,1116.884,0.4111,0.2980,0.1202,0.1192,0.0515,1.009,2.479
4970,4969680,Neutral,good,1337.0,3.5,0.0,2456.170,4095.657,3857.697,2582.013,1120.120,0.1741,0.2902,0.2734,0.1830,0.0794,1.494,1.062
4971,4970680,Neutral,good,1338.3,3.2,0.0,11815.411,3882.979,1815.744,3797.157,1307.648,0.5224,0.1717,0.0803,0.1679,0.0578,0.478,2.139
4972,4971679,Neutral,good,1337.9,3.5,0.0,2267.182,6789.214,7528.783,3919.641,1054.868,0.1052,0.3149,0.3492,0.1818,0.0489,1.921,0.902
4973,4972680,Neutral,good,1337.9,2.8,0.0,4266.541,3411.006,4305.670,4394.993,1300.917,0.2413,0.1929,0.2435,0.2486,0.0736,0.980,0.792
4974,4973679,Neutral,good,1337.8,3.6,0.0,928.568,2290.932,349.536,6177.964,3955.131,0.0678,0.1672,0.0255,0.4509,0.2887,0.057,6.554
4975,4974679,Neutral,good,1338.2,3.2,0.0,5052.009,2925.549,1200.286,6830.534,308.394,0.3096,0.1793,0.0736,0.4186,0.0189,0.176,2.437
4976,4975679,Neutral,good,1338.2,2.5,0.0,1157.794,1053.110,1232.144,1231.999,341.377,0.2308,0.2099,0.2456,0.2456,0.0681,1.000,0.855
4977,4976679,Neutral,good,1338.9,3.5,0.0,3364.762,2286.959,1084.279,3182.517,4571.227,0.2322,0.1578,0.0748,0.2196,0.3155,0.341,2.109
4978,4977679,Neutral,good,1338.7,3.2,0.0,6135.729,7944.735,8069.615,5353.079,1445.360,0.2120,0.2744,0.2788,0.1849,0.0499,1.507,0.985
4979,4978679,Neutral,good,1337.8,2.7,0.0,4487.816,2521.980,2016.602,2171.679,1464.594,0.3544,0.1992,0.1593,0.1715,0.1157,0.929,1.251
4980,4979679,Neutral,good,1338.4,3.6,0.0,19058.217,3249.545,1852.735,3556.812,4647.695,0.5889,0.1004,0.0572,0.1099,0.1436,0.521,1.754
4981,4980679,Neutral,good,1338.4,3.5,0.0,7108.542,807.030,3160.502,4835.574,6359.521,0.3192,0.0362,0.1419,0.2171,0.2855,0.654,0.255
4982,4981679,Neutral,good,1336.8,3.6,0.0,22654.672,19075.730,7209.410,3853.746,1077.107,0.4205,0.3541,0.1338,0.0715,0.0200,1.871,2.646
4983,4982679,Neutral,good,1336.2,3.4,0.0,1060.861,762.348,1819.095,4004.743,2008.271,0.1099,0.0790,0.1884,0.4148,0.2080,0.454,0.419
4984,4983679,Neutral,good,1336.8,2.8,0.0,2753.267,2760.584,895.473,6019.412,2585.521,0.1834,0.1839,0.0596,0.4009,0.1722,0.149,3.083
4985,4984679,Neutral,good,1338.2,4.0,0.0,8007.337,5804.829,2862.487,3182.936,2283.392,0.3617,0.2622,0.1293,0.1438,0.1031,0.899,2.028
4986,4985679,Neutral,good,1338.9,3.2,0.0,7392.448,4224.680,1098.049,7046.416,1855.125,0.3420,0.1954,0.0508,0.3260,0.0858,0.156,3.847
4987,4986679,Neutral,good,1340.3,3.5,0.0,2994.319,1511.395,1850.597,6251.270,939.645,0.2210,0.1116,0.1366,0.4614,0.0694,0.296,0.817
4988,4987678,Neutral,good,1338.3,3.6,0.0,7981.480,10391.278,5290.707,2875.583,505.682,0.2951,0.3842,0.1956,0.1063,0.0187,1.840,1.964
4989,4988678,Neutral,good,1337.5,3.4,0.0,1790.421,1320.917,128.540,4142.359,884.587,0.2166,0.1598,0.0155,0.5011,0.1070,0.031,10.276
4990,4989678,Neutral,good,1339.4,3.4,0.0,4554.064,3605.866,2782.834,6126.629,6968.000,0.1895,0.1500,0.1158,0.2549,0.2899,0.454,1.296
4991,4990678,Neutral,good,1340.3,2.9,0.0,6930.706,727.982,657.990,1550.212,427.281,0.6733,0.0707,0.0639,0.1506,0.0415,0.424,1.106
4992,4991678,Neutral,good,1339.5,3.5,0.0,5625.323,1701.866,1315.323,6814.718,1240.259,0.3369,0.1019,0.0788,0.4081,0.0743,0.193,1.294
4993,4992678,Neutral,good,1339.4,3.1,0.0,5849.318,1885.245,1511.870,1640.443,569.027,0.5106,0.1646,0.1320,0.1432,0.0497,0.922,1.247
4994,4993678,Neutral,good,1338.2,3.5,0.0,6696.998,2694.894,2363.729,1471.847,7094.667,0.3295,0.1326,0.1163,0.0724,0.3491,1.606,1.140
4995,4994678,Neutral,good,1336.9,3.2,0.0,24346.746,9458.146,3464.763,2351.106,710.243,0.6037,0.2345,0.0859,0.0583,0.0176,1.474,2.730
4996,4995678,Neutral,good,1337.2,3.0,0.0,11232.894,5023.613,2992.536,4443.591,2012.398,0.4370,0.1954,0.1164,0.1729,0.0783,0.673,1.679
4997,4996678,Neutral,good,1338.3,3.7,0.0,31116.076,1334.520,4038.843,7123.731,2606.859,0.6732,0.0289,0.0874,0.1541,0.0564,0.567,0.330
4998,4997678,Neutral,good,1337.7,3.2,0.0,4566.393,3275.848,3442.595,2437.367,1720.068,0.2957,0.2121,0.2229,0.1578,0.1114,1.412,0.952
4999,4998678,Neutral,good,1337.5,2.8,0.0,2813.430,1175.220,1340.486,2890.173,2411.021,0.2647,0.1106,0.1261,0.2719,0.2268,0.464,0.877
5000,4999678,Neutral,good,1340.3,4.3,0.0,25109.680,564.857,806.268,2266.121,2167.840,0.8122,0.0183,0.0261,0.0733,0.0701,0.356,0.701
5001,5000678,Neutral,good,1339.9,2.8,0.0,1345.243,2369.091,2278.518,2365.482,1213.693,0.1405,0.2475,0.2380,0.2471,0.1268,0.963,1.040
5002,5001678,Neutral,good,1339.5,3.0,0.0,9722.147,6696.681,3815.658,3596.123,3280.174,0.3586,0.2470,0.1407,0.1326,0.1210,1.061,1.755
5003,5002678,Neutral,good,1338.8,3.1,0.0,2997.786,905.365,2272.193,4426.320,397.461,0.2725,0.0823,0.2066,0.4024,0.0361,0.513,0.398
5004,5003677,Neutral,good,1338.5,4.0,0.0,4535.931,8170.880,7070.173,13204.616,1783.395,0.1305,0.2350,0.2034,0.3798,0.0513,0.535,1.156
5005,5004677,Neutral,good,1339.0,3.3,0.0,3275.009,6242.831,6945.768,961.399,1681.239,0.1714,0.3267,0.3635,0.0503,0.0880,7.225,0.899
5006,5005677,Neutral,good,1339.0,2.6,0.0,3557.950,3056.054,2693.792,1779.879,314.436,0.3120,0.2680,0.2363,0.1561,0.0276,1.513,1.134
5007,5006677,Neutral,good,1338.9,2.8,0.0,8699.060,7623.244,995.006,4633.671,2463.611,0.3563,0.3122,0.0408,0.1898,0.1009,0.215,7.662
5008,5007677,Neutral,good,1339.0,3.1,0.0,5731.574,3278.183,3742.502,10904.395,2473.576,0.2193,0.1255,0.1432,0.4173,0.0947,0.343,0.876
5009,5008677,Neutral,good,1338.9,3.3,0.0,4208.782,7800.804,13336.712,5655.119,4331.612,0.1191,0.2208,0.3775,0.1601,0.1226,2.358,0.585
5010,5009677,Neutral,good,1339.5,3.4,0.0,3786.575,1923.313,1981.646,9384.392,1308.876,0.2060,0.1046,0.1078,0.5104,0.0712,0.211,0.971
5011,5010677,Neutral,good,1339.6,3.1,0.0,8565.327,11143.029,5566.594,4704.284,3725.033,0.2541,0.3306,0.1652,0.1396,0.1105,1.183,2.002
5012,5011677,Neutral,good,1339.3,3.0,0.0,1131.938,1127.032,853.827,3363.213,1062.417,0.1502,0.1495,0.1133,0.4461,0.1409,0.254,1.320
5013,5012677,Neutral,good,1337.7,3.8,0.0,2836.176,2427.016,2187.070,7641.408,801.924,0.1784,0.1527,0.1376,0.4808,0.0505,0.286,1.110
5014,5013677,Neutral,good,1339.1,3.4,0.0,7667.584,153.790,2611.412,8547.397,1988.561,0.3657,0.0073,0.1245,0.4076,0.0948,0.306,0.059
5015,5014677,Neutral,good,1340.5,3.9,0.0,6285.222,3239.333,3751.909,4276.434,1157.498,0.3359,0.1731,0.2005,0.2286,0.0619,0.877,0.863
5016,5015677,Neutral,good,1339.8,3.0,0.0,3940.315,1247.355,1207.978,5286.896,921.106,0.3126,0.0990,0.0958,0.4195,0.0731,0.228,1.033
5017,5016971,Neutral,good,1338.4,3.9,0.0,5741.172,8349.346,3259.727,7280.299,3229.358,0.2061,0.2997,0.1170,0.2613,0.1159,0.448,2.561
5018,5017677,Neutral,good,1337.8,3.1,0.0,7205.348,4923.405,2007.952,4739.154,7879.360,0.2693,0.1840,0.0750,0.1771,0.2945,0.424,2.452
5019,5018677,Neutral,good,1338.3,2.9,0.0,6988.053,2520.739,4694.091,4284.430,2204.423,0.3377,0.1218,0.2269,0.2071,0.1065,1.096,0.537
5020,5019677,Neutral,good,1340.1,3.8,0.0,5891.494,3969.758,8248.767,7809.443,1597.935,0.2141,0.1443,0.2998,0.2838,0.0581,1.056,0.481
5021,5020676,Neutral,good,1339.2,2.8,0.0,1831.769,663.393,816.358,610.578,436.201,0.4203,0.1522,0.1873,0.1401,0.1001,1.337,0.813
5022,5021676,Neutral,good,1338.3,3.0,0.0,9122.533,9549.922,5301.054,2656.925,1131.025,0.3286,0.3440,0.1910,0.0957,0.0407,1.995,1.802
5023,5022676,Neutral,good,1338.4,3.4,0.0,6819.470,9400.258,4961.155,4568.343,1365.760,0.2515,0.3467,0.1830,0.1685,0.0504,1.086,1.895
5024,5023676,Neutral,good,1338.1,3.0,0.0,3007.999,5493.255,3820.543,1996.229,1341.400,0.1921,0.3508,0.2440,0.1275,0.0857,1.914,1.438
5025,5024676,Neutral,good,1339.7,3.4,0.0,5293.987,335.758,1086.122,6001.264,562.128,0.3987,0.0253,0.0818,0.4519,0.0423,0.181,0.309
5026,5025676,Neutral,good,1338.8,3.7,0.0,2632.535,3251.104,2373.592,4590.638,2204.203,0.1749,0.2160,0.1577,0.3050,0.1464,0.517,1.370
5027,5026676,Neutral,good,1338.8,2.4,0.0,573.323,512.691,1360.108,2675.457,1091.820,0.0923,0.0825,0.2189,0.4306,0.1757,0.508,0.377
5028,5027676,Neutral,good,1338.6,3.7,0.0,646.929,1721.394,2278.325,4093.359,2133.544,0.0595,0.1583,0.2095,0.3765,0.1962,0.557,0.756
5029,5028676,Neutral,good,1338.8,3.4,0.0,2823.675,17471.898,12399.309,6699.616,4566.234,0.0642,0.3974,0.2821,0.1524,0.1039,1.851,1.409
5030,5029676,Neutral,good,1341.2,4.4,0.0,11115.536,27676.330,25016.562,5921.444,958.289,0.1572,0.3915,0.3539,0.0838,0.0136,4.225,1.106
5031,5030676,Neutral,good,1338.9,3.3,0.0,1111.439,4753.606,6070.487,3169.060,1835.877,0.0656,0.2806,0.3583,0.1871,0.1084,1.916,0.783
5032,5031676,Neutral,good,1339.3,2.8,0.0,1774.656,5068.422,4352.816,2857.404,2083.707,0.1100,0.3141,0.2697,0.1771,0.1291,1.523,1.164
5033,5032676,Neutral,good,1338.8,2.8,0.0,2026.355,2232.117,714.614,1710.108,738.496,0.2730,0.3008,0.0963,0.2304,0.0995,0.418,3.124
5034,5033676,Neutral,good,1338.0,3.5,0.0,821.664,935.169,400.193,4809.089,2029.059,0.0913,0.1040,0.0445,0.5346,0.2256,0.083,2.337
5035,5034675,Neutral,good,1339.4,3.1,0.0,3018.200,336.255,800.248,3297.363,2591.792,0.3005,0.0335,0.0797,0.3283,0.2580,0.243,0.420
5036,5035676,Neutral,good,1338.5,3.4,0.0,2908.454,836.175,786.446,1776.931,1344.626,0.3801,0.1093,0.1028,0.2322,0.1757,0.443,1.063
5037,5036675,Neutral,good,1338.4,3.0,0.0,1643.447,2594.013,1050.578,2482.719,337.763,0.2027,0.3199,0.1296,0.3062,0.0417,0.423,2.469
5038,5037675,Neutral,good,1336.8,3.6,0.0,1524.321,1440.070,1299.306,13011.405,1209.257,0.0825,0.0779,0.0703,0.7039,0.0654,0.100,1.108
5039,5038675,Neutral,good,1338.1,3.5,0.0,10867.968,3504.070,3838.755,3170.448,478.411,0.4972,0.1603,0.1756,0.1450,0.0219,1.211,0.913
5040,5039675,Neutral,good,1339.3,3.4,0.0,4521.510,766.068,394.077,6902.247,1285.906,0.3260,0.0552,0.0284,0.4976,0.0927,0.057,1.944
5041,5040675,Neutral,good,1337.9,3.5,0.0,31055.379,11143.236,2239.002,6327.194,2868.407,0.5790,0.2078,0.0417,0.1180,0.0535,0.354,4.977
5042,5041675,Neutral,good,1337.4,2.8,0.0,1634.813,857.342,616.685,5823.124,770.326,0.1685,0.0884,0.0636,0.6002,0.0794,0.106,1.390
5043,5044027,Neutral,good,1338.2,3.3,0.0,8190.124,2314.888,637.669,5550.758,1076.693,0.4609,0.1303,0.0359,0.3124,0.0606,0.115,3.630
5044,5044174,Neutral,good,1338.9,3.6,0.0,26824.299,146.160,1883.992,4562.368,856.801,0.7827,0.0043,0.0550,0.1331,0.0250,0.413,0.078
5045,5044675,Neutral,good,1338.6,3.1,0.0,8551.086,1201.698,449.146,4306.858,1676.380,0.5283,0.0742,0.0278,0.2661,0.1036,0.104,2.676
5046,5045675,Neutral,good,1337.7,3.3,0.0,2879.545,4477.299,3339.386,4573.745,769.136,0.1795,0.2791,0.2082,0.2852,0.0480,0.730,1.341
5047,5046675,Neutral,good,1338.7,3.4,0.0,4133.952,4724.369,2063.122,4292.657,3806.576,0.2173,0.2484,0.1085,0.2257,0.2001,0.481,2.290
5048,5047675,Neutral,good,1339.0,3.4,0.0,5719.793,8202.165,2976.520,3010.824,3056.542,0.2491,0.3571,0.1296,0.1311,0.1331,0.989,2.756
5049,5048675,Neutral,good,1338.9,3.3,0.0,6956.013,3153.887,2541.174,6435.064,1026.505,0.3459,0.1568,0.1263,0.3200,0.0510,0.395,1.241
5050,5049674,Neutral,good,1339.1,3.6,0.0,2536.520,2736.670,6555.779,6925.819,4396.265,0.1096,0.1182,0.2832,0.2992,0.1899,0.947,0.417
5051,5050674,Neutral,good,1337.7,3.2,0.0,2772.096,3261.799,3835.486,8948.160,1309.110,0.1377,0.1621,0.1906,0.4446,0.0650,0.429,0.850
5052,5051674,Neutral,good,1337.1,2.8,0.0,5331.997,3048.085,3306.850,5233.030,1501.314,0.2894,0.1655,0.1795,0.2841,0.0815,0.632,0.922
5053,5052674,Neutral,good,1338.0,3.7,0.0,8606.945,1013.012,1659.683,1927.669,906.794,0.6098,0.0718,0.1176,0.1366,0.0642,0.861,0.610
5054,5053674,Neutral,good,1338.8,2.8,0.0,3360.028,3380.806,3500.631,1192.271,3066.200,0.2317,0.2332,0.2414,0.0822,0.2115,2.936,0.966
5055,5054674,Neutral,good,1337.8,2.9,0.0,1570.444,631.223,1042.733,7606.119,854.380,0.1342,0.0539,0.0891,0.6498,0.0730,0.137,0.605
5056,5055674,Neutral,good,1337.9,2.9,0.0,956.891,388.038,572.184,2614.429,539.806,0.1887,0.0765,0.1128,0.5155,0.1064,0.219,0.678
5057,5056674,Neutral,good,1338.3,2.8,0.0,2112.511,1614.728,2353.029,2224.232,1692.347,0.2113,0.1615,0.2354,0.2225,0.1693,1.058,0.686
5058,5057674,Neutral,good,1338.4,3.4,0.0,5601.295,3893.914,1620.798,5081.286,1407.779,0.3182,0.2212,0.0921,0.2886,0.0800,0.319,2.402
5059,5058674,Neutral,good,1339.2,3.5,0.0,1653.084,759.553,1758.960,6334.301,1956.115,0.1326,0.0609,0.1411,0.5083,0.1570,0.278,0.432
5060,5059674,Neutral,good,1337.6,3.6,0.0,5311.658,9841.576,6291.679,4511.333,4866.345,0.1723,0.3193,0.2041,0.1464,0.1579,1.395,1.564
5061,5060674,Neutral,good,1338.6,3.4,0.0,999.277,852.169,754.978,13632.016,1900.855,0.0551,0.0470,0.0416,0.7515,0.1048,0.055,1.129
5062,5061674,Neutral,good,1338.1,3.5,0.0,3362.634,3481.597,1818.418,3378.194,971.275,0.2584,0.2676,0.1397,0.2596,0.0746,0.538,1.915
5063,5062674,Neutral,good,1337.8,3.4,0.0,19054.764,9889.684,3735.749,4872.256,1356.705,0.4897,0.2542,0.0960,0.1252,0.0349,0.767,2.647
5064,5063674,Neutral,good,1338.6,3.0,0.0,2662.139,1305.104,819.753,3733.734,2451.999,0.2426,0.1189,0.0747,0.3403,0.2235,0.220,1.592
5065,5064674,Neutral,good,1338.8,2.8,0.0,4295.051,6971.348,2265.926,1724.933,630.386,0.2703,0.4388,0.1426,0.1086,0.0397,1.314,3.077
5066,5065673,Neutral,good,1339.0,2.9,0.0,1573.676,2130.527,5810.790,7830.149,1517.118,0.0834,0.1130,0.3081,0.4151,0.0804,0.742,0.367
5067,5066674,Neutral,good,1338.5,3.1,0.0,4501.930,3836.008,577.983,6766.962,962.135,0.2705,0.2305,0.0347,0.4065,0.0578,0.085,6.637
5068,5067673,Neutral,good,1338.4,2.9,0.0,11980.164,1965.745,484.800,4928.747,685.169,0.5977,0.0981,0.0242,0.2459,0.0342,0.098,4.055
5069,5068673,Neutral,good,1339.0,2.3,0.0,1220.376,3912.135,3433.799,2460.893,720.508,0.1039,0.3330,0.2923,0.2095,0.0613,1.395,1.139
5070,5069673,Neutral,good,1338.7,2.8,0.0,4221.775,5530.621,906.753,2494.087,830.018,0.3019,0.3955,0.0648,0.1784,0.0594,0.364,6.099
5071,5070673,Neutral,good,1337.9,3.0,0.0,339.672,1738.321,1967.273,1864.601,2426.265,0.0407,0.2085,0.2360,0.2237,0.2911,1.055,0.884
5072,5071673,Neutral,good,1338.2,3.1,0.0,2564.794,911.776,964.889,2838.097,1028.404,0.3087,0.1097,0.1161,0.3416,0.1238,0.340,0.945
5073,5072673,Neutral,good,1338.1,2.8,0.0,2206.902,1150.723,1419.287,2095.882,354.875,0.3053,0.1592,0.1964,0.2900,0.0491,0.677,0.811
5074,5073673,Neutral,good,1340.9,3.7,0.0,11305.370,4491.912,4252.687,1800.602,444.707,0.5071,0.2015,0.1907,0.0808,0.0199,2.362,1.056
5075,5074673,Neutral,good,1339.7,3.5,0.0,1379.383,1716.654,2027.002,6177.057,5049.457,0.0844,0.1050,0.1240,0.3778,0.3088,0.328,0.847
5076,5075673,Neutral,good,1338.9,2.9,0.0,4828.418,2284.875,3936.590,5272.722,2045.826,0.2629,0.1244,0.2143,0.2871,0.1114,0.747,0.580
5077,5076673,Neutral,good,1339.1,3.2,0.0,2038.132,10157.297,10073.628,4258.540,2678.332,0.0698,0.3478,0.3449,0.1458,0.0917,2.366,1.008
5078,5077673,Neutral,good,1338.6,4.0,0.0,943.340,2907.840,3625.261,3668.259,3047.970,0.0665,0.2049,0.2554,0.2585,0.2148,0.988,0.802
5079,5078673,Neutral,good,1341.2,3.9,0.0,5933.286,12109.304,4474.554,1837.304,709.501,0.2367,0.4831,0.1785,0.0733,0.0283,2.435,2.706
5080,5079673,Neutral,good,1339.6,2.8,0.0,3446.657,1360.658,2901.132,10852.638,4055.912,0.1524,0.0602,0.1283,0.4798,0.1793,0.267,0.469
5081,5080673,Neutral,good,1338.6,3.5,0.0,2676.075,2726.334,2008.625,5130.275,2176.741,0.1818,0.1852,0.1365,0.3486,0.1479,0.392,1.357
5082,5081673,Neutral,good,1338.8,2.7,0.0,3537.759,1110.724,230.855,2220.800,917.680,0.4412,0.1385,0.0288,0.2770,0.1145,0.104,4.811
5083,5082672,Neutral,good,1339.1,4.0,0.0,8478.923,7460.732,1695.181,3699.479,1228.445,0.3758,0.3307,0.0751,0.1640,0.0544,0.458,4.401
5084,5083672,Neutral,good,1340.1,3.3,0.0,9972.662,380.652,1635.188,4652.048,1684.522,0.5442,0.0208,0.0892,0.2539,0.0919,0.351,0.233
5085,5084672,Neutral,good,1338.1,3.3,0.0,3601.150,5173.415,6513.375,6110.202,6087.044,0.1310,0.1882,0.2370,0.2223,0.2215,1.066,0.794
5086,5085672,Neutral,good,1338.3,2.9,0.0,959.922,4731.378,4006.348,6154.729,2892.083,0.0512,0.2524,0.2137,0.3283,0.1543,0.651,1.181
5087,5086672,Neutral,good,1338.5,2.9,0.0,5288.430,2371.455,129.779,3217.409,1180.701,0.4339,0.1946,0.0106,0.2640,0.0969,0.040,18.273
5088,5087672,Neutral,good,1338.5,2.9,0.0,5786.738,3167.959,785.759,3243.076,681.919,0.4235,0.2318,0.0575,0.2373,0.0499,0.242,4.032
5089,5088672,Neutral,good,1338.8,3.4,0.0,18048.412,1859.874,1557.314,10193.020,2748.873,0.5245,0.0541,0.0453,0.2962,0.0799,0.153,1.194
5090,5089672,Neutral,good,1338.5,3.4,0.0,11549.935,2956.817,1889.845,11408.513,3552.012,0.3683,0.0943,0.0603,0.3638,0.1133,0.166,1.565
5091,5090672,Neutral,good,1337.9,3.1,0.0,5972.312,5096.705,3725.792,2587.226,3167.980,0.2906,0.2480,0.1813,0.1259,0.1542,1.440,1.368
5092,5091672,Neutral,good,1338.4,3.4,0.0,20194.395,18442.811,19942.984,2875.060,1351.848,0.3215,0.2936,0.3175,0.0458,0.0215,6.937,0.925
5093,5092672,Neutral,good,1339.6,4.7,0.0,17706.682,7471.288,6231.629,5311.956,3288.791,0.4426,0.1867,0.1558,0.1328,0.0822,1.173,1.199
5094,5093672,Neutral,good,1339.4,3.5,0.0,7656.377,3255.659,4808.845,6012.116,903.676,0.3382,0.1438,0.2124,0.2656,0.0399,0.800,0.677
5095,5094672,Neutral,good,1338.3,3.0,0.0,1103.479,3295.853,2104.654,5519.412,2186.335,0.0777,0.2319,0.1481,0.3884,0.1539,0.381,1.566
5096,5095672,Neutral,good,1338.9,3.1,0.0,8228.790,4348.008,749.385,3888.465,2304.190,0.4216,0.2228,0.0384,0.1992,0.1180,0.193,5.802
5097,5096671,Neutral,good,1338.2,3.4,0.0,1622.591,2365.550,1776.260,12295.290,897.457,0.0856,0.1248,0.0937,0.6486,0.0473,0.144,1.332
5098,5097671,Neutral,good,1338.4,3.1,0.0,2505.370,3613.824,3880.375,2996.931,1862.754,0.1686,0.2432,0.2611,0.2017,0.1254,1.295,0.931
5099,5098671,Neutral,good,1338.8,3.2,0.0,5721.788,4801.050,1706.218,8687.825,862.291,0.2627,0.2204,0.0783,0.3989,0.0396,0.196,2.814
5100,5099671,Neutral,good,1338.5,3.4,0.0,148.000,899.210,1915.512,3862.944,1222.950,0.0184,0.1117,0.2380,0.4800,0.1519,0.496,0.469
5101,5100671,Neutral,good,1338.4,2.8,0.0,4911.867,4259.650,3232.173,5860.350,1274.726,0.2514,0.2180,0.1654,0.2999,0.0652,0.552,1.318
5102,5101671,Neutral,good,1338.0,2.9,0.0,2690.459,4687.719,1530.136,3521.599,2842.211,0.1762,0.3069,0.1002,0.2306,0.1861,0.435,3.064
5103,5102671,Neutral,good,1337.9,3.5,0.0,2184.969,2356.917,2075.966,7044.679,4102.674,0.1230,0.1327,0.1169,0.3965,0.2309,0.295,1.135
5104,5103671,Neutral,good,1337.7,3.7,0.0,5426.027,5315.287,3076.950,4082.908,2190.773,0.2701,0.2645,0.1531,0.2032,0.1090,0.754,1.727
5105,5104671,Neutral,good,1338.0,3.0,0.0,1161.875,1401.246,1085.548,2198.533,1554.255,0.1570,0.1893,0.1467,0.2970,0.2100,0.494,1.291
5106,5105671,Neutral,good,1338.6,3.2,0.0,2493.876,1240.168,3609.999,9083.328,2821.624,0.1296,0.0644,0.1875,0.4719,0.1466,0.397,0.344
5107,5106671,Neutral,good,1339.3,3.3,0.0,4683.173,2556.152,2631.770,3411.026,782.495,0.3330,0.1817,0.1871,0.2425,0.0556,0.772,0.971
5108,5107671,Neutral,good,1338.3,3.4,0.0,8923.774,12504.900,13534.984,4516.713,1907.703,0.2156,0.3021,0.3270,0.1091,0.0461,2.997,0.924
5109,5108671,Neutral,good,1338.0,2.9,0.0,2723.609,4307.532,1335.544,2715.044,5441.594,0.1648,0.2607,0.0808,0.1643,0.3293,0.492,3.225
5110,5109671,Neutral,good,1338.6,4.0,0.0,879.204,2396.975,766.607,2090.516,3966.607,0.0871,0.2373,0.0759,0.2070,0.3927,0.367,3.127
5111,5110671,Neutral,good,1337.4,3.5,0.0,6177.630,1593.755,2675.893,3791.374,4345.542,0.3324,0.0858,0.1440,0.2040,0.2338,0.706,0.596
5112,5111671,Neutral,good,1338.8,3.4,0.0,764.653,12035.933,15898.956,7177.203,1891.393,0.0202,0.3187,0.4210,0.1900,0.0501,2.215,0.757
5113,5112670,Neutral,good,1338.4,3.4,0.0,6841.604,2408.057,913.837,4417.885,1895.228,0.4152,0.1462,0.0555,0.2681,0.1150,0.207,2.635
5114,5113671,Neutral,good,1338.6,3.4,0.0,3283.507,906.590,957.130,4335.985,1219.434,0.3068,0.0847,0.0894,0.4051,0.1139,0.221,0.947
5115,5114670,Neutral,good,1337.6,3.4,0.0,5264.718,2980.150,2318.840,4058.580,709.657,0.3434,0.1944,0.1512,0.2647,0.0463,0.571,1.285
5116,5115670,Neutral,good,1338.4,3.3,0.0,1195.972,4072.320,3594.488,5775.574,678.660,0.0781,0.2659,0.2347,0.3771,0.0443,0.622,1.133
5117,5116670,Neutral,good,1339.4,3.5,0.0,4649.012,2566.519,1817.131,15932.611,2946.652,0.1666,0.0920,0.0651,0.5708,0.1056,0.114,1.412
5118,5117670,Neutral,good,1338.8,3.5,0.0,6066.796,8512.413,4421.401,3910.721,3604.931,0.2288,0.3210,0.1667,0.1475,0.1360,1.131,1.925
5119,5118670,Neutral,good,1337.8,3.3,0.0,3865.725,12446.246,12026.055,3595.625,1831.601,0.1145,0.3686,0.3562,0.1065,0.0542,3.345,1.035
5120,5119670,Neutral,good,1336.9,3.0,0.0,8042.832,6289.731,609.261,2317.620,1953.991,0.4186,0.3274,0.0317,0.1206,0.1017,0.263,10.324
5121,5120670,Neutral,good,1338.6,3.5,0.0,7167.046,9342.816,8341.526,2999.997,3065.039,0.2318,0.3022,0.2698,0.0970,0.0991,2.781,1.120
5122,5121670,Neutral,good,1338.4,2.9,0.0,387.151,1674.158,1325.034,2016.770,1254.657,0.0582,0.2515,0.1990,0.3029,0.1885,0.657,1.263
5123,5122670,Neutral,good,1338.1,3.3,0.0,1207.246,1993.261,2655.071,18358.359,4249.697,0.0424,0.0700,0.0933,0.6450,0.1493,0.145,0.751
5124,5123670,Neutral,good,1337.6,2.7,0.0,1197.618,3162.067,3287.856,1780.312,1740.239,0.1072,0.2831,0.2944,0.1594,0.1558,1.847,0.962
5125,5124670,Neutral,good,1338.8,3.2,0.0,264.161,456.835,2960.050,3399.517,2375.926,0.0279,0.0483,0.3130,0.3595,0.2512,0.871,0.154
5126,5125670,Neutral,good,1339.1,3.9,0.0,4057.842,3861.972,1749.169,8870.439,12514.750,0.1307,0.1244,0.0563,0.2856,0.4030,0.197,2.208
5127,5126670,Neutral,good,1338.8,2.6,0.0,103.003,372.462,268.509,6681.419,1147.420,0.0120,0.0434,0.0313,0.7794,0.1338,0.040,1.387
5128,5127670,Neutral,good,1339.0,3.2,0.0,583.918,213.828,2621.888,2400.184,1442.806,0.0804,0.0294,0.3610,0.3305,0.1987,1.092,0.082
5129,5128670,Neutral,good,1338.7,3.5,0.0,5753.154,2019.916,1332.612,5350.434,1162.884,0.3683,0.1293,0.0853,0.3426,0.0745,0.249,1.516
5130,5129669,Neutral,good,1338.5,3.8,0.0,19868.742,17089.156,7434.615,3741.233,2253.084,0.3943,0.3392,0.1476,0.0743,0.0447,1.987,2.299
5131,5130669,Neutral,good,1339.0,3.5,0.0,4470.660,7548.879,5589.840,4074.306,1106.778,0.1962,0.3312,0.2453,0.1788,0.0486,1.372,1.350
5132,5131669,Neutral,good,1340.9,4.0,0.0,4629.235,2380.261,2017.359,5788.436,2653.469,0.2650,0.1363,0.1155,0.3314,0.1519,0.349,1.180
5133,5132669,Neutral,good,1339.4,3.3,0.0,9148.692,4766.257,796.779,4032.091,2265.099,0.4355,0.2269,0.0379,0.1919,0.1078,0.198,5.982
5134,5133669,Neutral,good,1339.2,3.7,0.0,15383.786,10457.266,13197.970,8471.035,5361.346,0.2910,0.1978,0.2496,0.1602,0.1014,1.558,0.792
5135,5134669,Neutral,good,1340.0,3.3,0.0,778.537,992.794,999.222,2791.605,3013.650,0.0908,0.1158,0.1165,0.3255,0.3514,0.358,0.994
5136,5135669,Neutral,good,1339.0,3.1,0.0,746.281,1116.740,1142.790,6012.378,3390.437,0.0601,0.0900,0.0921,0.4845,0.2732,0.190,0.977
5137,5136669,Neutral,good,1339.7,3.2,0.0,1104.443,671.722,550.600,3259.682,1580.753,0.1541,0.0937,0.0768,0.4548,0.2206,0.169,1.220
5138,5137669,Neutral,good,1339.8,3.5,0.0,29336.027,7027.018,6055.419,8034.312,4809.204,0.5309,0.1272,0.1096,0.1454,0.0870,0.754,1.160
5139,5138669,Neutral,good,1340.3,3.2,0.0,8103.248,6127.558,1418.635,1992.387,3097.476,0.3907,0.2955,0.0684,0.0961,0.1494,0.712,4.319
5140,5139669,Neutral,good,1340.5,2.7,0.0,1515.391,1262.790,1501.842,1444.856,1526.266,0.2090,0.1742,0.2071,0.1993,0.2105,1.039,0.841
5141,5140669,Neutral,good,1338.8,3.3,0.0,15422.902,1191.841,3109.475,7364.670,2662.786,0.5184,0.0401,0.1045,0.2475,0.0895,0.422,0.383
5142,5141669,Neutral,good,1339.4,2.6,0.0,3666.041,3674.441,864.571,3254.785,2062.658,0.2711,0.2717,0.0639,0.2407,0.1525,0.266,4.250
5143,5142669,Neutral,good,1340.1,2.6,0.0,5817.302,2883.720,1313.416,3538.387,291.550,0.4202,0.2083,0.0949,0.2556,0.0211,0.371,2.196
5144,5143669,Neutral,good,1339.2,3.4,0.0,1334.469,3712.305,4293.836,5755.731,5953.145,0.0634,0.1764,0.2040,0.2734,0.2828,0.746,0.865
5145,5144668,Neutral,good,1338.9,2.3,0.0,1498.221,3837.593,1404.238,1140.692,979.727,0.1691,0.4331,0.1585,0.1287,0.1106,1.231,2.733
5146,5145668,Neutral,good,1338.2,3.1,0.0,775.271,1236.450,1620.819,3067.397,4179.650,0.0713,0.1136,0.1490,0.2819,0.3842,0.528,0.763
5147,5146668,Neutral,good,1338.9,3.0,0.0,1008.522,7429.467,8492.012,688.479,482.874,0.0557,0.4104,0.4691,0.0380,0.0267,12.334,0.875
5148,5147668,Neutral,good,1339.4,3.4,0.0,6725.515,4843.479,6090.760,9942.572,1193.869,0.2336,0.1682,0.2115,0.3453,0.0415,0.613,0.795
5149,5148668,Neutral,good,1338.3,3.2,0.0,7835.779,2838.787,4064.762,3024.583,1885.629,0.3988,0.1445,0.2069,0.1539,0.0960,1.344,0.698
5150,5149668,Neutral,good,1338.5,3.0,0.0,3781.727,710.114,874.967,3917.228,3597.826,0.2936,0.0551,0.0679,0.3041,0.2793,0.223,0.812
5151,5150668,Neutral,good,1337.9,2.8,0.0,3193.016,2430.528,3554.447,2075.701,606.908,0.2692,0.2049,0.2997,0.1750,0.0512,1.712,0.684
5152,5151668,Neutral,good,1337.9,2.9,0.0,3705.683,944.736,879.033,2768.111,1711.101,0.3702,0.0944,0.0878,0.2766,0.1710,0.318,1.075
5153,5152668,Neutral,good,1337.8,3.1,0.0,16082.740,3744.798,315.390,1910.818,748.965,0.7053,0.1642,0.0138,0.0838,0.0328,0.165,11.874
5154,5153668,Neutral,good,1338.3,3.3,0.0,852.858,695.226,614.044,3619.818,2367.778,0.1046,0.0853,0.0753,0.4442,0.2905,0.170,1.132
5155,5154668,Neutral,good,1338.5,3.0,0.0,482.228,885.494,875.178,4892.279,3294.161,0.0462,0.0849,0.0839,0.4691,0.3159,0.179,1.012
5156,5155668,Neutral,good,1337.8,3.5,0.0,4933.946,3384.365,2776.194,6235.931,1326.520,0.2645,0.1814,0.1488,0.3342,0.0711,0.445,1.219
5157,5156668,Neutral,good,1338.4,3.4,0.0,7339.571,8635.420,5553.374,1928.449,4748.311,0.2602,0.3062,0.1969,0.0684,0.1683,2.880,1.555
5158,5157668,Neutral,good,1337.5,3.4,0.0,5085.640,9654.009,6084.159,2353.995,1348.757,0.2074,0.3936,0.2481,0.0960,0.0550,2.585,1.587
5159,5158668,Neutral,good,1339.1,2.8,0.0,1449.838,1863.115,1407.031,3699.732,907.796,0.1554,0.1997,0.1508,0.3966,0.0973,0.380,1.324
5160,5159668,Neutral,good,1338.3,2.8,0.0,4870.887,8576.892,9278.247,3881.935,2280.723,0.1686,0.2969,0.3212,0.1344,0.0789,2.390,0.924
5161,5160667,Neutral,good,1338.4,3.3,0.0,2040.211,2862.301,676.761,1878.666,1622.336,0.2247,0.3152,0.0745,0.2069,0.1787,0.360,4.229
5162,5161667,Neutral,good,1339.4,2.9,0.0,2219.249,1803.278,2273.317,5517.932,3809.383,0.1420,0.1154,0.1455,0.3532,0.2438,0.412,0.793
5163,5162667,Neutral,good,1339.3,2.9,0.0,3150.431,4274.964,5300.276,6440.778,3434.022,0.1394,0.1892,0.2345,0.2850,0.1519,0.823,0.807
5164,5163667,Neutral,good,1338.5,2.7,0.0,11496.475,2237.545,3053.476,2657.201,3182.916,0.5081,0.0989,0.1349,0.1174,0.1407,1.149,0.733
5165,5164667,Neutral,good,1338.0,3.6,0.0,778.904,16014.108,11690.047,3739.263,1541.381,0.0231,0.4743,0.3462,0.1107,0.0457,3.126,1.370
5166,5165667,Neutral,good,1337.0,3.5,0.0,1364.248,8842.649,6064.933,5318.304,2090.357,0.0576,0.3734,0.2561,0.2246,0.0883,1.140,1.458
5167,5166667,Neutral,good,1337.5,3.0,0.0,8782.748,9419.543,1895.126,3657.485,2872.817,0.3298,0.3537,0.0712,0.1374,0.1079,0.518,4.970
5168,5167667,Neutral,good,1337.5,4.2,0.0,4388.109,1937.185,5985.402,2374.320,1608.876,0.2693,0.1189,0.3673,0.1457,0.0987,2.521,0.324
5169,5168667,Neutral,good,1338.4,3.0,0.0,2824.867,2251.510,616.234,1378.802,789.970,0.3593,0.2864,0.0784,0.1754,0.1005,0.447,3.654
5170,5169667,Neutral,good,1337.2,3.5,0.0,4184.698,8307.396,4599.428,1467.965,9002.822,0.1518,0.3014,0.1669,0.0533,0.3266,3.133,1.806
5171,5170667,Neutral,good,1338.6,3.0,0.0,3202.811,4371.390,3840.910,3963.359,907.474,0.1967,0.2684,0.2358,0.2434,0.0557,0.969,1.138
5172,5171667,Neutral,good,1338.8,3.3,0.0,6308.367,4891.893,980.479,6502.309,8930.047,0.2285,0.1772,0.0355,0.2355,0.3234,0.151,4.989
5173,5172667,Neutral,good,1338.4,3.1,0.0,4723.662,3752.106,1331.678,5833.937,2549.131,0.2597,0.2063,0.0732,0.3207,0.1401,0.228,2.818
5174,5173667,Neutral,good,1339.0,2.8,0.0,1508.223,2470.349,2268.351,2295.857,600.210,0.1650,0.2702,0.2481,0.2511,0.0656,0.988,1.089
5175,5174667,Neutral,good,1337.3,3.2,0.0,687.445,2498.481,2715.479,9531.218,838.987,0.0422,0.1535,0.1669,0.5858,0.0516,0.285,0.920
5176,5175666,Neutral,good,1337.6,2.8,0.0,1816.355,1604.588,8693.655,18703.836,1349.594,0.0565,0.0499,0.2703,0.5814,0.0420,0.465,0.185
5177,5176666,Neutral,good,1338.8,4.8,0.0,1955.409,2254.734,1760.359,6886.511,6101.269,0.1031,0.1189,0.0929,0.3632,0.3218,0.256,1.281
5178,5177666,Neutral,good,1338.1,3.8,0.0,7760.413,5119.600,3718.467,5039.017,775.458,0.3462,0.2284,0.1659,0.2248,0.0346,0.738,1.377
5179,5178666,Neutral,good,1337.9,2.9,0.0,9922.914,7228.460,5205.314,5463.966,1563.268,0.3377,0.2460,0.1771,0.1860,0.0532,0.953,1.389
5180,5179666,Neutral,good,1337.5,3.2,0.0,15052.190,6472.348,2133.708,5436.671,2092.344,0.4826,0.2075,0.0684,0.1743,0.0671,0.392,3.033
5181,5180666,Neutral,good,1337.2,3.0,0.0,5425.682,1365.514,1509.295,3541.110,1337.695,0.4117,0.1036,0.1145,0.2687,0.1015,0.426,0.905
5182,5181666,Neutral,good,1338.3,3.2,0.0,1254.920,461.489,546.607,3130.151,1054.169,0.1946,0.0716,0.0848,0.4855,0.1635,0.175,0.844
5183,5182666,Neutral,good,1338.0,3.5,0.0,17684.104,6194.693,1885.494,4378.902,507.453,0.5770,0.2021,0.0615,0.1429,0.0166,0.431,3.285
5184,5183666,Neutral,good,1338.7,2.9,0.0,3882.330,3889.935,1737.629,2743.175,954.962,0.2939,0.2945,0.1316,0.2077,0.0723,0.633,2.239
5185,5184666,Neutral,good,1338.5,3.5,0.0,7625.614,9356.856,5980.278,660.781,225.081,0.3198,0.3923,0.2508,0.0277,0.0094,9.050,1.565
5186,5185666,Neutral,good,1338.3,3.5,0.0,2567.436,5895.371,6118.286,10458.833,3551.070,0.0898,0.2062,0.2140,0.3658,0.1242,0.585,0.964
5187,5186666,Neutral,good,1338.0,2.7,0.0,1339.449,3886.272,5287.294,6306.730,1344.370,0.0737,0.2140,0.2911,0.3472,0.0740,0.838,0.735
5188,5187666,Neutral,good,1337.4,3.2,0.0,11261.070,2382.162,1258.952,2498.677,2957.967,0.5531,0.1170,0.0618,0.1227,0.1453,0.504,1.892
5189,5188666,Neutral,good,1338.1,3.0,0.0,1009.185,2731.180,527.363,4673.783,2841.595,0.0856,0.2318,0.0448,0.3967,0.2412,0.113,5.179
5190,5189666,Neutral,good,1337.3,3.4,0.0,399.749,7285.387,5817.625,8397.817,5668.202,0.0145,0.2643,0.2110,0.3046,0.2056,0.693,1.252
5191,5190665,Neutral,good,1337.2,2.4,0.0,4839.582,1409.282,175.688,1011.382,2368.403,0.4936,0.1437,0.0179,0.1032,0.2416,0.174,8.022
5192,5191666,Neutral,good,1337.3,3.3,0.0,1298.384,11105.214,9794.284,6310.408,2871.471,0.0414,0.3539,0.3121,0.2011,0.0915,1.552,1.134
5193,5192665,Neutral,good,1338.1,3.4,0.0,2499.668,2321.945,1056.877,3536.412,1912.283,0.2207,0.2050,0.0933,0.3122,0.1688,0.299,2.197
5194,5193665,Neutral,good,1336.7,4.0,0.0,12684.096,19572.369,13408.806,4629.979,5934.152,0.2256,0.3481,0.2385,0.0823,0.1055,2.896,1.460
5195,5194665,Neutral,good,1337.4,3.0,0.0,7102.691,3087.628,1446.685,8403.042,1283.588,0.3331,0.1448,0.0678,0.3941,0.0602,0.172,2.134
5196,5195665,Neutral,good,1336.8,2.8,0.0,6029.641,5860.795,4229.504,2661.602,1019.542,0.3045,0.2960,0.2136,0.1344,0.0515,1.589,1.386
5197,5196665,Neutral,good,1336.3,3.0,0.0,4653.093,3040.081,283.205,2682.592,511.545,0.4166,0.2722,0.0254,0.2401,0.0458,0.106,10.735
5198,5197665,Neutral,good,1337.4,3.4,0.0,4100.530,3997.686,2289.807,9201.694,1405.059,0.1953,0.1904,0.1091,0.4383,0.0669,0.249,1.746
5199,5198665,Neutral,good,1337.3,2.9,0.0,15019.826,3622.136,1861.268,2048.766,1202.851,0.6323,0.1525,0.0784,0.0862,0.0506,0.908,1.946
5200,5199665,Neutral,good,1336.9,3.2,0.0,1719.505,1948.182,2470.019,1516.117,1024.796,0.1981,0.2245,0.2846,0.1747,0.1181,1.629,0.789
5201,5200665,Neutral,good,1337.1,3.3,0.0,4790.463,7303.111,3970.290,2282.605,2116.834,0.2341,0.3569,0.1940,0.1115,0.1034,1.739,1.839
5202,5201665,Neutral,good,1337.1,2.8,0.0,501.858,441.863,1042.553,2977.578,720.104,0.0883,0.0777,0.1834,0.5239,0.1267,0.350,0.424
5203,5202665,Neutral,good,1336.9,3.2,0.0,5443.562,4086.695,3968.523,1865.539,649.170,0.3399,0.2552,0.2478,0.1165,0.0405,2.127,1.030
5204,5203665,Neutral,good,1336.3,3.1,0.0,5041.903,1514.580,819.892,1627.547,968.964,0.5056,0.1519,0.0822,0.1632,0.0972,0.504,1.847
5205,5204665,Neutral,good,1336.8,3.7,0.0,7342.691,8149.831,8600.396,1750.792,958.921,0.2740,0.3041,0.3209,0.0653,0.0358,4.912,0.948
5206,5205665,Neutral,good,1336.9,3.8,0.0,964.065,2239.950,1774.803,12110.104,6840.629,0.0403,0.0936,0.0742,0.5061,0.2859,0.147,1.262
5207,5206665,Neutral,good,1337.1,3.2,0.0,3665.880,1827.469,3058.886,8608.116,1977.662,0.1915,0.0955,0.1598,0.4498,0.1033,0.355,0.597
5208,5207664,Neutral,good,1337.4,3.5,0.0,16037.471,2589.493,1711.308,13698.207,1231.480,0.4547,0.0734,0.0485,0.3884,0.0349,0.125,1.513
5209,5208664,Neutral,good,1336.5,3.1,0.0,364.223,797.417,2941.114,13223.036,3935.456,0.0171,0.0375,0.1383,0.6219,0.1851,0.222,0.271
5210,5209664,Neutral,good,1337.0,2.9,0.0,3099.704,1288.987,832.919,1936.754,1345.158,0.3645,0.1516,0.0979,0.2278,0.1582,0.430,1.548
5211,5210664,Neutral,good,1338.1,3.3,0.0,2101.996,1798.757,1492.991,10212.223,2725.403,0.1147,0.0981,0.0814,0.5571,0.1487,0.146,1.205
5212,5211664,Neutral,good,1337.1,2.9,0.0,5161.495,3644.361,2231.816,2675.968,1737.475,0.3341,0.2359,0.1444,0.1732,0.1124,0.834,1.633
5213,5212664,Neutral,good,1336.6,3.2,0.0,1755.123,3780.297,3583.255,3326.482,322.117,0.1375,0.2961,0.2807,0.2605,0.0252,1.077,1.055
5214,5213664,Neutral,good,1336.6,4.1,0.0,2638.653,4322.407,1362.304,4933.921,5324.476,0.1420,0.2326,0.0733,0.2655,0.2865,0.276,3.173
5215,5214664,Neutral,good,1337.2,3.1,0.0,2228.567,1884.565,4976.370,4361.759,763.509,0.1568,0.1326,0.3501,0.3068,0.0537,1.141,0.379
5216,5215664,Neutral,good,1338.4,3.4,0.0,12166.116,263.320,795.700,4615.827,857.625,0.6506,0.0141,0.0426,0.2469,0.0459,0.172,0.331
5217,5216664,Neutral,good,1337.1,3.4,0.0,7784.667,7627.981,2263.010,1735.583,485.143,0.3913,0.3834,0.1137,0.0872,0.0244,1.304,3.371
5218,5217664,Neutral,good,1337.0,2.7,0.0,1992.266,1195.679,2716.701,3088.537,1054.029,0.1983,0.1190,0.2704,0.3074,0.1049,0.880,0.440
5219,5218664,Neutral,good,1337.0,3.3,0.0,4377.927,13152.602,11351.817,6518.354,1983.775,0.1171,0.3518,0.3037,0.1744,0.0531,1.742,1.159
5220,5219664,Neutral,good,1337.5,3.3,0.0,5361.188,1188.824,2288.566,5677.901,3314.228,0.3007,0.0667,0.1283,0.3184,0.1859,0.403,0.519
5221,5220664,Neutral,good,1337.7,4.2,0.0,4044.893,2440.793,6947.773,3557.635,14422.837,0.1288,0.0777,0.2212,0.1133,0.4591,1.953,0.351
5222,5221663,Neutral,good,1336.5,3.1,0.0,2493.457,1494.963,1618.550,3762.877,1134.159,0.2374,0.1423,0.1541,0.3582,0.1080,0.430,0.924
5223,5222664,Neutral,good,1337.8,2.7,0.0,1900.536,581.911,1486.384,2706.332,979.129,0.2483,0.0760,0.1942,0.3536,0.1279,0.549,0.391
5224,5223663,Neutral,good,1336.8,2.8,0.0,2228.768,475.858,721.242,2189.678,522.066,0.3631,0.0775,0.1175,0.3568,0.0851,0.329,0.660
5225,5224663,Neutral,good,1337.0,2.9,0.0,3605.896,2957.228,2721.555,8799.539,1542.945,0.1837,0.1507,0.1387,0.4483,0.0786,0.309,1.087
5226,5225663,Neutral,good,1336.8,2.7,0.0,2372.537,2594.572,4490.131,5602.961,444.006,0.1530,0.1673,0.2896,0.3614,0.0286,0.801,0.578
5227,5226663,Neutral,good,1337.2,3.3,0.0,4905.485,4921.667,3455.745,13729.069,1968.124,0.1693,0.1698,0.1192,0.4737,0.0679,0.252,1.424
5228,5227663,Neutral,good,1337.6,2.9,0.0,5757.292,3116.688,5421.874,24116.705,2572.020,0.1405,0.0760,0.1323,0.5884,0.0628,0.225,0.575
5229,5228663,Neutral,good,1337.2,2.9,0.0,2636.286,2628.963,1057.819,4726.033,851.405,0.2215,0.2209,0.0889,0.3971,0.0715,0.224,2.485
5230,5229663,Neutral,good,1337.1,3.0,0.0,7839.080,6591.792,1487.330,2375.383,1527.243,0.3955,0.3326,0.0750,0.1198,0.0771,0.626,4.432
5231,5230663,Neutral,good,1336.4,3.3,0.0,14751.552,5358.053,1798.698,4605.508,1724.245,0.5224,0.1897,0.0637,0.1631,0.0611,0.391,2.979
5232,5231663,Neutral,good,1337.2,2.8,0.0,5667.250,3280.894,3402.737,2988.852,1138.016,0.3439,0.1991,0.2065,0.1814,0.0691,1.138,0.964
5233,5232663,Neutral,good,1337.3,2.9,0.0,266.037,1983.342,1479.710,4155.641,1362.921,0.0288,0.2145,0.1600,0.4494,0.1474,0.356,1.340
5234,5233663,Neutral,good,1336.7,2.9,0.0,4764.080,5740.651,6469.003,5079.997,845.722,0.2080,0.2507,0.2825,0.2218,0.0369,1.273,0.887
5235,5234663,Neutral,good,1336.0,2.8,0.0,3256.357,7630.961,2685.746,3101.799,3947.835,0.1579,0.3700,0.1302,0.1504,0.1914,0.866,2.841
5236,5235663,Neutral,good,1337.0,3.5,0.0,1762.949,4112.912,4080.228,4221.564,1403.486,0.1131,0.2640,0.2619,0.2709,0.0901,0.967,1.008
5237,5236663,Neutral,good,1337.9,4.3,0.0,7285.041,634.222,3289.563,9324.889,1379.346,0.3325,0.0289,0.1501,0.4255,0.0629,0.353,0.193
5238,5237663,Neutral,good,1336.9,3.4,0.0,4176.677,5739.062,4225.516,5526.112,1473.184,0.1976,0.2715,0.1999,0.2614,0.0697,0.765,1.358
5239,5238662,Neutral,good,1337.6,3.3,0.0,556.648,679.791,5512.784,7828.803,772.618,0.0363,0.0443,0.3591,0.5100,0.0503,0.704,0.123
5240,5239662,Neutral,good,1337.0,2.9,0.0,6611.917,4552.069,889.738,1003.052,979.240,0.4711,0.3243,0.0634,0.0715,0.0698,0.887,5.116
5241,5240662,Neutral,good,1337.8,3.8,0.0,18705.109,10600.490,3525.226,4355.888,1447.268,0.4842,0.2744,0.0912,0.1127,0.0375,0.809,3.007
5242,5241662,Neutral,good,1337.4,3.2,0.0,3974.460,5008.749,2655.499,6396.428,615.322,0.2131,0.2686,0.1424,0.3430,0.0330,0.415,1.886
5243,5242662,Neutral,good,1336.3,3.6,0.0,11714.846,11485.129,6063.359,6082.004,4456.900,0.2943,0.2886,0.1523,0.1528,0.1120,0.997,1.894
5244,5243662,Neutral,good,1336.5,2.6,0.0,115.411,704.733,803.688,2578.979,4768.782,0.0129,0.0786,0.0896,0.2875,0.5315,0.312,0.877
5245,5244662,Neutral,good,1336.2,3.0,0.0,1590.413,944.522,1051.955,2753.668,3495.860,0.1617,0.0960,0.1069,0.2799,0.3554,0.382,0.898
5246,5245662,Neutral,good,1336.1,2.8,0.0,441.335,820.940,988.631,12371.115,1315.186,0.0277,0.0515,0.0620,0.7762,0.0825,0.080,0.830
5247,5246662,Neutral,good,1336.1,3.2,0.0,6947.872,3096.710,5806.261,5533.987,3363.354,0.2807,0.1251,0.2346,0.2236,0.1359,1.049,0.533
5248,5247662,Neutral,good,1336.2,2.8,0.0,1941.770,2064.256,1371.766,1907.736,3096.377,0.1870,0.1988,0.1321,0.1838,0.2982,0.719,1.505
5249,5248662,Neutral,good,1336.6,3.5,0.0,960.923,503.136,363.634,1821.029,2903.818,0.1466,0.0768,0.0555,0.2779,0.4432,0.200,1.384
5250,5249662,Neutral,good,1336.9,3.1,0.0,1649.007,3197.484,2762.711,3360.817,1513.646,0.1321,0.2561,0.2213,0.2692,0.1213,0.822,1.157
5251,5250662,Neutral,good,1336.5,3.4,0.0,15558.927,7212.423,6038.887,10838.390,1600.228,0.3772,0.1749,0.1464,0.2628,0.0388,0.557,1.194
5252,5251662,Neutral,good,1337.5,3.0,0.0,65.317,542.174,476.420,1520.995,1447.243,0.0161,0.1338,0.1176,0.3754,0.3572,0.313,1.138
5253,5252662,Neutral,good,1337.9,2.7,0.0,1785.890,661.371,225.033,899.041,564.549,0.4318,0.1599,0.0544,0.2174,0.1365,0.250,2.939
5254,5253661,Neutral,good,1336.1,3.3,0.0,8601.858,2156.435,802.275,914.084,437.480,0.6662,0.1670,0.0621,0.0708,0.0339,0.878,2.688
5255,5254661,Neutral,good,1335.3,3.9,0.0,6054.007,2710.383,1033.118,2891.654,1333.172,0.4317,0.1933,0.0737,0.2062,0.0951,0.357,2.623
5256,5255661,Neutral,good,1333.9,2.9,0.0,3327.132,7233.883,4725.865,1498.882,1039.299,0.1867,0.4058,0.2651,0.0841,0.0583,3.153,1.531
5257,5256661,Neutral,good,1335.2,4.1,0.0,6892.646,2101.945,1774.716,7325.291,578.953,0.3691,0.1126,0.0950,0.3923,0.0310,0.242,1.184
5258,5257661,Neutral,good,1336.2,3.4,0.0,7158.165,1534.360,1725.462,1508.365,3823.754,0.4545,0.0974,0.1096,0.0958,0.2428,1.144,0.889
5259,5258661,Neutral,good,1336.3,3.6,0.0,7581.957,2604.570,1806.165,10623.686,5880.893,0.2661,0.0914,0.0634,0.3728,0.2064,0.170,1.442
5260,5259661,Neutral,good,1336.2,3.5,0.0,6958.404,1912.203,4279.343,7736.630,1818.980,0.3065,0.0842,0.1885,0.3407,0.0801,0.553,0.447
5261,5260661,Neutral,good,1337.0,3.1,0.0,4493.598,2121.201,2099.210,6646.378,4038.749,0.2316,0.1093,0.1082,0.3426,0.2082,0.316,1.010
5262,5261661,Neutral,good,1337.1,3.1,0.0,6621.787,6175.248,4543.646,8426.676,1201.023,0.2455,0.2290,0.1685,0.3125,0.0445,0.539,1.359
5263,5262661,Neutral,good,1337.4,3.3,0.0,1849.271,1126.275,567.005,4025.740,4265.515,0.1563,0.0952,0.0479,0.3402,0.3605,0.141,1.986
5264,5263661,Neutral,good,1335.7,3.5,0.0,2069.621,200.192,1849.650,3774.148,7953.003,0.1306,0.0126,0.1167,0.2382,0.5019,0.490,0.108
5265,5264661,Neutral,good,1336.5,3.4,0.0,7870.403,5474.488,1497.415,2599.000,1058.024,0.4254,0.2959,0.0809,0.1405,0.0572,0.576,3.656
5266,5265661,Neutral,good,1336.6,2.9,0.0,4233.990,3162.298,1933.469,3697.125,2500.947,0.2727,0.2037,0.1245,0.2381,0.1611,0.523,1.636
5267,5266661,Neutral,good,1337.0,3.3,0.0,12082.358,7526.417,3903.599,4605.011,276.988,0.4255,0.2651,0.1375,0.1622,0.0098,0.848,1.928
5268,5267661,Neutral,good,1337.6,3.1,0.0,4335.392,4170.956,3387.563,2192.133,3073.538,0.2527,0.2431,0.1974,0.1277,0.1791,1.545,1.231
5269,5268660,Neutral,good,1337.3,3.5,0.0,2961.460,3147.762,950.893,1562.645,1677.753,0.2875,0.3056,0.0923,0.1517,0.1629,0.609,3.310
5270,5269660,Neutral,good,1337.2,3.3,0.0,3593.793,769.149,2313.095,1881.174,254.929,0.4078,0.0873,0.2625,0.2135,0.0289,1.230,0.333
5271,5270660,Neutral,good,1338.0,3.2,0.0,1311.978,6062.685,5477.630,3507.550,1587.027,0.0731,0.3378,0.3052,0.1954,0.0884,1.562,1.107
5272,5271660,Neutral,good,1337.5,3.3,0.0,810.935,2556.388,1497.516,3361.113,2695.912,0.0742,0.2341,0.1371,0.3077,0.2468,0.446,1.707
5273,5272660,Neutral,good,1337.1,3.0,0.0,3349.496,4738.878,1314.079,3896.583,598.475,0.2410,0.3410,0.0946,0.2804,0.0431,0.337,3.606
5274,5273660,Neutral,good,1336.6,3.1,0.0,4064.558,4228.765,2203.899,3359.473,898.800,0.2755,0.2866,0.1494,0.2277,0.0609,0.656,1.919
5275,5274660,Neutral,good,1336.4,3.8,0.0,4392.056,4581.615,5322.375,3457.011,2404.301,0.2179,0.2273,0.2640,0.1715,0.1193,1.540,0.861
5276,5275660,Neutral,good,1336.6,3.0,0.0,3182.277,3846.957,878.913,8772.635,1556.660,0.1745,0.2109,0.0482,0.4810,0.0854,0.100,4.377
5277,5276660,Neutral,good,1337.4,3.8,0.0,5249.761,1331.484,5429.306,3935.173,1969.469,0.2930,0.0743,0.3031,0.2197,0.1099,1.380,0.245
5278,5277660,Neutral,good,1336.3,2.7,0.0,4355.133,3236.873,1044.941,2010.797,1262.866,0.3657,0.2718,0.0877,0.1688,0.1060,0.520,3.098
5279,5278660,Neutral,good,1335.9,3.2,0.0,1294.359,2177.793,2716.680,6606.734,2426.327,0.0850,0.1431,0.1785,0.4340,0.1594,0.411,0.802
5280,5279660,Neutral,good,1336.2,3.3,0.0,13880.699,7272.814,1198.628,1899.372,1941.859,0.5299,0.2777,0.0458,0.0725,0.0741,0.631,6.068
5281,5280660,Neutral,good,1335.8,3.4,0.0,2554.092,1160.522,672.352,5158.581,3586.522,0.1945,0.0884,0.0512,0.3928,0.2731,0.130,1.726
5282,5281660,Neutral,good,1336.6,3.7,0.0,2913.517,5560.320,1436.399,2644.682,1132.873,0.2129,0.4062,0.1049,0.1932,0.0828,0.543,3.871
5283,5282660,Neutral,good,1337.3,2.6,0.0,806.959,1651.258,2324.948,2627.272,2332.509,0.0828,0.1695,0.2386,0.2697,0.2394,0.885,0.710
5284,5283660,Neutral,good,1336.9,2.9,0.0,3841.677,2839.650,649.449,7001.226,1600.677,0.2411,0.1782,0.0408,0.4394,0.1005,0.093,4.372
5285,5284660,Neutral,good,1336.4,2.3,0.0,1155.041,237.957,152.623,1671.085,1535.752,0.2430,0.0501,0.0321,0.3516,0.3231,0.091,1.559
5286,5285659,Neutral,good,1336.6,2.9,0.0,7381.163,6035.201,2648.202,1864.476,2624.257,0.3591,0.2936,0.1288,0.0907,0.1277,1.420,2.279
5287,5286659,Neutral,good,1337.0,3.1,0.0,9903.536,8803.880,4217.667,2307.662,957.151,0.3781,0.3362,0.1610,0.0881,0.0365,1.828,2.087
5288,5287659,Neutral,good,1336.9,3.0,0.0,4339.753,3321.981,4337.562,4008.276,1644.085,0.2459,0.1882,0.2457,0.2271,0.0931,1.082,0.766
5289,5288659,Neutral,good,1336.5,3.3,0.0,3470.794,3261.304,2281.563,3015.482,1178.969,0.2628,0.2469,0.1727,0.2283,0.0893,0.757,1.429
5290,5289659,Neutral,good,1336.4,3.3,0.0,4638.663,12267.844,5709.217,2018.520,2671.435,0.1699,0.4493,0.2091,0.0739,0.0978,2.828,2.149
5291,5290659,Neutral,good,1336.3,2.8,0.0,2229.445,2016.961,819.872,1609.245,846.421,0.2964,0.2681,0.1090,0.2139,0.1125,0.509,2.460
5292,5291659,Neutral,good,1335.5,3.9,0.0,7081.376,5798.935,2054.159,6457.495,2033.110,0.3023,0.2476,0.0877,0.2757,0.0868,0.318,2.823
5293,5292659,Neutral,good,1336.3,3.3,0.0,2739.856,2938.036,1550.491,3630.052,1866.478,0.2153,0.2309,0.1218,0.2853,0.1467,0.427,1.895
5294,5293659,Neutral,good,1337.0,4.4,0.0,3091.227,4812.583,2952.187,9462.412,2458.711,0.1357,0.2113,0.1296,0.4154,0.1079,0.312,1.630
5295,5294659,Neutral,good,1336.9,2.9,0.0,936.557,4452.946,2569.462,3866.095,1179.921,0.0720,0.3424,0.1976,0.2973,0.0907,0.665,1.733
5296,5295659,Neutral,good,1336.8,3.0,0.0,3235.317,3494.152,4740.293,1215.843,952.195,0.2372,0.2562,0.3476,0.0892,0.0698,3.899,0.737
5297,5296659,Neutral,good,1337.8,3.1,0.0,7700.128,7751.589,3354.403,3254.564,816.681,0.3366,0.3388,0.1466,0.1423,0.0357,1.031,2.311
5298,5297659,Neutral,good,1336.5,3.7,0.0,5691.704,3237.077,2189.349,5926.411,1147.411,0.3129,0.1779,0.1203,0.3258,0.0631,0.369,1.479
5299,5298659,Neutral,good,1337.7,3.2,0.0,3587.753,5312.416,3662.371,6642.184,1947.279,0.1696,0.2512,0.1731,0.3140,0.0921,0.551,1.451
5300,5299659,Neutral,good,1337.4,3.0,0.0,8978.051,1856.614,1936.907,1526.040,2524.598,0.5337,0.1104,0.1151,0.0907,0.1501,1.269,0.959
5301,5300658,Neutral,good,1336.1,2.5,0.0,1203.763,408.932,457.768,2193.175,623.163,0.2463,0.0837,0.0937,0.4488,0.1275,0.209,0.893
5302,5301658,Neutral,good,1336.3,2.6,0.0,11699.996,3194.539,578.577,1998.513,2200.898,0.5947,0.1624,0.0294,0.1016,0.1119,0.290,5.521
5303,5302658,Neutral,good,1336.6,3.3,0.0,7415.654,17660.133,5039.431,2369.447,741.487,0.2232,0.5315,0.1517,0.0713,0.0223,2.127,3.504
5304,5303658,Neutral,good,1336.0,2.7,0.0,237.267,1431.798,864.633,3554.155,1150.836,0.0328,0.1978,0.1194,0.4910,0.1590,0.243,1.656
5305,5304658,Neutral,good,1336.5,3.8,0.0,9068.693,5200.577,456.266,6779.845,3527.424,0.3623,0.2078,0.0182,0.2708,0.1409,0.067,11.398
5306,5305658,Neutral,good,1336.5,3.1,0.0,2740.384,2476.225,2323.793,8390.169,4750.059,0.1325,0.1197,0.1124,0.4057,0.2297,0.277,1.066
5307,5306658,Neutral,good,1336.4,3.3,0.0,2349.006,4328.315,3455.715,1318.993,612.008,0.1947,0.3588,0.2864,0.1093,0.0507,2.620,1.253
5308,5307658,Neutral,good,1336.5,3.7,0.0,2860.729,6738.847,5761.762,5160.871,4890.485,0.1126,0.2652,0.2267,0.2031,0.1924,1.116,1.170
5309,5308658,Neutral,good,1336.6,3.8,0.0,6208.228,4073.282,3280.208,5089.108,1739.550,0.3045,0.1998,0.1609,0.2496,0.0853,0.645,1.242
5310,5309658,Neutral,good,1336.4,3.8,0.0,4519.268,4221.531,810.905,2988.579,1270.302,0.3272,0.3057,0.0587,0.2164,0.0920,0.271,5.206
5311,5310658,Neutral,good,1334.9,3.8,0.0,4649.742,3635.701,4705.184,8648.823,1004.344,0.2053,0.1606,0.2078,0.3820,0.0444,0.544,0.773
5312,5311658,Neutral,good,1335.7,2.8,0.0,1617.023,2217.597,1476.364,3203.793,1490.367,0.1616,0.2216,0.1476,0.3202,0.1490,0.461,1.502
5313,5312658,Neutral,good,1336.4,3.2,0.0,4280.750,3168.091,1973.333,2307.836,916.091,0.3385,0.2505,0.1560,0.1825,0.0724,0.855,1.605
5314,5313658,Neutral,good,1335.5,3.8,0.0,10384.800,6682.344,3949.831,8836.319,2146.994,0.3245,0.2088,0.1234,0.2761,0.0671,0.447,1.692
5315,5314658,Neutral,good,1335.4,4.1,0.0,11599.104,7160.414,1857.512,5222.751,3060.173,0.4014,0.2478,0.0643,0.1807,0.1059,0.356,3.855
5316,5315657,Neutral,good,1335.9,3.0,0.0,3066.037,3967.454,4621.404,2263.620,657.216,0.2104,0.2722,0.3171,0.1553,0.0451,2.042,0.858
5317,5316657,Neutral,good,1336.1,3.3,0.0,4794.012,1527.813,3417.017,4159.475,519.817,0.3325,0.1060,0.2370,0.2885,0.0361,0.822,0.447
5318,5317657,Neutral,good,1336.1,3.5,0.0,4456.638,3059.747,3242.911,3678.651,3080.423,0.2544,0.1747,0.1851,0.2100,0.1758,0.882,0.944
5319,5318657,Neutral,good,1336.6,4.3,0.0,7021.287,15105.379,14464.653,19405.955,3852.679,0.1173,0.2524,0.2417,0.3242,0.0644,0.745,1.044
5320,5319657,Neutral,good,1336.8,3.3,0.0,1489.141,4976.644,2263.364,7280.768,4974.034,0.0710,0.2372,0.1079,0.3470,0.2370,0.311,2.199
5321,5320657,Neutral,good,1337.2,3.2,0.0,191.793,4061.628,4711.414,970.452,1767.191,0.0164,0.3471,0.4026,0.0829,0.1510,4.855,0.862
5322,5321657,Neutral,good,1337.2,3.6,0.0,8551.618,3840.693,13053.227,27805.871,3838.895,0.1498,0.0673,0.2286,0.4871,0.0672,0.469,0.294
5323,5322657,Neutral,good,1337.5,3.0,0.0,3744.835,1874.753,617.051,2027.154,1031.762,0.4029,0.2017,0.0664,0.2181,0.1110,0.304,3.038
5324,5323657,Neutral,good,1336.0,2.6,0.0,4906.684,2426.970,1506.194,1231.951,2308.785,0.3963,0.1960,0.1217,0.0995,0.1865,1.223,1.611
5325,5324657,Neutral,good,1336.4,3.4,0.0,8029.265,5417.996,1165.463,7132.037,1401.359,0.3469,0.2341,0.0504,0.3081,0.0605,0.163,4.649
5326,5325657,Neutral,good,1336.4,3.4,0.0,1349.840,2856.664,10746.047,13670.447,4046.916,0.0413,0.0874,0.3289,0.4184,0.1239,0.786,0.266
5327,5326657,Neutral,good,1335.8,2.8,0.0,1004.106,1431.994,403.523,1836.384,1007.111,0.1767,0.2520,0.0710,0.3231,0.1772,0.220,3.549
5328,5327657,Neutral,good,1336.4,3.1,0.0,4355.283,5321.761,4153.950,2702.471,739.970,0.2521,0.3081,0.2405,0.1565,0.0428,1.537,1.281
5329,5328657,Neutral,good,1336.4,3.7,0.0,4536.715,3882.156,3799.826,7438.118,10122.151,0.1523,0.1304,0.1276,0.2498,0.3399,0.511,1.022
5330,5329657,Neutral,good,1337.1,2.6,0.0,3125.038,1234.854,2361.440,13905.941,2581.747,0.1346,0.0532,0.1017,0.5992,0.1112,0.170,0.523
5331,5330657,Neutral,good,1336.4,3.4,0.0,1420.375,3436.365,3208.075,4720.776,997.013,0.1031,0.2493,0.2328,0.3425,0.0723,0.680,1.071
5332,5331656,Neutral,good,1336.6,2.8,0.0,5153.232,2469.701,4194.228,3188.453,3972.681,0.2715,0.1301,0.2210,0.1680,0.2093,1.315,0.589
5333,5332656,Neutral,good,1336.0,3.3,0.0,1201.529,2571.843,2515.498,11816.227,4353.935,0.0535,0.1145,0.1120,0.5261,0.1939,0.213,1.022
5334,5333656,Neutral,good,1336.5,2.9,0.0,2917.017,10823.400,7973.615,2008.862,2838.047,0.1098,0.4075,0.3002,0.0756,0.1069,3.969,1.357
5335,5334656,Neutral,good,1336.5,3.0,0.0,6180.008,4771.504,368.493,7043.615,978.701,0.3195,0.2467,0.0191,0.3642,0.0506,0.052,12.949
5336,5335656,Neutral,good,1336.2,2.9,0.0,735.892,1156.156,1576.406,6218.921,1437.786,0.0661,0.1039,0.1417,0.5590,0.1292,0.253,0.733
5337,5336656,Neutral,good,1337.1,2.8,0.0,12294.737,624.689,1689.057,3751.821,1475.387,0.6198,0.0315,0.0852,0.1891,0.0744,0.450,0.370
5338,5337656,Neutral,good,1336.5,2.8,0.0,2564.248,3657.571,2508.223,3725.853,1069.914,0.1896,0.2704,0.1854,0.2755,0.0791,0.673,1.458
5339,5338656,Neutral,good,1336.8,3.0,0.0,1966.747,974.443,808.451,2021.398,1689.174,0.2636,0.1306,0.1084,0.2710,0.2264,0.400,1.205
5340,5339656,Neutral,good,1336.3,2.6,0.0,236.822,3082.724,2546.764,2542.172,2253.510,0.0222,0.2891,0.2389,0.2384,0.2114,1.002,1.210
5341,5340656,Neutral,good,1336.8,4.3,0.0,3302.958,8140.429,7037.251,1304.213,1327.124,0.1564,0.3856,0.3333,0.0618,0.0629,5.396,1.157
5342,5341656,Neutral,good,1337.3,3.1,0.0,5466.713,3906.337,3331.887,4339.577,807.885,0.3062,0.2188,0.1866,0.2431,0.0453,0.768,1.172
5343,5342656,Neutral,good,1336.6,3.9,0.0,2518.818,1348.287,1023.778,4453.084,1906.775,0.2239,0.1198,0.0910,0.3958,0.1695,0.230,1.317
5344,5343656,Neutral,good,1336.8,3.2,0.0,2487.637,6450.232,7427.637,7212.500,1484.631,0.0993,0.2574,0.2964,0.2878,0.0592,1.030,0.868
5345,5344656,Neutral,good,1335.9,3.6,0.0,5230.360,5019.066,770.325,5398.917,5643.362,0.2371,0.2275,0.0349,0.2447,0.2558,0.143,6.516
5346,5345656,Neutral,good,1336.9,3.1,0.0,3099.822,3275.641,2782.209,7655.820,3116.561,0.1555,0.1644,0.1396,0.3841,0.1564,0.363,1.177
5347,5346656,Neutral,good,1336.1,3.6,0.0,1363.175,3263.777,4245.831,5221.066,8809.459,0.0595,0.1425,0.1854,0.2280,0.3846,0.813,0.769
5348,5347655,Neutral,good,1337.4,3.7,0.0,665.455,1098.294,946.515,7739.998,717.586,0.0596,0.0983,0.0848,0.6931,0.0643,0.122,1.160
5349,5348655,Neutral,good,1336.5,3.7,0.0,1131.267,4320.761,7477.458,5919.203,3894.131,0.0497,0.1900,0.3288,0.2603,0.1712,1.263,0.578
5350,5349655,Neutral,good,1335.6,3.0,0.0,4151.119,3979.244,3511.151,2209.986,743.793,0.2844,0.2726,0.2406,0.1514,0.0510,1.589,1.133
5351,5350655,Neutral,good,1336.7,4.0,0.0,1535.973,6393.032,5584.097,3075.947,2465.151,0.0806,0.3355,0.2931,0.1614,0.1294,1.815,1.145
5352,5351655,Neutral,good,1337.2,3.1,0.0,573.572,7158.709,5391.845,10459.032,694.735,0.0236,0.2949,0.2221,0.4308,0.0286,0.516,1.328
5353,5352655,Neutral,good,1336.4,3.3,0.0,1057.401,6128.104,6947.904,9054.122,3241.632,0.0400,0.2319,0.2629,0.3426,0.1227,0.767,0.882
5354,5353655,Neutral,good,1336.5,2.8,0.0,3823.396,4754.282,1945.899,1182.754,1115.160,0.2982,0.3708,0.1518,0.0922,0.0870,1.645,2.443
5355,5354655,Neutral,good,1337.5,3.4,0.0,1462.890,2697.492,4502.781,1675.046,3242.339,0.1077,0.1986,0.3316,0.1233,0.2387,2.688,0.599
5356,5355655,Neutral,good,1337.9,3.0,0.0,9828.408,2660.928,1233.933,1687.993,1083.710,0.5958,0.1613,0.0748,0.1023,0.0657,0.731,2.156
5357,5356655,Neutral,good,1336.9,3.8,0.0,9328.357,7130.895,5174.426,3784.733,1097.102,0.3518,0.2689,0.1951,0.1427,0.0414,1.367,1.378
5358,5357655,Neutral,good,1336.0,3.4,0.0,2125.618,1539.488,3427.249,2850.845,2623.659,0.1691,0.1225,0.2727,0.2269,0.2088,1.202,0.449
5359,5358655,Neutral,good,1336.8,3.6,0.0,3243.864,2852.392,2903.339,6296.762,2192.632,0.1855,0.1631,0.1660,0.3600,0.1254,0.461,0.982
5360,5359655,Neutral,good,1337.0,4.1,0.0,5221.676,7465.691,4555.558,3453.205,2121.575,0.2288,0.3272,0.1997,0.1513,0.0930,1.319,1.639
5361,5360655,Neutral,good,1337.0,2.8,0.0,715.128,1216.070,1440.889,5650.342,677.847,0.0737,0.1254,0.1485,0.5825,0.0699,0.255,0.844
5362,5361655,Neutral,good,1336.7,3.5,0.0,9218.344,6682.488,5547.509,1882.901,1130.768,0.3768,0.2732,0.2268,0.0770,0.0462,2.946,1.205
5363,5362654,Neutral,good,1336.7,3.1,0.0,1135.740,1258.591,4189.042,4454.260,3632.242,0.0774,0.0858,0.2856,0.3036,0.2476,0.940,0.300
5364,5363655,Neutral,good,1336.4,3.8,0.0,7841.396,10945.938,8416.944,5929.116,5692.253,0.2020,0.2819,0.2168,0.1527,0.1466,1.420,1.300
5365,5364654,Neutral,good,1336.2,2.8,0.0,2412.288,3595.804,1101.451,1104.761,1369.460,0.2517,0.3752,0.1149,0.1153,0.1429,0.997,3.265
5366,5365654,Neutral,good,1336.9,3.6,0.0,10168.566,16405.566,13464.256,10591.204,5965.925,0.1797,0.2899,0.2379,0.1871,0.1054,1.271,1.218
5367,5366654,Neutral,good,1336.4,2.5,0.0,1229.898,2141.447,2146.893,1129.300,318.318,0.1766,0.3074,0.3082,0.1621,0.0457,1.901,0.997
5368,5367654,Neutral,good,1337.1,3.4,0.0,1400.242,1046.410,4699.529,4098.790,910.010,0.1152,0.0861,0.3866,0.3372,0.0749,1.147,0.223
5369,5368654,Neutral,good,1336.7,3.4,0.0,131.591,10438.455,9204.447,3045.086,4051.877,0.0049,0.3885,0.3425,0.1133,0.1508,3.023,1.134
5370,5369654,Neutral,good,1336.1,3.7,0.0,1499.224,9457.679,20586.684,8003.643,1012.426,0.0370,0.2332,0.5076,0.1973,0.0250,2.572,0.459
5371,5370654,Neutral,good,1336.3,3.0,0.0,2958.451,5165.628,3695.954,16386.537,7982.814,0.0817,0.1427,0.1021,0.4528,0.2206,0.226,1.398
5372,5371654,Neutral,good,1337.2,3.0,0.0,3760.757,2195.111,2996.570,5038.270,820.560,0.2539,0.1482,0.2023,0.3402,0.0554,0.595,0.733
5373,5372654,Neutral,good,1337.6,3.9,0.0,9475.276,15034.411,9973.715,7127.767,1269.797,0.2210,0.3506,0.2326,0.1662,0.0296,1.399,1.507
5374,5373654,Neutral,good,1336.6,3.0,0.0,2017.240,1348.191,1629.789,5180.543,2122.510,0.1640,0.1096,0.1325,0.4212,0.1726,0.315,0.827
5375,5374654,Neutral,good,1336.4,3.2,0.0,1892.164,1264.653,1855.364,4640.011,490.760,0.1865,0.1247,0.1829,0.4575,0.0484,0.400,0.682
5376,5375654,Neutral,good,1337.3,4.1,0.0,4331.922,8085.190,7760.846,3163.074,3591.004,0.1608,0.3002,0.2882,0.1174,0.1333,2.454,1.042
5377,5376654,Neutral,good,1337.3,3.0,0.0,812.438,3097.769,2516.177,1572.122,428.579,0.0964,0.3676,0.2986,0.1866,0.0509,1.600,1.231
5378,5377654,Neutral,good,1336.8,3.2,0.0,6904.937,10453.783,4758.101,7437.550,2352.556,0.2164,0.3276,0.1491,0.2331,0.0737,0.640,2.197
5379,5378653,Neutral,good,1336.7,3.2,0.0,31390.346,14114.693,7655.861,8847.710,1688.031,0.4928,0.2216,0.1202,0.1389,0.0265,0.865,1.844
5380,5379653,Neutral,good,1336.7,3.1,0.0,2389.410,3046.433,2915.975,1092.666,665.010,0.2364,0.3013,0.2884,0.1081,0.0658,2.669,1.045
5381,5380653,Neutral,good,1336.5,3.2,0.0,7155.144,4838.992,2497.711,6439.649,1390.227,0.3205,0.2168,0.1119,0.2885,0.0623,0.388,1.937
5382,5381653,Neutral,good,1333.4,3.7,0.0,21087.936,7234.177,6595.448,4817.988,2715.793,0.4968,0.1704,0.1554,0.1135,0.0640,1.369,1.097
5383,5382653,Neutral,good,1333.0,3.7,0.0,5567.694,2626.026,2921.624,5526.012,1044.130,0.3148,0.1485,0.1652,0.3125,0.0590,0.529,0.899
5384,5383653,Neutral,good,1333.7,3.8,0.0,4368.996,3539.593,3607.477,13584.385,3506.390,0.1527,0.1237,0.1261,0.4749,0.1226,0.266,0.981
5385,5384653,Neutral,good,1333.5,3.3,0.0,2936.856,3575.150,4246.708,2931.602,2535.144,0.1810,0.2203,0.2617,0.1807,0.1562,1.449,0.842
5386,5385653,Neutral,good,1332.4,3.0,0.0,342.944,89.005,2351.929,2624.158,391.955,0.0591,0.0153,0.4055,0.4524,0.0676,0.896,0.038
5387,5386653,Neutral,good,1332.9,2.9,0.0,9458.122,7997.636,2894.196,6940.985,1468.528,0.3289,0.2781,0.1006,0.2413,0.0511,0.417,2.763
5388,5387653,Neutral,good,1333.5,3.9,0.0,830.876,1289.128,1146.721,4662.245,711.852,0.0962,0.1492,0.1327,0.5396,0.0824,0.246,1.124
5389,5388653,Neutral,good,1333.7,2.6,0.0,1801.626,344.290,805.196,5274.522,858.148,0.1983,0.0379,0.0886,0.5807,0.0945,0.153,0.428
5390,5389653,Neutral,good,1334.2,3.2,0.0,3975.842,4194.631,4064.379,5683.001,4343.787,0.1786,0.1884,0.1826,0.2553,0.1951,0.715,1.032
5391,5390653,Neutral,good,1332.7,3.2,0.0,2188.344,2337.507,1015.980,2887.865,2868.494,0.1937,0.2069,0.0899,0.2556,0.2539,0.352,2.301
5392,5391653,Neutral,good,1332.0,3.1,0.0,3041.658,541.991,3109.060,1486.820,576.182,0.3474,0.0619,0.3551,0.1698,0.0658,2.091,0.174
5393,5392653,Neutral,good,1332.4,3.6,0.0,17341.135,7288.361,7538.622,6259.315,1710.617,0.4320,0.1816,0.1878,0.1559,0.0426,1.204,0.967
5394,5393653,Neutral,good,1331.0,2.9,0.0,934.376,3115.833,5680.609,5552.704,1085.568,0.0571,0.1903,0.3470,0.3392,0.0663,1.023,0.549
5395,5394652,Neutral,good,1331.6,3.0,0.0,2647.548,784.710,2261.364,8137.051,7282.100,0.1254,0.0372,0.1071,0.3854,0.3449,0.278,0.347
5396,5395652,Neutral,good,1331.9,2.9,0.0,1453.589,970.658,1912.938,1208.721,1945.945,0.1940,0.1296,0.2553,0.1613,0.2597,1.583,0.507
5397,5396652,Neutral,good,1332.8,3.7,0.0,6155.820,4599.999,1090.101,19187.584,4362.188,0.1739,0.1300,0.0308,0.5421,0.1232,0.057,4.220
5398,5397652,Neutral,good,1332.1,3.2,0.0,861.444,146.717,2620.540,4143.959,2237.861,0.0861,0.0147,0.2618,0.4140,0.2236,0.632,0.056
5399,5398652,Neutral,good,1331.7,2.8,0.0,7536.953,1447.551,1390.930,2998.974,681.812,0.5362,0.1030,0.0990,0.2134,0.0485,0.464,1.041
5400,5399652,Neutral,good,1331.8,3.3,0.0,5007.771,3568.145,3436.071,9243.195,2199.907,0.2135,0.1521,0.1465,0.3941,0.0938,0.372,1.038
5401,5400652,Neutral,good,1331.5,3.2,0.0,1637.459,2231.974,2815.458,3442.497,3746.853,0.1180,0.1609,0.2029,0.2481,0.2701,0.818,0.793
5402,5401652,Neutral,good,1332.2,3.5,0.0,827.469,9426.204,9885.704,8176.948,2717.561,0.0267,0.3037,0.3185,0.2635,0.0876,1.209,0.954
5403,5402652,Neutral,good,1332.2,3.6,0.0,821.013,3364.544,4239.792,3551.561,2674.259,0.0560,0.2296,0.2894,0.2424,0.1825,1.194,0.794
5404,5403652,Neutral,good,1332.6,3.2,0.0,3390.164,3649.608,1118.838,810.728,989.125,0.3404,0.3665,0.1124,0.0814,0.0993,1.380,3.262
5405,5404652,Neutral,good,1332.7,3.3,0.0,3365.571,3605.814,4785.008,8230.196,3300.585,0.1445,0.1548,0.2055,0.3534,0.1417,0.581,0.754
5406,5405652,Neutral,good,1332.3,2.8,0.0,2056.130,90.390,1274.203,7018.542,1278.462,0.1755,0.0077,0.1087,0.5990,0.1091,0.182,0.071
5407,5406652,Neutral,good,1332.2,2.9,0.0,1942.183,4006.629,3547.124,3853.681,1617.146,0.1298,0.2677,0.2370,0.2575,0.1080,0.920,1.130
5408,5407652,Neutral,good,1332.4,2.8,0.0,135.665,6103.319,1449.786,4745.700,749.209,0.0103,0.4629,0.1100,0.3600,0.0568,0.305,4.210
5409,5408652,Neutral,good,1332.5,3.2,0.0,3322.967,7259.909,6067.810,4357.980,1476.685,0.1478,0.3229,0.2699,0.1938,0.0657,1.392,1.196
5410,5409651,Neutral,good,1332.5,3.3,0.0,3611.185,1426.397,1456.412,1483.892,911.018,0.4063,0.1605,0.1638,0.1669,0.1025,0.981,0.979
5411,5410651,Neutral,good,1332.6,3.4,0.0,3315.731,4176.595,2482.929,6150.009,698.440,0.1971,0.2483,0.1476,0.3656,0.0415,0.404,1.682
5412,5411651,Neutral,good,1333.0,3.7,0.0,6734.847,6921.366,4483.117,6676.429,2283.074,0.2485,0.2554,0.1654,0.2464,0.0842,0.671,1.544
5413,5412651,Neutral,good,1332.3,3.4,0.0,2455.189,3723.327,2939.299,3709.871,2607.571,0.1591,0.2412,0.1904,0.2404,0.1689,0.792,1.267
5414,5413651,Neutral,good,1333.0,3.4,0.0,3583.342,2915.433,3984.695,1959.057,4319.442,0.2138,0.1739,0.2377,0.1169,0.2577,2.034,0.732
5415,5414651,Neutral,good,1332.9,3.5,0.0,4993.354,536.429,836.272,1227.045,933.624,0.5856,0.0629,0.0981,0.1439,0.1095,0.682,0.641
5416,5415651,Neutral,good,1332.4,3.7,0.0,22739.275,7051.714,1149.061,5386.592,3562.639,0.5701,0.1768,0.0288,0.1350,0.0893,0.213,6.137
5417,5416651,Neutral,good,1331.9,3.5,0.0,1711.626,681.747,148.141,3659.049,1871.784,0.2120,0.0845,0.0184,0.4533,0.2319,0.040,4.602
5418,5417651,Neutral,good,1331.8,3.2,0.0,961.658,3275.331,1825.528,1695.935,1383.474,0.1052,0.3583,0.1997,0.1855,0.1513,1.076,1.794
5419,5418651,Neutral,good,1331.5,3.1,0.0,3871.330,6214.771,894.739,5281.082,506.232,0.2309,0.3706,0.0534,0.3149,0.0302,0.169,6.946
5420,5419651,Neutral,good,1331.8,3.3,0.0,1693.698,1613.220,452.986,3197.087,1708.374,0.1955,0.1862,0.0523,0.3690,0.1971,0.142,3.561
5421,5420651,Neutral,good,1331.0,3.1,0.0,5388.890,2456.633,1229.013,2121.874,498.523,0.4608,0.2101,0.1051,0.1814,0.0426,0.579,1.999
5422,5421651,Neutral,good,1333.2,3.9,0.0,11080.280,7217.619,4484.976,5043.896,4757.640,0.3400,0.2215,0.1376,0.1548,0.1460,0.889,1.609
5423,5422651,Neutral,good,1333.4,3.7,0.0,7333.304,4919.606,2904.558,6603.438,7941.487,0.2469,0.1656,0.0978,0.2223,0.2674,0.440,1.694
5424,5423651,Neutral,good,1332.9,3.3,0.0,7686.253,6282.077,1660.711,3412.023,4928.931,0.3207,0.2621,0.0693,0.1423,0.2056,0.487,3.783
5425,5424651,Neutral,good,1333.1,2.9,0.0,330.573,134.073,633.399,6419.388,2290.589,0.0337,0.0137,0.0646,0.6545,0.2335,0.099,0.212
5426,5425651,Neutral,good,1332.0,3.4,0.0,7554.503,610.229,786.005,5959.781,981.435,0.4754,0.0384,0.0495,0.3750,0.0618,0.132,0.776
5427,5426650,Neutral,good,1332.5,3.4,0.0,4372.228,3469.908,1079.065,19738.744,1801.545,0.1435,0.1139,0.0354,0.6480,0.0591,0.055,3.216
5428,5427650,Neutral,good,1332.3,2.5,0.0,151.758,628.454,744.797,3415.270,1462.035,0.0237,0.0982,0.1163,0.5334,0.2284,0.218,0.844
5429,5428650,Neutral,good,1332.3,3.2,0.0,2646.252,3887.124,2899.295,9205.539,1828.836,0.1293,0.1899,0.1417,0.4498,0.0894,0.315,1.341
5430,5429650,Neutral,good,1332.8,3.5,0.0,1845.203,1358.959,1789.844,3176.593,1832.342,0.1845,0.1359,0.1789,0.3176,0.1832,0.563,0.759
5431,5430650,Neutral,good,1332.9,3.6,0.0,1974.348,5056.161,4007.128,10830.314,2690.277,0.0804,0.2059,0.1632,0.4410,0.1095,0.370,1.262
5432,5431650,Neutral,good,1333.0,3.1,0.0,1991.901,2304.906,3012.735,3009.228,1350.526,0.1707,0.1975,0.2582,0.2579,0.1157,1.001,0.765
5433,5432650,Neutral,good,1332.7,3.6,0.0,3591.562,4976.141,6336.921,6894.988,3593.214,0.1414,0.1960,0.2496,0.2715,0.1415,0.919,0.785
5434,5433650,Neutral,good,1333.2,3.4,0.0,2430.155,1253.784,701.145,1361.094,236.971,0.4062,0.2096,0.1172,0.2275,0.0396,0.515,1.788
5435,5434650,Neutral,good,1332.3,2.6,0.0,3674.023,3638.151,2537.368,5128.981,344.559,0.2398,0.2374,0.1656,0.3347,0.0225,0.495,1.434
5436,5435650,Neutral,good,1332.8,3.8,0.0,10867.045,7830.246,652.437,7312.334,3232.657,0.3635,0.2619,0.0218,0.2446,0.1081,0.089,12.002
5437,5436650,Neutral,good,1332.9,3.2,0.0,1069.656,2764.482,5884.857,5888.482,565.796,0.0661,0.1709,0.3639,0.3641,0.0350,0.999,0.470
5438,5437650,Neutral,good,1333.3,3.2,0.0,3949.716,179.259,1837.965,3883.448,1573.664,0.3457,0.0157,0.1609,0.3399,0.1378,0.473,0.098
5439,5438650,Neutral,good,1332.9,3.3,0.0,3635.080,2570.363,2475.588,8272.739,1911.611,0.1927,0.1362,0.1312,0.4385,0.1013,0.299,1.038
5440,5439650,Neutral,good,1332.4,2.9,0.0,8383.778,2812.000,1085.021,4382.822,1069.685,0.4728,0.1586,0.0612,0.2472,0.0603,0.248,2.592
5441,5440650,Neutral,good,1333.9,4.2,0.0,13556.875,9445.138,5915.702,2534.969,1399.249,0.4127,0.2875,0.1801,0.0772,0.0426,2.334,1.597
5442,5441650,Neutral,good,1333.1,3.2,0.0,8980.035,4544.135,4223.845,2757.975,661.475,0.4242,0.2147,0.1995,0.1303,0.0312,1.532,1.076
5443,5442649,Neutral,good,1333.4,3.0,0.0,966.895,2594.190,2365.935,3071.539,4221.937,0.0731,0.1962,0.1790,0.2323,0.3193,0.770,1.096
5444,5443649,Neutral,good,1334.0,2.9,0.0,4483.650,6418.688,2708.445,2637.140,3257.540,0.2299,0.3291,0.1389,0.1352,0.1670,1.027,2.370
5445,5444649,Neutral,good,1333.7,3.4,0.0,12334.532,2644.422,1499.324,4215.251,1519.568,0.5553,0.1190,0.0675,0.1898,0.0684,0.356,1.764
5446,5445649,Neutral,good,1333.5,2.7,0.0,1586.013,1597.844,547.443,4995.911,4659.093,0.1185,0.1194,0.0409,0.3732,0.3480,0.110,2.919
5447,5446649,Neutral,good,1333.8,2.9,0.0,1472.130,4353.673,5465.080,7048.683,2021.409,0.0723,0.2138,0.2684,0.3462,0.0993,0.775,0.797
5448,5447649,Neutral,good,1333.4,3.5,0.0,11129.188,1215.089,4506.594,7573.490,5550.393,0.3713,0.0405,0.1503,0.2527,0.1852,0.595,0.270
5449,5448649,Neutral,good,1334.9,3.6,0.0,7415.462,4937.890,5697.521,7542.979,2335.031,0.2655,0.1768,0.2040,0.2701,0.0836,0.755,0.867
5450,5449649,Neutral,good,1333.1,3.2,0.0,13202.780,3261.299,774.856,8678.138,3053.929,0.4557,0.1126,0.0267,0.2995,0.1054,0.089,4.209
5451,5450649,Neutral,good,1333.3,3.3,0.0,1527.730,4263.612,5831.335,7811.809,920.918,0.0751,0.2095,0.2865,0.3838,0.0452,0.746,0.731
5452,5451649,Neutral,good,1333.2,3.2,0.0,1211.417,1941.608,613.759,4495.843,1112.065,0.1292,0.2071,0.0655,0.4796,0.1186,0.137,3.163
5453,5452649,Neutral,good,1333.7,2.9,0.0,2780.051,1883.455,1900.876,4512.706,1790.715,0.2160,0.1464,0.1477,0.3507,0.1392,0.421,0.991
5454,5453649,Neutral,good,1333.8,3.4,0.0,1814.255,1753.821,3071.097,7783.924,3650.709,0.1004,0.0970,0.1699,0.4307,0.2020,0.395,0.571
5455,5454649,Neutral,good,1334.3,3.9,0.0,3055.539,3058.575,6008.287,5327.611,925.495,0.1663,0.1664,0.3270,0.2899,0.0504,1.128,0.509
5456,5455648,Neutral,good,1333.1,3.0,0.0,2059.393,5463.347,826.289,3088.779,2337.200,0.1495,0.3966,0.0600,0.2242,0.1697,0.268,6.612
5457,5456649,Neutral,good,1332.4,3.2,0.0,283.925,6075.930,10758.987,10715.197,4273.023,0.0088,0.1892,0.3351,0.3337,0.1331,1.004,0.565
5458,5457648,Neutral,good,1333.2,3.0,0.0,2008.857,1090.024,3066.513,4263.001,909.842,0.1772,0.0961,0.2705,0.3760,0.0802,0.719,0.355
5459,5458648,Neutral,good,1334.9,4.0,0.0,20581.541,7438.781,9439.623,6254.930,1666.579,0.4535,0.1639,0.2080,0.1378,0.0367,1.509,0.788
5460,5459648,Neutral,good,1333.9,3.4,0.0,4713.797,5484.667,2839.447,7002.276,1398.357,0.2199,0.2558,0.1324,0.3266,0.0652,0.406,1.932
5461,5460648,Neutral,good,1333.2,3.4,0.0,2676.394,2627.562,636.537,5652.074,1626.815,0.2025,0.1988,0.0482,0.4276,0.1231,0.113,4.128
5462,5461648,Neutral,good,1333.8,4.3,0.0,2088.796,8256.908,9497.479,29735.391,2051.763,0.0405,0.1599,0.1840,0.5759,0.0397,0.319,0.869
5463,5462648,Neutral,good,1333.0,3.1,0.0,479.743,5897.748,2052.348,2667.335,2040.136,0.0365,0.4489,0.1562,0.2030,0.1553,0.769,2.874
5464,5463648,Neutral,good,1333.1,3.6,0.0,12916.135,7291.473,4639.734,22528.717,9073.039,0.2288,0.1292,0.0822,0.3991,0.1607,0.206,1.572
5465,5464648,Neutral,good,1333.3,3.7,0.0,254.183,4610.346,6740.396,5901.980,2157.655,0.0129,0.2344,0.3428,0.3001,0.1097,1.142,0.684
5466,5465648,Neutral,good,1332.7,3.1,0.0,5089.800,2871.466,1016.383,10341.733,1041.573,0.2500,0.1410,0.0499,0.5079,0.0512,0.098,2.825
5467,5466648,Neutral,good,1330.8,2.7,0.0,1219.041,6027.937,6899.426,3672.457,1688.120,0.0625,0.3090,0.3537,0.1883,0.0865,1.879,0.874
5468,5467648,Neutral,good,1330.7,3.3,0.0,1524.352,1402.696,1729.710,4617.601,2739.430,0.1269,0.1168,0.1440,0.3844,0.2280,0.375,0.811
5469,5468648,Neutral,good,1330.7,3.1,0.0,6049.403,4553.488,2217.891,10114.251,1056.369,0.2521,0.1898,0.0924,0.4216,0.0440,0.219,2.053
5470,5469648,Neutral,good,1330.4,3.3,0.0,2197.520,874.869,2462.762,1053.911,549.084,0.3079,0.1226,0.3450,0.1476,0.0769,2.337,0.355
5471,5470648,Neutral,good,1331.3,3.7,0.0,11296.111,4277.968,5497.522,4042.965,1664.450,0.4218,0.1598,0.2053,0.1510,0.0622,1.360,0.778
5472,5471648,Neutral,good,1331.8,3.9,0.0,2164.570,2153.991,7229.478,19589.463,3704.272,0.0621,0.0618,0.2075,0.5622,0.1063,0.369,0.298
5473,5472647,Neutral,good,1332.6,3.2,0.0,1757.961,883.215,1165.750,1848.393,1864.721,0.2338,0.1174,0.1550,0.2458,0.2480,0.631,0.758
5474,5473647,Neutral,good,1332.9,3.7,0.0,13142.754,7053.404,4235.146,5915.596,4930.134,0.3726,0.1999,0.1201,0.1677,0.1398,0.716,1.665
5475,5474647,Neutral,good,1332.0,3.3,0.0,1094.845,1090.474,517.558,5082.596,2561.039,0.1058,0.1054,0.0500,0.4912,0.2475,0.102,2.107
5476,5475647,Neutral,good,1331.5,2.8,0.0,32091.102,16297.244,3107.443,2246.678,989.177,0.5863,0.2978,0.0568,0.0410,0.0181,1.383,5.245
5477,5476647,Neutral,good,1333.8,3.5,0.0,1767.648,881.072,1017.035,2654.059,811.900,0.2479,0.1235,0.1426,0.3721,0.1138,0.383,0.866
5478,5477647,Neutral,good,1333.6,3.9,0.0,6988.766,10917.228,4161.951,4329.143,1609.020,0.2495,0.3898,0.1486,0.1546,0.0575,0.961,2.623
5479,5478647,Neutral,good,1332.5,3.3,0.0,3986.815,7879.889,5418.146,1816.917,1346.562,0.1950,0.3854,0.2650,0.0889,0.0659,2.982,1.454
5480,5479647,Neutral,good,1332.6,3.2,0.0,2143.735,4415.475,3068.048,5214.508,676.150,0.1381,0.2845,0.1977,0.3360,0.0436,0.588,1.439
5481,5480647,Neutral,good,1331.4,3.0,0.0,556.786,1712.405,1020.912,5627.484,678.168,0.0580,0.1785,0.1064,0.5865,0.0707,0.181,1.677
5482,5481647,Neutral,good,1331.2,3.5,0.0,12663.131,10389.983,2579.708,2570.974,2871.413,0.4075,0.3343,0.0830,0.0827,0.0924,1.003,4.028
5483,5482647,Neutral,good,1332.8,3.3,0.0,3406.427,3605.966,5446.939,12039.866,4799.056,0.1163,0.1231,0.1859,0.4109,0.1638,0.452,0.662
5484,5483647,Neutral,good,1332.6,3.2,0.0,790.449,1240.164,1701.471,3396.180,631.419,0.1019,0.1598,0.2193,0.4377,0.0814,0.501,0.729
5485,5484647,Neutral,good,1333.1,3.7,0.0,7331.379,3869.752,497.278,2672.596,3167.043,0.4180,0.2206,0.0284,0.1524,0.1806,0.186,7.782
5486,5485647,Neutral,good,1332.9,3.4,0.0,378.590,2879.578,2597.765,6615.873,1401.818,0.0273,0.2076,0.1872,0.4769,0.1010,0.393,1.108
5487,5486647,Neutral,good,1333.6,3.5,0.0,14677.322,12452.310,14374.935,6655.282,13004.336,0.2400,0.2036,0.2350,0.1088,0.2126,2.160,0.866
5488,5487647,Neutral,good,1333.5,3.2,0.0,6775.681,2586.120,2639.881,3524.974,1765.485,0.3918,0.1496,0.1527,0.2038,0.1021,0.749,0.980
5489,5488646,Neutral,good,1333.7,3.0,0.0,9269.979,2051.773,2717.900,1399.026,854.567,0.5689,0.1259,0.1668,0.0859,0.0524,1.943,0.755
5490,5489646,Neutral,good,1333.9,2.8,0.0,3984.837,3917.335,1095.225,1526.123,538.894,0.3602,0.3541,0.0990,0.1380,0.0487,0.718,3.577
5491,5490646,Neutral,good,1333.9,3.4,0.0,3695.927,3611.742,894.624,5708.075,974.345,0.2483,0.2426,0.0601,0.3835,0.0655,0.157,4.037
5492,5491646,Neutral,good,1333.5,2.7,0.0,1065.703,1658.371,551.744,2710.035,2629.556,0.1237,0.1925,0.0640,0.3146,0.3052,0.204,3.006
5493,5492646,Neutral,good,1332.3,3.5,0.0,9410.787,8100.433,1399.047,2651.677,1074.476,0.4157,0.3578,0.0618,0.1171,0.0475,0.528,5.790
5494,5493646,Neutral,good,1331.2,3.4,0.0,3050.712,2220.746,895.937,5970.350,2304.250,0.2112,0.1538,0.0620,0.4134,0.1596,0.150,2.479
5495,5494646,Neutral,good,1330.2,2.9,0.0,1717.898,1143.822,1715.176,3432.070,1243.614,0.1857,0.1236,0.1854,0.3709,0.1344,0.500,0.667
5496,5495646,Neutral,good,1330.2,3.6,0.0,20740.719,12168.646,8627.410,3193.357,4330.724,0.4228,0.2480,0.1759,0.0651,0.0883,2.702,1.410
5497,5496646,Neutral,good,1329.4,3.1,0.0,3783.255,4435.278,1534.314,5650.769,2876.652,0.2070,0.2426,0.0839,0.3091,0.1574,0.272,2.891
5498,5497646,Neutral,good,1328.4,3.0,0.0,1256.667,5814.184,5650.495,9233.224,4229.647,0.0480,0.2220,0.2158,0.3526,0.1615,0.612,1.029
5499,5498646,Neutral,good,1329.1,2.7,0.0,8050.419,4383.503,998.284,4838.747,2519.703,0.3872,0.2108,0.0480,0.2327,0.1212,0.206,4.391
5500,5499646,Neutral,good,1329.2,3.0,0.0,3026.694,695.945,1657.439,2243.969,1318.584,0.3385,0.0778,0.1853,0.2509,0.1474,0.739,0.420
5501,5500646,Neutral,good,1329.2,3.4,0.0,12923.666,9861.105,5589.350,19157.631,13391.264,0.2121,0.1619,0.0917,0.3145,0.2198,0.292,1.764
5502,5501646,Neutral,good,1329.3,3.7,0.0,304.760,3761.046,2936.693,7698.973,2280.711,0.0179,0.2215,0.1729,0.4534,0.1343,0.381,1.281
5503,5502646,Neutral,good,1332.5,3.9,0.0,20414.643,1364.649,671.495,7283.019,2364.033,0.6360,0.0425,0.0209,0.2269,0.0737,0.092,2.032
5504,5503646,Neutral,good,1332.2,3.7,0.0,5292.544,2472.283,5819.697,6414.670,2081.563,0.2397,0.1120,0.2636,0.2905,0.0943,0.907,0.425
5505,5504645,Neutral,good,1332.5,3.3,0.0,2188.346,1800.073,1836.157,1538.630,769.725,0.2691,0.2213,0.2258,0.1892,0.0946,1.193,0.980
5506,5505645,Neutral,good,1332.0,3.7,0.0,2427.266,2081.577,4030.456,4525.457,2711.398,0.1539,0.1319,0.2555,0.2869,0.1719,0.891,0.516
5507,5506645,Neutral,good,1332.9,3.3,0.0,7932.275,2186.810,612.472,3614.772,459.304,0.5358,0.1477,0.0414,0.2441,0.0310,0.169,3.570
5508,5507645,Neutral,good,1332.7,4.4,0.0,11119.006,5563.588,4947.794,10277.830,3640.167,0.3128,0.1565,0.1392,0.2891,0.1024,0.481,1.124
5509,5508645,Neutral,good,1332.7,3.1,0.0,18347.836,1002.788,1755.624,4491.820,2029.477,0.6641,0.0363,0.0635,0.1626,0.0735,0.391,0.571
5510,5509645,Neutral,good,1333.0,2.7,0.0,5401.583,169.962,935.861,4453.640,2290.993,0.4076,0.0128,0.0706,0.3361,0.1729,0.210,0.182
5511,5510645,Neutral,good,1331.3,4.0,0.0,670.508,16295.689,13511.221,1624.791,1311.721,0.0201,0.4877,0.4044,0.0486,0.0393,8.316,1.206
5512,5511645,Neutral,good,1332.1,3.3,0.0,986.016,1810.567,1271.313,3641.951,604.181,0.1186,0.2178,0.1529,0.4380,0.0727,0.349,1.424
5513,5512645,Neutral,good,1332.8,4.2,0.0,7312.118,9094.309,9840.976,10856.610,8479.851,0.1604,0.1995,0.2159,0.2382,0.1860,0.906,0.924
5514,5513645,Neutral,good,1332.2,4.0,0.0,5975.995,1346.288,902.080,7857.628,2080.826,0.3290,0.0741,0.0497,0.4326,0.1146,0.115,1.492
5515,5514645,Neutral,good,1331.8,3.7,0.0,3787.017,2748.569,2011.919,1574.373,2690.232,0.2956,0.2145,0.1570,0.1229,0.2100,1.278,1.366
5516,5515645,Neutral,good,1332.0,3.0,0.0,1267.605,974.618,1301.789,1693.033,1087.105,0.2004,0.1541,0.2058,0.2677,0.1719,0.769,0.749
5517,5516645,Neutral,good,1332.8,4.1,0.0,4412.985,1517.708,9361.405,8499.676,10632.302,0.1282,0.0441,0.2719,0.2469,0.3089,1.101,0.162
5518,5517645,Neutral,good,1333.6,3.7,0.0,6470.481,8644.548,2434.063,2252.423,3190.081,0.2814,0.3760,0.1059,0.0980,0.1387,1.081,3.551
5519,5518645,Neutral,good,1332.7,4.1,0.0,14045.796,1780.587,3398.766,2832.722,1117.840,0.6061,0.0768,0.1467,0.1222,0.0482,1.200,0.524
5520,5519644,Neutral,good,1333.0,3.0,0.0,6758.917,6123.414,1680.665,4329.516,1450.367,0.3322,0.3010,0.0826,0.2128,0.0713,0.388,3.643
5521,5520644,Neutral,good,1332.2,2.8,0.0,1644.490,759.988,1067.174,1201.605,432.405,0.3221,0.1489,0.2090,0.2353,0.0847,0.888,0.712
5522,5521644,Neutral,good,1331.7,2.8,0.0,806.526,3364.915,3231.686,3363.592,1517.958,0.0657,0.2739,0.2631,0.2738,0.1236,0.961,1.041
5523,5522644,Neutral,good,1332.5,3.1,0.0,2417.080,2165.396,1627.960,2846.720,1436.550,0.2303,0.2064,0.1551,0.2713,0.1369,0.572,1.330
5524,5523644,Neutral,good,1331.0,2.9,0.0,4286.397,8135.580,7544.955,1817.367,813.001,0.1897,0.3600,0.3339,0.0804,0.0360,4.152,1.078
5525,5524644,Neutral,good,1332.4,4.1,0.0,873.953,2590.985,1817.006,5278.604,1212.233,0.0742,0.2201,0.1543,0.4484,0.1030,0.344,1.426
5526,5525644,Neutral,good,1333.3,3.9,0.0,6001.235,2303.023,1434.302,5810.704,2740.517,0.3281,0.1259,0.0784,0.3177,0.1498,0.247,1.606
5527,5526644,Neutral,good,1331.9,3.2,0.0,1153.727,4377.705,4544.392,1358.622,1095.204,0.0921,0.3494,0.3627,0.1084,0.0874,3.345,0.963
5528,5527644,Neutral,good,1332.5,3.4,0.0,21406.713,5444.327,3820.287,1766.100,3733.974,0.5918,0.1505,0.1056,0.0488,0.1032,2.163,1.425
5529,5528644,Neutral,good,1332.8,3.6,0.0,2948.448,3630.238,1592.456,4072.773,693.079,0.2279,0.2806,0.1231,0.3148,0.0536,0.391,2.280
5530,5529644,Neutral,good,1332.7,3.0,0.0,2314.575,2675.891,10195.858,14513.791,2561.237,0.0717,0.0829,0.3160,0.4499,0.0794,0.702,0.262
5531,5530644,Neutral,good,1332.3,2.8,0.0,1657.358,1176.235,1004.389,769.668,3161.448,0.2133,0.1514,0.1293,0.0991,0.4069,1.305,1.171
5532,5531644,Neutral,good,1332.8,3.6,0.0,1273.550,9743.144,8293.092,5366.145,715.962,0.0502,0.3837,0.3266,0.2113,0.0282,1.545,1.175
5533,5532644,Neutral,good,1332.8,2.7,0.0,1450.547,474.468,55.691,2241.490,768.443,0.2907,0.0951,0.0112,0.4491,0.1540,0.025,8.520
5534,5533644,Neutral,good,1332.3,3.1,0.0,3415.807,3063.717,2746.906,2840.573,2235.701,0.2388,0.2142,0.1921,0.1986,0.1563,0.967,1.115
5535,5534644,Neutral,good,1332.9,3.2,0.0,882.531,484.500,771.627,1415.336,1650.190,0.1696,0.0931,0.1483,0.2720,0.3171,0.545,0.628
5536,5535643,Neutral,good,1332.9,3.1,0.0,808.959,1859.049,2776.767,3725.452,1138.666,0.0785,0.1803,0.2694,0.3614,0.1105,0.745,0.670
5537,5536643,Neutral,good,1332.5,4.1,0.0,21527.057,14478.894,7203.742,6780.611,7012.417,0.3776,0.2540,0.1264,0.1190,0.1230,1.062,2.010
5538,5537643,Neutral,good,1333.9,4.2,0.0,8685.643,14170.271,8753.082,3391.090,2280.382,0.2330,0.3801,0.2348,0.0910,0.0612,2.581,1.619
5539,5538643,Neutral,good,1332.0,3.2,0.0,9364.188,18606.391,14345.048,4406.260,1251.134,0.1952,0.3879,0.2990,0.0918,0.0261,3.256,1.297
5540,5539643,Neutral,good,1330.9,2.7,0.0,5519.771,1094.154,3099.311,2223.834,1055.616,0.4248,0.0842,0.2385,0.1712,0.0812,1.394,0.353
5541,5540643,Neutral,good,1330.3,3.4,0.0,8579.812,4735.471,3076.729,3743.540,3795.038,0.3585,0.1979,0.1286,0.1564,0.1586,0.822,1.539
5542,5541643,Neutral,good,1331.6,3.5,0.0,18084.072,6564.832,7995.876,6754.295,707.764,0.4509,0.1637,0.1994,0.1684,0.0176,1.184,0.821
5543,5542643,Neutral,good,1332.6,3.5,0.0,4884.023,742.572,985.165,908.273,2212.888,0.5018,0.0763,0.1012,0.0933,0.2274,1.085,0.754
5544,5543643,Neutral,good,1332.4,3.0,0.0,2770.828,4035.286,1783.174,7554.893,1823.032,0.1542,0.2246,0.0992,0.4205,0.1015,0.236,2.263
5545,5544643,Neutral,good,1332.5,2.7,0.0,16917.156,13006.486,1728.298,5586.525,961.134,0.4429,0.3405,0.0452,0.1462,0.0252,0.309,7.526
5546,5545643,Neutral,good,1332.2,3.2,0.0,1896.462,1335.685,377.260,7080.487,955.328,0.1629,0.1147,0.0324,0.6080,0.0820,0.053,3.540
5547,5546643,Neutral,good,1332.6,3.2,0.0,3006.429,1676.774,3535.598,4074.909,4420.021,0.1799,0.1003,0.2115,0.2438,0.2645,0.868,0.474
5548,5547643,Neutral,good,1333.3,3.9,0.0,10791.803,4816.087,1351.754,4473.448,6199.919,0.3905,0.1743,0.0489,0.1619,0.2244,0.302,3.563
5549,5548643,Neutral,good,1333.0,2.8,0.0,2401.969,1220.914,2156.858,4113.088,1381.223,0.2131,0.1083,0.1913,0.3648,0.1225,0.524,0.566
5550,5549642,Neutral,good,1332.5,3.5,0.0,8530.274,3460.347,6945.526,8723.955,1601.024,0.2915,0.1183,0.2374,0.2981,0.0547,0.796,0.498
5551,5550643,Neutral,good,1332.7,2.9,0.0,4594.385,1413.711,4816.409,3466.276,5250.871,0.2351,0.0723,0.2465,0.1774,0.2687,1.390,0.294
5552,5551642,Neutral,good,1332.3,2.6,0.0,1758.154,3396.627,1720.585,3304.371,1218.398,0.1542,0.2980,0.1510,0.2899,0.1069,0.521,1.974
5553,5552642,Neutral,good,1332.3,3.0,0.0,2126.423,1419.250,4231.500,3708.538,574.382,0.1763,0.1177,0.3509,0.3075,0.0476,1.141,0.335
5554,5553642,Neutral,good,1331.9,3.4,0.0,10763.592,13047.587,6867.489,4435.929,663.251,0.3008,0.3647,0.1919,0.1240,0.0185,1.548,1.900
5555,5554642,Neutral,good,1333.0,4.1,0.0,7921.683,5941.722,1939.016,7272.525,1909.642,0.3171,0.2378,0.0776,0.2911,0.0764,0.267,3.064
5556,5555642,Neutral,good,1333.2,2.8,0.0,2302.107,2614.298,2420.313,2719.183,278.021,0.2228,0.2530,0.2342,0.2631,0.0269,0.890,1.080
5557,5556642,Neutral,good,1332.4,3.1,0.0,4332.828,1815.030,2153.669,3967.642,1298.360,0.3194,0.1338,0.1587,0.2924,0.0957,0.543,0.843
5558,5557642,Neutral,good,1330.6,2.8,0.0,6906.588,2287.996,1222.843,2494.264,1648.498,0.4743,0.1571,0.0840,0.1713,0.1132,0.490,1.871
5559,5558642,Neutral,good,1330.9,3.8,0.0,15573.237,1645.503,2465.314,9960.808,1642.238,0.4978,0.0526,0.0788,0.3184,0.0525,0.248,0.667
5560,5559642,Neutral,good,1331.7,3.5,0.0,593.607,4600.937,5776.373,4977.398,3026.593,0.0313,0.2425,0.3044,0.2623,0.1595,1.161,0.797
5561,5560642,Neutral,good,1332.6,3.4,0.0,3993.436,1147.423,1875.595,5780.477,2644.067,0.2586,0.0743,0.1215,0.3744,0.1712,0.324,0.612
5562,5561642,Neutral,good,1332.6,3.0,0.0,600.218,1723.394,1611.161,3801.047,474.740,0.0731,0.2099,0.1962,0.4629,0.0578,0.424,1.070
5563,5562642,Neutral,good,1332.1,3.2,0.0,11762.176,8682.142,4930.560,6430.367,2654.113,0.3413,0.2520,0.1431,0.1866,0.0770,0.767,1.761
5564,5563642,Neutral,good,1333.1,4.3,0.0,1307.549,1786.218,2493.708,12491.912,6702.701,0.0528,0.0721,0.1006,0.5041,0.2705,0.200,0.716
5565,5564642,Neutral,good,1333.0,3.7,0.0,6218.651,5928.145,1975.897,11035.833,2675.830,0.2234,0.2130,0.0710,0.3965,0.0961,0.179,3.000
5566,5565641,Neutral,good,1332.3,3.2,0.0,4731.921,3666.012,2623.724,3087.311,964.113,0.3139,0.2432,0.1741,0.2048,0.0640,0.850,1.397
5567,5566641,Neutral,good,1333.4,3.8,0.0,7820.952,5304.590,1187.010,5805.100,1299.331,0.3652,0.2477,0.0554,0.2711,0.0607,0.204,4.469
5568,5567641,Neutral,good,1333.3,3.5,0.0,13874.494,1928.494,2463.886,4630.241,5490.254,0.4888,0.0679,0.0868,0.1631,0.1934,0.532,0.783
5569,5568641,Neutral,good,1333.3,3.3,0.0,4219.594,3588.909,4102.877,7641.146,3630.181,0.1820,0.1548,0.1770,0.3296,0.1566,0.537,0.875
5570,5569641,Neutral,good,1332.5,2.9,0.0,2018.121,5885.915,7813.886,3569.843,3446.749,0.0888,0.2589,0.3437,0.1570,0.1516,2.189,0.753
5571,5570641,Neutral,good,1332.8,3.1,0.0,7448.392,4254.478,1070.328,1906.597,501.103,0.4906,0.2803,0.0705,0.1256,0.0330,0.561,3.975
5572,5571641,Neutral,good,1332.8,2.7,0.0,311.416,290.048,2031.577,3486.062,1384.285,0.0415,0.0387,0.2708,0.4646,0.1845,0.583,0.143
5573,5572641,Neutral,good,1332.2,2.9,0.0,1664.498,2511.945,2499.516,5708.312,474.871,0.1294,0.1953,0.1944,0.4439,0.0369,0.438,1.005
5574,5573641,Neutral,good,1332.5,2.8,0.0,1671.368,2104.028,2287.905,8913.479,888.863,0.1053,0.1326,0.1442,0.5618,0.0560,0.257,0.920
5575,5574641,Neutral,good,1332.7,3.2,0.0,2523.938,1980.102,2124.425,1445.018,633.098,0.2899,0.2274,0.2440,0.1660,0.0727,1.470,0.932
5576,5575641,Neutral,good,1332.2,2.5,0.0,762.316,913.814,3010.915,5475.092,1037.778,0.0681,0.0816,0.2688,0.4889,0.0927,0.550,0.304
5577,5576641,Neutral,good,1333.3,4.4,0.0,24438.857,1766.826,3947.960,5044.287,7808.654,0.5683,0.0411,0.0918,0.1173,0.1816,0.783,0.448
5578,5577641,Neutral,good,1333.1,3.0,0.0,932.008,3343.496,3339.487,3670.559,1044.593,0.0756,0.2712,0.2708,0.2977,0.0847,0.910,1.001
5579,5578641,Neutral,good,1332.9,3.1,0.0,3838.552,7821.678,5906.691,5173.893,2207.836,0.1539,0.3135,0.2368,0.2074,0.0885,1.142,1.324
5580,5579641,Neutral,good,1332.7,3.1,0.0,5020.924,3436.062,1583.542,3982.833,597.724,0.3434,0.2350,0.1083,0.2724,0.0409,0.398,2.170
5581,5580641,Neutral,good,1333.4,3.0,0.0,561.722,1333.564,2307.823,3996.298,411.240,0.0652,0.1549,0.2680,0.4641,0.0478,0.577,0.578
5582,5581641,Neutral,good,1333.4,3.5,0.0,7001.921,10954.865,11660.529,13636.029,1727.813,0.1557,0.2435,0.2592,0.3031,0.0384,0.855,0.939
5583,5582640,Neutral,good,1333.1,3.4,0.0,1218.584,4618.095,817.229,2626.968,672.454,0.1224,0.4640,0.0821,0.2639,0.0676,0.311,5.651
5584,5583640,Neutral,good,1332.7,3.1,0.0,2701.812,2268.841,10057.259,13387.200,2172.054,0.0883,0.0742,0.3288,0.4377,0.0710,0.751,0.226
5585,5584640,Neutral,good,1333.0,3.3,0.0,7619.903,4152.311,4597.916,3390.081,5766.527,0.2985,0.1627,0.1801,0.1328,0.2259,1.356,0.903
5586,5585640,Neutral,good,1332.8,3.3,0.0,5157.781,7521.532,1084.859,7614.176,1790.333,0.2226,0.3246,0.0468,0.3286,0.0773,0.142,6.933
5587,5586640,Neutral,good,1332.6,3.1,0.0,4948.750,5645.188,9989.220,6694.544,400.691,0.1788,0.2040,0.3609,0.2419,0.0145,1.492,0.565
5588,5587640,Neutral,good,1332.3,2.5,0.0,1025.424,3120.993,944.756,758.527,334.985,0.1658,0.5046,0.1528,0.1226,0.0542,1.246,3.303
5589,5588640,Neutral,good,1333.7,3.4,0.0,2399.369,3587.876,10525.953,21611.963,999.915,0.0613,0.0917,0.2690,0.5524,0.0256,0.487,0.341
5590,5589640,Neutral,good,1333.5,3.4,0.0,18040.168,818.463,1202.648,773.394,2030.906,0.7890,0.0358,0.0526,0.0338,0.0888,1.555,0.681
5591,5590640,Neutral,good,1333.4,3.7,0.0,7227.692,4949.078,3373.512,3322.064,4187.016,0.3134,0.2146,0.1463,0.1441,0.1816,1.015,1.467
5592,5591640,Neutral,good,1333.5,2.8,0.0,1275.119,2482.659,5668.474,4647.690,1577.656,0.0815,0.1586,0.3622,0.2969,0.1008,1.220,0.438
5593,5592640,Neutral,good,1332.9,3.3,0.0,6123.793,1873.357,3393.886,9229.917,840.552,0.2853,0.0873,0.1581,0.4301,0.0392,0.368,0.552
5594,5593640,Neutral,good,1332.5,3.1,0.0,7948.838,9840.255,4775.917,1055.155,723.369,0.3265,0.4042,0.1962,0.0433,0.0297,4.526,2.060
5595,5594640,Neutral,good,1333.4,3.9,0.0,20700.527,7026.134,1638.132,7022.803,2296.166,0.5351,0.1816,0.0423,0.1815,0.0594,0.233,4.289
5596,5595640,Neutral,good,1333.7,3.6,0.0,9328.745,1490.102,700.270,11013.294,3740.543,0.3551,0.0567,0.0267,0.4192,0.1424,0.064,2.128
5597,5596640,Neutral,good,1333.3,3.3,0.0,11063.483,8594.644,2860.092,3638.175,3606.397,0.3717,0.2888,0.0961,0.1222,0.1212,0.786,3.005
5598,5597640,Neutral,good,1332.3,3.0,0.0,2165.655,1020.339,2039.152,4940.525,1710.585,0.1824,0.0859,0.1717,0.4160,0.1440,0.413,0.500
5599,5598639,Neutral,good,1333.1,3.2,0.0,2595.290,12833.381,11975.691,5805.566,263.004,0.0775,0.3834,0.3578,0.1734,0.0079,2.063,1.072
5600,5599639,Neutral,good,1333.4,3.7,0.0,18809.516,4617.813,2271.984,4565.318,1319.051,0.5955,0.1462,0.0719,0.1445,0.0418,0.498,2.033
5601,5600639,Neutral,good,1333.0,3.7,0.0,14375.317,11693.949,8163.106,6388.200,2703.632,0.3318,0.2699,0.1884,0.1475,0.0624,1.278,1.433
5602,5601639,Neutral,good,1333.2,2.9,0.0,7308.195,8733.157,4292.140,4208.534,1164.737,0.2843,0.3397,0.1670,0.1637,0.0453,1.020,2.035
5603,5602639,Neutral,good,1333.2,3.4,0.0,1862.962,6067.322,6427.548,4143.430,1024.158,0.0954,0.3107,0.3292,0.2122,0.0525,1.551,0.944
5604,5603639,Neutral,good,1333.0,2.8,0.0,4134.629,4524.783,6700.802,3573.184,727.201,0.2103,0.2301,0.3408,0.1817,0.0370,1.875,0.675
5605,5604639,Neutral,good,1333.4,3.2,0.0,3864.576,3250.042,2288.414,9659.555,1190.157,0.1908,0.1605,0.1130,0.4770,0.0588,0.237,1.420
5606,5605639,Neutral,good,1333.2,2.8,0.0,2059.751,3731.804,1484.354,2121.762,288.070,0.2127,0.3853,0.1533,0.2191,0.0297,0.700,2.514
5607,5606639,Neutral,good,1333.5,2.9,0.0,363.792,305.148,1621.026,1584.402,5179.148,0.0402,0.0337,0.1790,0.1750,0.5721,1.023,0.188
5608,5607639,Neutral,good,1332.9,3.8,0.0,11662.109,4763.448,5946.316,2563.180,2836.797,0.4199,0.1715,0.2141,0.0923,0.1021,2.320,0.801
5609,5608639,Neutral,good,1333.2,2.8,0.0,2438.563,1527.937,2199.146,3186.643,299.937,0.2526,0.1583,0.2278,0.3301,0.0311,0.690,0.695
5610,5609639,Neutral,good,1332.7,3.1,0.0,6090.387,1264.054,4065.466,4022.628,1973.981,0.3497,0.0726,0.2334,0.2310,0.1133,1.011,0.311
5611,5610639,Neutral,good,1332.5,3.2,0.0,4726.636,7604.305,4534.344,1868.776,842.698,0.2414,0.3884,0.2316,0.0955,0.0430,2.426,1.677
5612,5611639,Neutral,good,1333.4,3.7,0.0,1805.873,9191.783,10778.357,8043.530,1025.910,0.0585,0.2980,0.3494,0.2608,0.0333,1.340,0.853
5613,5612639,Neutral,good,1332.3,2.8,0.0,1735.927,2288.177,4043.997,4517.604,1606.423,0.1223,0.1612,0.2849,0.3183,0.1132,0.895,0.566
5614,5613638,Neutral,good,1331.6,3.0,0.0,5110.994,4787.128,1196.898,6471.398,1613.227,0.2665,0.2496,0.0624,0.3374,0.0841,0.185,4.000
5615,5614638,Neutral,good,1333.5,3.7,0.0,4392.659,2695.798,829.248,4433.450,1922.083,0.3078,0.1889,0.0581,0.3106,0.1347,0.187,3.251
5616,5615638,Neutral,good,1333.5,4.0,0.0,18841.926,7141.867,92.555,5834.899,1830.456,0.5584,0.2117,0.0027,0.1729,0.0542,0.016,77.163
5617,5616638,Neutral,good,1332.5,3.0,0.0,4925.941,3241.743,1826.875,6035.332,2194.178,0.2703,0.1779,0.1002,0.3312,0.1204,0.303,1.774
5618,5617638,Neutral,good,1332.3,3.1,0.0,1654.634,2705.430,2492.124,1918.107,1334.896,0.1637,0.2677,0.2466,0.1898,0.1321,1.299,1.086
5619,5618638,Neutral,good,1333.1,2.8,0.0,3211.898,2887.982,3563.752,2418.810,4036.401,0.1993,0.1792,0.2211,0.1501,0.2504,1.473,0.810
5620,5619638,Neutral,good,1332.6,3.1,0.0,3687.444,8198.557,8169.712,3033.798,941.547,0.1534,0.3412,0.3400,0.1262,0.0392,2.693,1.004
5621,5620638,Neutral,good,1332.0,3.2,0.0,173.540,2334.928,3634.608,1353.277,495.965,0.0217,0.2921,0.4548,0.1693,0.0621,2.686,0.642
5622,5621638,Neutral,good,1333.0,3.4,0.0,7491.503,2823.730,317.739,5741.488,4944.121,0.3514,0.1325,0.0149,0.2693,0.2319,0.055,8.887
5623,5622638,Neutral,good,1332.7,3.3,0.0,754.784,2955.292,3382.006,4828.058,5566.236,0.0432,0.1690,0.1934,0.2761,0.3183,0.700,0.874
5624,5623638,Neutral,good,1332.1,2.9,0.0,2256.159,1546.241,1233.428,1635.263,749.761,0.3040,0.2084,0.1662,0.2204,0.1010,0.754,1.254
5625,5624638,Neutral,good,1333.1,3.8,0.0,9807.332,7972.096,13629.923,11112.358,592.498,0.2275,0.1849,0.3161,0.2577,0.0137,1.227,0.585
5626,5625638,Neutral,good,1333.5,3.1,0.0,1756.186,1438.516,4458.739,7144.757,1632.322,0.1069,0.0876,0.2714,0.4348,0.0993,0.624,0.323
5627,5626638,Neutral,good,1332.9,3.4,0.0,1841.948,4869.786,2763.419,5666.340,1553.680,0.1103,0.2917,0.1655,0.3394,0.0931,0.488,1.762
5628,5627638,Neutral,good,1333.5,3.1,0.0,1470.841,2770.044,3949.508,4138.384,1958.999,0.1029,0.1939,0.2764,0.2896,0.1371,0.954,0.701
5629,5628637,Neutral,good,1332.8,3.3,0.0,4867.265,5985.843,907.081,6656.748,2103.353,0.2372,0.2917,0.0442,0.3244,0.1025,0.136,6.599
5630,5629637,Neutral,good,1332.9,3.1,0.0,3609.013,1627.685,2783.074,4308.765,713.305,0.2767,0.1248,0.2134,0.3304,0.0547,0.646,0.585
5631,5630637,Neutral,good,1333.0,3.2,0.0,1600.262,2044.399,1739.895,3611.521,3233.276,0.1309,0.1672,0.1423,0.2953,0.2644,0.482,1.175
5632,5631637,Neutral,good,1332.8,2.2,0.0,381.831,1068.828,943.553,2111.490,1165.175,0.0673,0.1885,0.1664,0.3723,0.2055,0.447,1.133
5633,5632637,Neutral,good,1333.3,3.2,0.0,6501.471,7579.237,2597.314,2497.560,1750.009,0.3107,0.3622,0.1241,0.1194,0.0836,1.040,2.918
5634,5633637,Neutral,good,1334.0,3.7,0.0,1514.823,1372.029,1376.120,3433.581,3772.390,0.1321,0.1196,0.1200,0.2994,0.3289,0.401,0.997
5635,5634637,Neutral,good,1333.6,2.6,0.0,3595.389,3098.881,803.226,2932.307,1122.729,0.3112,0.2682,0.0695,0.2538,0.0972,0.274,3.858
5636,5635637,Neutral,good,1333.2,3.0,0.0,7402.032,5207.056,1144.308,3210.007,1756.157,0.3954,0.2782,0.0611,0.1715,0.0938,0.356,4.550
5637,5636637,Neutral,good,1333.4,3.6,0.0,48686.988,7260.545,8256.159,4317.344,1832.539,0.6920,0.1032,0.1174,0.0614,0.0260,1.912,0.879
5638,5637637,Neutral,good,1333.3,4.0,0.0,9714.859,8862.589,6131.816,7003.751,688.278,0.2998,0.2735,0.1892,0.2162,0.0212,0.876,1.445
5639,5638637,Neutral,good,1333.2,3.4,0.0,150.887,7858.581,8078.683,2352.254,2235.393,0.0073,0.3801,0.3907,0.1138,0.1081,3.434,0.973
5640,5639637,Neutral,good,1333.3,4.0,0.0,7376.301,10380.603,10588.284,5300.596,4026.025,0.1958,0.2756,0.2811,0.1407,0.1069,1.998,0.980
5641,5640637,Neutral,good,1332.9,3.1,0.0,1303.879,4943.442,5763.896,2306.269,817.663,0.0861,0.3266,0.3808,0.1524,0.0540,2.499,0.858
5642,5641637,Neutral,good,1333.3,2.8,0.0,1854.167,2057.851,454.621,4197.523,3645.452,0.1519,0.1685,0.0372,0.3438,0.2986,0.108,4.527
5643,5642637,Neutral,good,1333.4,3.2,0.0,20607.947,6026.037,3513.211,5240.007,2176.044,0.5486,0.1604,0.0935,0.1395,0.0579,0.670,1.715
5644,5643637,Neutral,good,1334.5,3.8,0.0,1114.176,4619.646,3262.176,1735.141,706.780,0.0974,0.4039,0.2852,0.1517,0.0618,1.880,1.416
5645,5644637,Neutral,good,1334.3,3.5,0.0,19953.018,1381.897,985.066,4746.107,3796.229,0.6465,0.0448,0.0319,0.1538,0.1230,0.208,1.403
5646,5645636,Neutral,good,1334.3,3.2,0.0,2057.088,3439.751,2336.688,4291.174,907.439,0.1578,0.2639,0.1793,0.3293,0.0696,0.545,1.472
5647,5652982,Neutral,good,1329.3,4.7,0.0,8437.119,3911.065,4057.037,3620.055,2702.242,0.3712,0.1721,0.1785,0.1593,0.1189,1.121,0.964
5648,5653130,Neutral,good,1329.6,3.4,0.0,1975.560,2749.198,2157.021,4520.083,2108.252,0.1462,0.2035,0.1597,0.3346,0.1560,0.477,1.275
5649,5653278,Neutral,good,1329.4,2.7,0.0,1743.627,1463.581,1552.504,3688.006,1786.931,0.1704,0.1430,0.1517,0.3603,0.1746,0.421,0.943
5650,5653425,Neutral,good,1330.5,3.7,0.0,19013.234,7138.673,500.398,2972.579,1010.531,0.6206,0.2330,0.0163,0.0970,0.0330,0.168,14.266
5651,5653573,Neutral,good,1330.0,2.7,0.0,21618.578,3118.350,330.974,3271.865,4107.380,0.6663,0.0961,0.0102,0.1008,0.1266,0.101,9.422
5652,5653721,Neutral,good,1330.9,2.7,0.0,1394.308,2037.561,6182.129,8503.014,1725.792,0.0703,0.1027,0.3116,0.4285,0.0870,0.727,0.330
5653,5653868,Neutral,good,1330.0,3.5,0.0,8923.868,8232.946,2429.073,4790.768,1630.771,0.3431,0.3166,0.0934,0.1842,0.0627,0.507,3.389
5654,5654016,Neutral,good,1331.2,2.3,0.0,2604.988,501.027,262.462,2009.409,241.716,0.4636,0.0892,0.0467,0.3576,0.0430,0.131,1.909
5655,5654636,Neutral,good,1330.4,3.2,0.0,416.037,439.881,959.415,5203.143,3128.229,0.0410,0.0434,0.0946,0.5128,0.3083,0.184,0.458
5656,5655636,Neutral,good,1331.3,3.4,0.0,10335.419,3421.395,1112.733,5813.028,1994.797,0.4558,0.1509,0.0491,0.2563,0.0880,0.191,3.075
5657,5656636,Neutral,good,1331.9,2.7,0.0,1440.295,2520.039,2191.339,5340.380,364.066,0.1215,0.2126,0.1848,0.4504,0.0307,0.410,1.150
5658,5657636,Neutral,good,1331.1,2.7,0.0,880.975,1641.075,1714.781,4973.674,3314.571,0.0703,0.1310,0.1369,0.3971,0.2646,0.345,0.957
5659,5658636,Neutral,good,1331.8,3.3,0.0,11130.314,5527.569,2512.305,8547.541,3787.653,0.3533,0.1754,0.0797,0.2713,0.1202,0.294,2.200
5660,5659635,Neutral,good,1331.6,3.1,0.0,2821.353,3695.375,4142.291,3050.846,1976.387,0.1799,0.2356,0.2641,0.1945,0.1260,1.358,0.892
5661,5660635,Neutral,good,1331.6,3.9,0.0,3518.775,20036.607,10570.426,3290.847,924.716,0.0918,0.5226,0.2757,0.0858,0.0241,3.212,1.896
5662,5661635,Neutral,good,1332.4,3.5,0.0,2387.447,613.181,242.318,2255.062,1262.749,0.3531,0.0907,0.0358,0.3336,0.1868,0.107,2.530
5663,5662635,Neutral,good,1332.5,3.0,0.0,1851.625,6648.000,2328.069,1663.503,1846.927,0.1291,0.4637,0.1624,0.1160,0.1288,1.399,2.856
5664,5663635,Neutral,good,1333.4,3.2,0.0,2479.877,2107.717,1744.870,3974.120,532.738,0.2288,0.1945,0.1610,0.3666,0.0491,0.439,1.208
5665,5664635,Neutral,good,1333.3,2.7,0.0,674.927,254.679,501.454,1979.323,1355.352,0.1416,0.0534,0.1052,0.4153,0.2844,0.253,0.508
5666,5665635,Neutral,good,1333.6,3.9,0.0,10871.584,7169.704,5303.233,3797.907,1242.552,0.3830,0.2526,0.1868,0.1338,0.0438,1.396,1.352
5667,5666635,Neutral,good,1331.9,3.4,0.0,1807.285,2469.777,9260.812,4389.557,2427.507,0.0888,0.1213,0.4550,0.2157,0.1193,2.110,0.267
5668,5667635,Neutral,good,1333.0,3.1,0.0,2035.073,6559.537,6747.075,1848.137,1220.672,0.1105,0.3563,0.3665,0.1004,0.0663,3.651,0.972
5669,5668635,Neutral,good,1332.2,3.1,0.0,2467.600,2116.306,2676.652,3165.901,4825.803,0.1618,0.1388,0.1755,0.2076,0.3164,0.845,0.791
5670,5669635,Neutral,good,1332.5,3.3,0.0,1457.424,3603.126,2449.810,7103.381,4113.325,0.0778,0.1924,0.1308,0.3793,0.2196,0.345,1.471
5671,5670635,Neutral,good,1332.2,2.9,0.0,2223.367,1440.803,1221.302,3591.688,1136.525,0.2313,0.1499,0.1270,0.3736,0.1182,0.340,1.180
5672,5671635,Neutral,good,1331.9,3.2,0.0,5356.526,743.851,2706.897,6106.932,902.207,0.3387,0.0470,0.1711,0.3861,0.0570,0.443,0.275
5673,5672635,Neutral,good,1332.1,3.5,0.0,3196.717,6603.742,6868.211,2311.161,4183.091,0.1380,0.2851,0.2965,0.0998,0.1806,2.972,0.961
5674,5673635,Neutral,good,1332.3,3.0,0.0,4525.456,1893.371,1090.724,1749.548,1644.509,0.4150,0.1736,0.1000,0.1605,0.1508,0.623,1.736
5675,5674635,Neutral,good,1332.7,3.3,0.0,11484.776,5003.447,2404.307,5063.857,2160.781,0.4397,0.1916,0.0921,0.1939,0.0827,0.475,2.081
5676,5675634,Neutral,good,1332.4,2.7,0.0,439.595,190.945,1854.550,1880.219,1056.616,0.0811,0.0352,0.3420,0.3468,0.1949,0.986,0.103
5677,5676634,Neutral,good,1332.8,3.2,0.0,450.337,4118.133,1786.976,2038.374,1651.835,0.0448,0.4099,0.1779,0.2029,0.1644,0.877,2.305
5678,5677634,Neutral,good,1332.4,3.4,0.0,2774.253,2995.432,2819.507,4054.859,1735.874,0.1929,0.2083,0.1961,0.2820,0.1207,0.695,1.062
5679,5678634,Neutral,good,1333.9,4.4,0.0,20332.781,3980.787,5144.747,7932.102,2240.424,0.5131,0.1004,0.1298,0.2001,0.0565,0.649,0.774
5680,5679634,Neutral,good,1332.2,3.1,0.0,623.667,498.981,1280.068,2840.347,1406.957,0.0938,0.0750,0.1925,0.4271,0.2116,0.451,0.390
5681,5680634,Neutral,good,1332.0,3.2,0.0,182.455,484.100,1812.402,6773.787,3339.999,0.0145,0.0384,0.1439,0.5379,0.2652,0.268,0.267
5682,5681634,Neutral,good,1331.6,2.9,0.0,3313.628,2250.580,1474.106,1652.701,661.905,0.3543,0.2406,0.1576,0.1767,0.0708,0.892,1.527
5683,5682634,Neutral,good,1331.5,3.1,0.0,1284.158,6681.268,6354.000,7497.750,3608.763,0.0505,0.2628,0.2499,0.2949,0.1419,0.847,1.052
5684,5683634,Neutral,good,1331.7,2.7,0.0,630.785,2153.691,2412.953,3114.969,2256.024,0.0597,0.2038,0.2283,0.2947,0.2135,0.775,0.893
5685,5684634,Neutral,good,1332.4,3.1,0.0,3170.793,1454.260,228.464,1739.338,1659.096,0.3842,0.1762,0.0277,0.2108,0.2011,0.131,6.365
5686,5685634,Neutral,good,1332.2,3.1,0.0,1274.064,2286.935,3499.873,1990.222,1747.992,0.1180,0.2118,0.3241,0.1843,0.1619,1.759,0.653
5687,5686634,Neutral,good,1332.6,3.3,0.0,2863.168,5945.182,3831.042,6744.826,4263.332,0.1211,0.2514,0.1620,0.2852,0.1803,0.568,1.552
5688,5687634,Neutral,good,1333.1,3.9,0.0,7633.775,3686.896,2934.677,9897.478,5336.174,0.2589,0.1250,0.0995,0.3356,0.1810,0.297,1.256
5689,5688634,Neutral,good,1332.6,2.9,0.0,3639.668,1610.004,7112.940,5679.562,1039.061,0.1907,0.0844,0.3728,0.2977,0.0545,1.252,0.226
5690,5689634,Neutral,good,1332.5,3.6,0.0,2229.100,4254.903,4846.192,8412.368,1487.886,0.1050,0.2004,0.2283,0.3962,0.0701,0.576,0.878
5691,5690634,Neutral,good,1332.9,3.3,0.0,7297.078,2397.957,499.775,8431.828,2571.433,0.3442,0.1131,0.0236,0.3978,0.1213,0.059,4.798
5692,5691633,Neutral,good,1333.0,3.3,0.0,3265.951,3524.528,2990.136,5008.873,738.494,0.2103,0.2270,0.1926,0.3226,0.0476,0.597,1.179
5693,5692633,Neutral,good,1333.0,3.5,0.0,1219.209,4630.910,3733.565,8611.475,2829.553,0.0580,0.2203,0.1776,0.4096,0.1346,0.434,1.240
5694,5693633,Neutral,good,1333.2,3.5,0.0,2030.933,5624.304,5630.524,10506.328,2430.624,0.0774,0.2145,0.2147,0.4007,0.0927,0.536,0.999
5695,5694633,Neutral,good,1331.8,4.0,0.0,19516.447,2563.213,2987.287,8963.253,4165.412,0.5110,0.0671,0.0782,0.2347,0.1091,0.333,0.858
5696,5695633,Neutral,good,1332.3,3.6,0.0,17219.102,4445.001,747.687,2066.229,1722.197,0.6572,0.1697,0.0285,0.0789,0.0657,0.362,5.945
5697,5696633,Neutral,good,1331.6,3.1,0.0,1608.918,2299.169,2463.964,2445.678,445.227,0.1737,0.2482,0.2660,0.2640,0.0481,1.007,0.933
5698,5697633,Neutral,good,1331.1,3.2,0.0,1303.089,3211.955,3896.693,4189.482,2376.177,0.0870,0.2145,0.2602,0.2797,0.1587,0.930,0.824
5699,5698633,Neutral,good,1332.1,3.8,0.0,6958.786,8316.565,2773.759,9354.422,1946.074,0.2371,0.2834,0.0945,0.3187,0.0663,0.297,2.998
5700,5699633,Neutral,good,1332.1,3.4,0.0,9343.525,2293.855,1145.532,1603.454,1957.148,0.5717,0.1404,0.0701,0.0981,0.1198,0.714,2.002
5701,5700633,Neutral,good,1332.1,3.2,0.0,8207.899,5442.878,3021.727,1008.230,472.696,0.4521,0.2998,0.1665,0.0555,0.0260,2.997,1.801
5702,5701633,Neutral,good,1332.0,2.7,0.0,1537.545,852.713,923.091,1805.688,793.673,0.2600,0.1442,0.1561,0.3054,0.1342,0.511,0.924
5703,5702633,Neutral,good,1331.7,2.6,0.0,2484.107,5362.963,2558.154,1039.314,705.652,0.2045,0.4414,0.2105,0.0855,0.0581,2.461,2.096
5704,5703633,Neutral,good,1332.1,3.6,0.0,563.142,5290.730,2315.279,5719.902,3887.846,0.0317,0.2976,0.1302,0.3218,0.2187,0.405,2.285
5705,5704633,Neutral,good,1331.8,3.5,0.0,7221.001,1462.681,2794.383,3050.871,2481.622,0.4245,0.0860,0.1643,0.1794,0.1459,0.916,0.523
5706,5705633,Neutral,good,1331.6,3.3,0.0,2957.362,6639.424,3887.731,3481.573,1627.566,0.1591,0.3571,0.2091,0.1872,0.0875,1.117,1.708
5707,5706633,Neutral,good,1331.8,3.3,0.0,882.699,2597.664,610.763,8089.244,1896.224,0.0627,0.1845,0.0434,0.5747,0.1347,0.076,4.253
5708,5707632,Neutral,good,1332.4,3.4,0.0,824.142,2353.256,1716.829,3156.268,2720.404,0.0765,0.2185,0.1594,0.2930,0.2526,0.544,1.371
5709,5708632,Neutral,good,1332.5,3.1,0.0,1582.849,233.415,421.614,2365.812,1204.493,0.2725,0.0402,0.0726,0.4073,0.2074,0.178,0.554
5710,5709632,Neutral,good,1331.5,2.8,0.0,3254.500,3355.690,1653.652,2337.061,1595.789,0.2668,0.2751,0.1356,0.1916,0.1308,0.708,2.029
5711,5710632,Neutral,good,1332.1,2.9,0.0,954.944,1537.829,7400.773,5952.653,2150.750,0.0531,0.0854,0.4112,0.3308,0.1195,1.243,0.208
5712,5711632,Neutral,good,1331.7,3.1,0.0,9760.792,6939.557,4241.557,1966.955,2119.105,0.3900,0.2773,0.1695,0.0786,0.0847,2.156,1.636
5713,5712632,Neutral,good,1331.9,3.3,0.0,4796.721,2895.046,1228.026,5964.515,1936.941,0.2852,0.1721,0.0730,0.3546,0.1151,0.206,2.357
5714,5713632,Neutral,good,1332.0,3.2,0.0,2726.555,829.362,1316.616,7926.222,4754.412,0.1553,0.0472,0.0750,0.4516,0.2709,0.166,0.630
5715,5714632,Neutral,good,1332.0,3.8,0.0,4779.994,8713.264,5399.963,6471.980,551.021,0.1844,0.3362,0.2084,0.2497,0.0213,0.834,1.614
5716,5715632,Neutral,good,1332.8,3.3,0.0,12210.378,21708.176,15305.178,7628.649,3257.750,0.2031,0.3611,0.2546,0.1269,0.0542,2.006,1.418
5717,5716632,Neutral,good,1332.7,3.3,0.0,7417.573,3155.781,3403.048,2956.383,1386.298,0.4049,0.1723,0.1858,0.1614,0.0757,1.151,0.927
5718,5717632,Neutral,good,1333.1,3.2,0.0,10103.085,7260.187,628.668,1899.183,1452.316,0.4734,0.3402,0.0295,0.0890,0.0680,0.331,11.549
5719,5718632,Neutral,good,1331.9,3.6,0.0,1636.645,5235.795,5157.824,1777.322,600.461,0.1136,0.3634,0.3580,0.1234,0.0417,2.902,1.015
5720,5719632,Neutral,good,1332.6,3.2,0.0,14003.967,4494.683,6080.153,7620.924,1604.398,0.4143,0.1330,0.1799,0.2254,0.0475,0.798,0.739
5721,5720632,Neutral,good,1332.3,2.6,0.0,5249.128,5974.298,2150.931,1969.941,895.555,0.3232,0.3679,0.1324,0.1213,0.0551,1.092,2.778
5722,5721632,Neutral,good,1332.3,3.4,0.0,1042.878,5339.419,6327.833,3219.105,777.790,0.0624,0.3196,0.3788,0.1927,0.0466,1.966,0.844
5723,5722632,Neutral,good,1332.7,3.5,0.0,12831.268,2324.481,1802.146,7290.811,2970.422,0.4714,0.0854,0.0662,0.2679,0.1091,0.247,1.290
5724,5723631,Neutral,good,1332.0,2.7,0.0,6722.247,4977.502,6300.309,10016.528,1114.178,0.2308,0.1709,0.2163,0.3438,0.0382,0.629,0.790
5725,5724631,Neutral,good,1332.7,3.2,0.0,2521.626,2810.746,1483.185,4570.442,1325.703,0.1984,0.2211,0.1167,0.3595,0.1043,0.325,1.895
5726,5725631,Neutral,good,1333.3,3.4,0.0,1675.682,8154.068,6321.961,2560.257,1963.535,0.0810,0.3944,0.3058,0.1238,0.0950,2.469,1.290
5727,5726631,Neutral,good,1332.3,2.9,0.0,579.596,885.495,1972.152,4801.741,2097.293,0.0561,0.0857,0.1908,0.4646,0.2029,0.411,0.449
5728,5727631,Neutral,good,1332.1,2.8,0.0,686.253,3431.958,3784.486,2077.157,531.612,0.0653,0.3265,0.3600,0.1976,0.0506,1.822,0.907
5729,5728631,Neutral,good,1332.2,3.3,0.0,6085.019,2116.918,1507.033,7270.127,3513.108,0.2969,0.1033,0.0735,0.3548,0.1714,0.207,1.405
5730,5729631,Neutral,good,1333.0,3.2,0.0,4791.209,1945.517,1335.840,5771.692,925.282,0.3244,0.1317,0.0904,0.3908,0.0626,0.231,1.456
5731,5730631,Neutral,good,1332.9,3.1,0.0,4596.845,222.240,373.069,6164.019,1530.360,0.3567,0.0172,0.0290,0.4783,0.1188,0.061,0.596
5732,5731631,Neutral,good,1332.0,4.1,0.0,5025.480,1518.850,1535.666,5920.934,1771.586,0.3186,0.0963,0.0974,0.3754,0.1123,0.259,0.989
5733,5732631,Neutral,good,1333.4,3.4,0.0,2081.049,797.271,471.770,4896.111,1555.520,0.2123,0.0813,0.0481,0.4995,0.1587,0.096,1.690
5734,5733631,Neutral,good,1332.6,2.9,0.0,2280.281,502.623,2447.189,3193.970,3534.829,0.1907,0.0420,0.2046,0.2671,0.2956,0.766,0.205
5735,5734631,Neutral,good,1332.9,2.8,0.0,3968.729,4167.888,1975.092,3242.668,1341.765,0.2701,0.2836,0.1344,0.2206,0.0913,0.609,2.110
5736,5735631,Neutral,good,1332.3,3.4,0.0,1356.778,3188.574,3464.426,2460.899,4108.708,0.0931,0.2187,0.2376,0.1688,0.2818,1.408,0.920
5737,5736631,Neutral,good,1333.0,3.2,0.0,10778.940,9713.059,1658.286,15024.693,2440.315,0.2721,0.2452,0.0419,0.3793,0.0616,0.110,5.857
5738,5737631,Neutral,good,1333.1,2.7,0.0,1212.760,1006.318,2804.130,3240.106,1510.564,0.1241,0.1030,0.2869,0.3315,0.1546,0.865,0.359
5739,5738630,Neutral,good,1333.8,3.3,0.0,4092.679,1883.925,2479.992,11789.619,1931.022,0.1845,0.0849,0.1118,0.5316,0.0871,0.210,0.760
5740,5739630,Neutral,good,1332.7,3.4,0.0,8827.499,8361.384,5325.146,7979.105,1662.335,0.2745,0.2600,0.1656,0.2481,0.0517,0.667,1.570
5741,5740630,Neutral,good,1332.2,2.8,0.0,5815.654,1496.084,878.001,5608.178,1947.784,0.3693,0.0950,0.0558,0.3562,0.1237,0.157,1.704
5742,5741630,Neutral,good,1331.8,3.3,0.0,5444.980,6725.594,1147.945,1593.386,466.130,0.3541,0.4374,0.0746,0.1036,0.0303,0.720,5.859
5743,5742630,Neutral,good,1332.7,3.5,0.0,2715.426,4775.758,5996.966,8348.991,1291.667,0.1174,0.2065,0.2593,0.3610,0.0558,0.718,0.796
5744,5743630,Neutral,good,1332.7,3.5,0.0,1908.461,9880.921,9266.312,2957.745,1761.190,0.0740,0.3834,0.3595,0.1148,0.0683,3.133,1.066
5745,5744630,Neutral,good,1332.3,2.8,0.0,2444.992,1475.773,1176.442,9206.475,1026.405,0.1595,0.0963,0.0767,0.6005,0.0670,0.128,1.254
5746,5745630,Neutral,good,1333.0,2.8,0.0,3932.252,870.569,1537.383,2882.993,858.243,0.3900,0.0864,0.1525,0.2860,0.0851,0.533,0.566
5747,5746630,Neutral,good,1333.0,3.2,0.0,10407.406,10004.175,3194.004,5178.328,1082.334,0.3485,0.3350,0.1069,0.1734,0.0362,0.617,3.132
5748,5747630,Neutral,good,1332.4,3.1,0.0,2880.754,4039.854,3245.704,6185.693,1659.787,0.1599,0.2243,0.1802,0.3434,0.0921,0.525,1.245
5749,5748630,Neutral,good,1332.5,2.9,0.0,1318.202,1986.069,696.674,4431.611,230.763,0.1522,0.2293,0.0804,0.5115,0.0266,0.157,2.851
5750,5749630,Neutral,good,1333.3,3.4,0.0,811.044,1321.105,1776.050,3275.153,1723.541,0.0911,0.1483,0.1994,0.3677,0.1935,0.542,0.744
5751,5750630,Neutral,good,1332.2,3.4,0.0,2950.890,8916.948,6889.391,2763.889,4615.415,0.1129,0.3412,0.2636,0.1057,0.1766,2.493,1.294
5752,5751630,Neutral,good,1332.4,3.2,0.0,1555.047,1821.050,683.005,1800.476,882.278,0.2307,0.2701,0.1013,0.2671,0.1309,0.379,2.666
5753,5752630,Neutral,good,1332.3,2.6,0.0,1272.258,1127.446,1141.908,3677.285,2353.847,0.1329,0.1178,0.1193,0.3841,0.2459,0.311,0.987
5754,5753629,Neutral,good,1332.7,3.1,0.0,3593.124,3377.699,2735.904,9132.742,1199.449,0.1793,0.1686,0.1365,0.4558,0.0599,0.300,1.235
5755,5754629,Neutral,good,1332.4,3.4,0.0,7467.342,5750.733,5928.710,6850.198,1380.128,0.2728,0.2101,0.2166,0.2502,0.0504,0.865,0.970
5756,5755629,Neutral,good,1333.0,3.8,0.0,6583.269,7710.947,8364.282,15307.506,3527.596,0.1587,0.1858,0.2016,0.3689,0.0850,0.546,0.922
5757,5756629,Neutral,good,1332.5,2.7,0.0,4188.181,4738.775,3812.651,9802.822,2223.157,0.1691,0.1913,0.1539,0.3958,0.0898,0.389,1.243
5758,5757629,Neutral,good,1332.3,3.3,0.0,639.172,102.676,2969.854,2029.852,2326.640,0.0792,0.0127,0.3681,0.2516,0.2884,1.463,0.035
5759,5758629,Neutral,good,1332.5,2.6,0.0,1195.079,4341.161,1048.721,2430.665,1432.859,0.1144,0.4155,0.1004,0.2326,0.1371,0.431,4.139
5760,5759629,Neutral,good,1333.0,3.4,0.0,3311.715,9575.966,6460.467,3184.854,6373.948,0.1146,0.3313,0.2235,0.1102,0.2205,2.028,1.482
5761,5760629,Neutral,good,1333.2,3.3,0.0,2962.737,4796.587,1764.610,2642.114,639.717,0.2314,0.3746,0.1378,0.2063,0.0500,0.668,2.718
5762,5761629,Neutral,good,1333.0,3.6,0.0,1270.096,3896.262,2716.607,2951.291,1262.860,0.1050,0.3221,0.2246,0.2440,0.1044,0.920,1.434
5763,5762629,Neutral,good,1333.1,2.7,0.0,5009.992,2005.491,2096.860,2210.152,1514.162,0.3903,0.1562,0.1633,0.1722,0.1180,0.949,0.956
5764,5763629,Neutral,good,1332.8,3.7,0.0,923.039,730.414,748.365,4834.859,1994.380,0.1000,0.0791,0.0811,0.5238,0.2161,0.155,0.976
5765,5764629,Neutral,good,1332.8,2.7,0.0,4391.230,2242.488,1223.580,2919.754,1035.797,0.3717,0.1898,0.1036,0.2472,0.0877,0.419,1.833
5766,5765629,Neutral,good,1332.0,2.9,0.0,8780.631,3584.058,2417.632,3126.980,1583.315,0.4505,0.1839,0.1240,0.1604,0.0812,0.773,1.482
5767,5766629,Neutral,good,1332.6,3.4,0.0,5253.129,10232.280,4155.920,5457.262,4441.976,0.1778,0.3464,0.1407,0.1847,0.1504,0.762,2.462
5768,5767629,Neutral,good,1333.2,3.5,0.0,2083.374,540.842,3744.388,9335.467,2642.975,0.1136,0.0295,0.2041,0.5088,0.1441,0.401,0.144
5769,5768629,Neutral,good,1333.1,3.2,0.0,962.393,15669.999,15281.557,5360.867,4030.295,0.0233,0.3794,0.3700,0.1298,0.0976,2.851,1.025
5770,5769628,Neutral,good,1331.8,3.0,0.0,14668.953,3712.082,1585.313,3042.096,793.090,0.6163,0.1560,0.0666,0.1278,0.0333,0.521,2.342
5771,5770628,Neutral,good,1332.1,3.3,0.0,2405.146,2565.724,1120.072,4366.427,2239.626,0.1894,0.2021,0.0882,0.3439,0.1764,0.257,2.291
5772,5771628,Neutral,good,1332.6,3.6,0.0,4693.938,1374.465,2825.617,4655.617,2248.728,0.2971,0.0870,0.1789,0.2947,0.1423,0.607,0.486
5773,5772628,Neutral,good,1333.3,3.0,0.0,807.822,1834.356,7875.315,3905.364,1773.732,0.0499,0.1133,0.4862,0.2411,0.1095,2.017,0.233
5774,5773628,Neutral,good,1333.2,2.9,0.0,1894.621,949.992,2004.459,3781.549,2004.005,0.1782,0.0893,0.1885,0.3556,0.1884,0.530,0.474
5775,5774628,Neutral,good,1332.9,3.8,0.0,2191.203,2364.470,5578.644,7695.892,612.948,0.1188,0.1282,0.3025,0.4173,0.0332,0.725,0.424
5776,5775628,Neutral,good,1332.7,3.6,0.0,4635.344,1333.840,2224.012,6189.438,3316.692,0.2619,0.0754,0.1257,0.3497,0.1874,0.359,0.600
5777,5776628,Neutral,good,1333.8,3.9,0.0,7212.054,9308.643,5642.550,1605.101,696.161,0.2948,0.3805,0.2306,0.0656,0.0285,3.515,1.650
5778,5777628,Neutral,good,1334.2,3.0,0.0,5726.531,5730.978,1709.920,3291.795,2289.754,0.3054,0.3057,0.0912,0.1756,0.1221,0.519,3.352
5779,5778628,Neutral,good,1333.3,3.1,0.0,669.023,1190.104,1792.398,3484.253,2803.975,0.0673,0.1197,0.1803,0.3505,0.2821,0.514,0.664
5780,5779628,Neutral,good,1333.9,3.2,0.0,893.646,2346.673,2869.229,3563.750,790.653,0.0854,0.2243,0.2742,0.3406,0.0756,0.805,0.818
5781,5780628,Neutral,good,1333.6,3.1,0.0,5408.831,2698.536,2017.698,3830.188,2254.129,0.3337,0.1665,0.1245,0.2363,0.1391,0.527,1.337
5782,5781628,Neutral,good,1334.2,3.4,0.0,1576.767,5181.560,4884.167,9584.311,2326.257,0.0669,0.2200,0.2074,0.4069,0.0988,0.510,1.061
5783,5782628,Neutral,good,1333.7,3.6,0.0,7872.897,644.388,1640.180,567.278,2162.052,0.6109,0.0500,0.1273,0.0440,0.1678,2.891,0.393
5784,5783628,Neutral,good,1333.7,3.3,0.0,3559.177,3427.050,2733.635,5460.984,1003.470,0.2199,0.2118,0.1689,0.3374,0.0620,0.501,1.254
5785,5784627,Neutral,good,1334.2,3.3,0.0,14756.860,3476.980,3101.978,5382.073,3366.262,0.4905,0.1156,0.1031,0.1789,0.1119,0.576,1.121
5786,5785628,Neutral,good,1334.1,2.7,0.0,23972.791,3886.889,2228.877,4244.183,2010.378,0.6596,0.1069,0.0613,0.1168,0.0553,0.525,1.744
5787,5786627,Neutral,good,1333.7,2.9,0.0,2655.948,2159.128,1841.808,5073.287,1435.671,0.2017,0.1640,0.1399,0.3853,0.1090,0.363,1.172
5788,5787627,Neutral,good,1333.3,2.8,0.0,3014.981,9599.230,9870.074,1948.966,1983.649,0.1141,0.3634,0.3736,0.0738,0.0751,5.064,0.973
5789,5788627,Neutral,good,1333.3,3.1,0.0,4660.363,4151.219,3368.167,5172.620,2345.092,0.2366,0.2107,0.1710,0.2626,0.1191,0.651,1.232
5790,5789627,Neutral,good,1333.5,2.9,0.0,623.710,2373.455,1440.453,3349.163,3278.658,0.0564,0.2145,0.1302,0.3027,0.2963,0.430,1.648
5791,5790627,Neutral,good,1333.0,3.1,0.0,1246.911,2424.124,2001.497,1741.698,2550.392,0.1251,0.2433,0.2009,0.1748,0.2559,1.149,1.211
5792,5791627,Neutral,good,1333.8,3.2,0.0,21115.625,12709.438,3808.834,2778.502,2178.077,0.4958,0.2984,0.0894,0.0652,0.0511,1.371,3.337
5793,5792627,Neutral,good,1333.5,3.0,0.0,1960.031,4274.993,280.172,10684.143,2455.813,0.0997,0.2175,0.0143,0.5436,0.1249,0.026,15.258
5794,5793627,Neutral,good,1333.8,3.4,0.0,3358.538,2242.697,3170.721,2051.143,7481.594,0.1835,0.1225,0.1732,0.1121,0.4087,1.546,0.707
5795,5794627,Neutral,good,1333.6,3.1,0.0,5761.201,2189.034,1752.522,2816.609,1411.911,0.4135,0.1571,0.1258,0.2022,0.1013,0.622,1.249
5796,5795627,Neutral,good,1333.4,3.1,0.0,4875.922,6892.279,3187.034,3792.001,1984.194,0.2352,0.3325,0.1537,0.1829,0.0957,0.840,2.163
5797,5796627,Neutral,good,1335.0,3.1,0.0,2244.978,840.371,2199.028,3203.950,5533.807,0.1601,0.0599,0.1568,0.2285,0.3946,0.686,0.382
5798,5797627,Neutral,good,1333.9,3.4,0.0,4212.104,3287.404,1983.728,7312.554,3910.089,0.2034,0.1588,0.0958,0.3532,0.1888,0.271,1.657
5799,5798627,Neutral,good,1333.6,2.6,0.0,1410.998,808.601,969.956,3168.211,1016.244,0.1913,0.1097,0.1315,0.4296,0.1378,0.306,0.834
5800,5799627,Neutral,good,1333.2,3.0,0.0,2823.867,4336.953,1642.720,2875.367,3445.776,0.1867,0.2867,0.1086,0.1901,0.2278,0.571,2.640
5801,5800626,Neutral,good,1333.7,3.4,0.0,9512.679,3211.554,956.412,6228.806,1618.844,0.4419,0.1492,0.0444,0.2893,0.0752,0.154,3.358
5802,5801626,Neutral,good,1333.6,3.2,0.0,215.591,3103.162,3514.884,13921.046,5721.136,0.0081,0.1172,0.1328,0.5258,0.2161,0.252,0.883
5803,5802626,Neutral,good,1332.8,2.6,0.0,3468.669,2220.211,1986.204,1569.803,1896.915,0.3113,0.1993,0.1783,0.1409,0.1703,1.265,1.118
5804,5803626,Neutral,good,1333.1,3.1,0.0,2962.730,1431.581,3303.970,4333.581,1565.189,0.2179,0.1053,0.2430,0.3187,0.1151,0.762,0.433
5805,5804626,Neutral,good,1333.7,3.7,0.0,3494.783,5523.332,6839.143,9485.024,377.422,0.1359,0.2148,0.2659,0.3688,0.0147,0.721,0.808
5806,5805626,Neutral,good,1333.3,3.3,0.0,4686.706,4134.840,1219.497,5388.953,498.000,0.2942,0.2596,0.0766,0.3383,0.0313,0.226,3.391
5807,5806626,Neutral,good,1332.4,3.3,0.0,4347.245,3216.090,2583.858,1767.168,655.630,0.3458,0.2559,0.2056,0.1406,0.0522,1.462,1.245
5808,5807626,Neutral,good,1332.5,3.7,0.0,9899.719,7449.512,6044.560,8437.646,2988.854,0.2843,0.2139,0.1736,0.2423,0.0858,0.716,1.232
5809,5808626,Neutral,good,1332.7,4.0,0.0,2098.548,8955.743,7744.970,8661.734,6634.073,0.0615,0.2627,0.2272,0.2540,0.1946,0.894,1.156
5810,5809626,Neutral,good,1333.1,3.1,0.0,4955.434,4496.645,6264.008,11863.521,2650.826,0.1639,0.1487,0.2072,0.3924,0.0877,0.528,0.718
5811,5810626,Neutral,good,1333.5,3.9,0.0,1853.567,9109.135,14323.856,10376.729,2267.230,0.0489,0.2402,0.3776,0.2736,0.0598,1.380,0.636
5812,5811626,Neutral,good,1333.2,4.1,0.0,2787.368,2998.981,1072.925,3142.681,1413.729,0.2442,0.2627,0.0940,0.2753,0.1238,0.341,2.795
5813,5812626,Neutral,good,1332.8,3.3,0.0,5154.814,718.655,1487.820,4810.697,1027.916,0.3905,0.0544,0.1127,0.3644,0.0779,0.309,0.483
5814,5813626,Neutral,good,1332.3,3.5,0.0,1195.411,5829.119,2336.319,6143.548,850.967,0.0731,0.3564,0.1428,0.3756,0.0520,0.380,2.495
5815,5814626,Neutral,good,1333.9,3.8,0.0,7102.497,7576.756,4761.325,7220.812,2197.644,0.2461,0.2625,0.1650,0.2502,0.0762,0.659,1.591
5816,5815625,Neutral,good,1333.7,3.2,0.0,4110.542,1198.480,1912.803,2510.429,3421.977,0.3125,0.0911,0.1454,0.1908,0.2601,0.762,0.627
5817,5816626,Neutral,good,1333.2,3.3,0.0,6296.900,436.668,3390.003,9956.609,1247.424,0.2952,0.0205,0.1589,0.4668,0.0585,0.340,0.129
5818,5817625,Neutral,good,1333.2,3.3,0.0,5758.071,6479.579,2038.965,3288.462,611.345,0.3168,0.3565,0.1122,0.1809,0.0336,0.620,3.178
5819,5818625,Neutral,good,1333.0,3.5,0.0,3780.219,482.153,589.867,4105.390,7085.595,0.2356,0.0301,0.0368,0.2559,0.4417,0.144,0.817
5820,5819625,Neutral,good,1333.3,3.0,0.0,6851.901,3466.904,2467.439,6370.352,937.794,0.3410,0.1725,0.1228,0.3170,0.0467,0.387,1.405
5821,5820625,Neutral,good,1333.8,3.4,0.0,1748.433,2510.851,2613.296,4027.203,2079.286,0.1347,0.1935,0.2013,0.3103,0.1602,0.649,0.961
5822,5821625,Neutral,good,1333.5,3.1,0.0,2076.634,3872.074,3517.908,3385.877,1651.610,0.1432,0.2670,0.2425,0.2334,0.1139,1.039,1.101
5823,5822625,Neutral,good,1334.1,3.2,0.0,9534.200,4018.465,4691.680,5397.060,891.360,0.3886,0.1638,0.1912,0.2200,0.0363,0.869,0.857
5824,5823625,Neutral,good,1333.1,2.8,0.0,1964.312,2135.577,1312.154,1742.509,1928.186,0.2163,0.2351,0.1445,0.1918,0.2123,0.753,1.628
5825,5824625,Neutral,good,1333.7,3.6,0.0,6519.362,2617.827,5419.716,3996.975,1871.812,0.3192,0.1282,0.2653,0.1957,0.0916,1.356,0.483
5826,5825625,Neutral,good,1334.0,3.5,0.0,5037.454,3219.096,5130.156,3115.244,1619.667,0.2780,0.1776,0.2831,0.1719,0.0894,1.647,0.627
5827,5826625,Neutral,good,1333.5,2.8,0.0,6477.991,2805.149,1874.461,2743.900,2120.787,0.4043,0.1751,0.1170,0.1713,0.1324,0.683,1.497
5828,5827625,Neutral,good,1333.0,3.2,0.0,1410.363,2711.909,5140.457,3399.494,770.119,0.1050,0.2019,0.3827,0.2531,0.0573,1.512,0.528
5829,5828625,Neutral,good,1333.2,3.5,0.0,12954.546,4790.895,3277.650,1118.845,989.050,0.5601,0.2071,0.1417,0.0484,0.0428,2.929,1.462
5830,5829625,Neutral,good,1332.5,3.4,0.0,2929.717,1899.037,3897.147,7663.853,3589.543,0.1466,0.0951,0.1951,0.3836,0.1797,0.509,0.487
5831,5830625,Neutral,good,1333.2,3.1,0.0,7189.396,2835.192,4059.476,8162.385,2156.092,0.2946,0.1162,0.1664,0.3345,0.0884,0.497,0.698
5832,5831624,Neutral,good,1333.9,3.2,0.0,5571.986,1776.620,772.920,2012.158,796.591,0.5098,0.1625,0.0707,0.1841,0.0729,0.384,2.299
5833,5832624,Neutral,good,1333.5,2.8,0.0,2953.425,6748.615,4274.024,2862.387,1011.422,0.1655,0.3781,0.2394,0.1604,0.0567,1.493,1.579
5834,5833624,Neutral,good,1333.6,3.0,0.0,1268.740,54.485,1013.842,2696.740,262.535,0.2396,0.0103,0.1914,0.5092,0.0496,0.376,0.054
5835,5834624,Neutral,good,1332.8,2.8,0.0,1742.744,2059.581,2902.365,1498.879,1009.374,0.1892,0.2236,0.3150,0.1627,0.1096,1.936,0.710
5836,5835624,Neutral,good,1334.1,3.0,0.0,8104.229,3714.010,982.801,6185.752,916.758,0.4072,0.1866,0.0494,0.3108,0.0461,0.159,3.779
5837,5836624,Neutral,good,1333.6,3.7,0.0,4753.204,2900.105,3787.768,12501.426,3329.162,0.1743,0.1063,0.1389,0.4584,0.1221,0.303,0.766
5838,5837624,Neutral,good,1333.7,3.1,0.0,1623.252,368.789,343.835,1421.438,1562.824,0.3051,0.0693,0.0646,0.2672,0.2938,0.242,1.073
5839,5838624,Neutral,good,1332.9,2.8,0.0,369.467,946.596,974.297,5365.702,452.658,0.0456,0.1167,0.1202,0.6617,0.0558,0.182,0.972
5840,5839624,Neutral,good,1333.6,3.0,0.0,2974.692,1738.097,1196.686,5983.175,801.457,0.2343,0.1369,0.0943,0.4713,0.0631,0.200,1.452
5841,5840624,Neutral,good,1332.5,2.5,0.0,1747.533,708.432,1500.753,3798.048,1871.847,0.1815,0.0736,0.1559,0.3945,0.1944,0.395,0.472
5842,5841624,Neutral,good,1333.4,3.0,0.0,587.453,2721.520,2322.032,5437.451,1746.811,0.0458,0.2124,0.1812,0.4243,0.1363,0.427,1.172
5843,5842624,Neutral,good,1334.4,3.8,0.0,6114.263,3242.712,14332.691,16055.514,3847.713,0.1403,0.0744,0.3288,0.3683,0.0883,0.893,0.226
5844,5843624,Neutral,good,1333.8,3.7,0.0,3637.577,3911.349,4951.452,19902.148,6314.676,0.0940,0.1010,0.1279,0.5140,0.1631,0.249,0.790
5845,5844624,Neutral,good,1334.0,3.3,0.0,8858.514,3876.607,1567.516,2188.842,928.420,0.5085,0.2225,0.0900,0.1257,0.0533,0.716,2.473
5846,5845624,Neutral,good,1333.4,3.3,0.0,6217.158,7672.827,1367.686,1537.737,375.071,0.3621,0.4469,0.0797,0.0896,0.0218,0.889,5.610
5847,5846624,Neutral,good,1334.0,3.3,0.0,950.731,1138.947,1160.607,2028.119,607.167,0.1615,0.1935,0.1972,0.3446,0.1032,0.572,0.981
5848,5847623,Neutral,good,1334.3,3.5,0.0,5475.613,3903.101,2579.389,3728.921,3645.186,0.2832,0.2019,0.1334,0.1929,0.1886,0.692,1.513
5849,5848623,Neutral,good,1333.5,3.0,0.0,1800.399,1493.806,799.356,2694.060,1029.162,0.2303,0.1911,0.1023,0.3447,0.1317,0.297,1.869
5850,5849623,Neutral,good,1332.9,2.9,0.0,3748.677,4195.404,3720.856,5127.162,501.658,0.2168,0.2426,0.2152,0.2965,0.0290,0.726,1.128
5851,5850623,Neutral,good,1332.7,2.9,0.0,2636.474,873.427,1106.043,2195.885,1277.850,0.3259,0.1080,0.1367,0.2714,0.1580,0.504,0.790
5852,5851623,Neutral,good,1331.9,3.4,0.0,2209.554,5796.892,2730.175,7091.913,3640.989,0.1029,0.2700,0.1272,0.3303,0.1696,0.385,2.123
5853,5852623,Neutral,good,1332.3,2.8,0.0,693.877,1161.838,764.765,5755.461,2360.551,0.0646,0.1082,0.0712,0.5361,0.2199,0.133,1.519
5854,5853623,Neutral,good,1333.0,3.5,0.0,5696.176,8195.230,8043.558,3911.738,2627.642,0.2000,0.2878,0.2825,0.1374,0.0923,2.056,1.019
5855,5854623,Neutral,good,1333.0,3.6,0.0,9744.137,14380.111,9327.904,6098.283,8486.573,0.2028,0.2994,0.1942,0.1269,0.1767,1.530,1.542
5856,5855623,Neutral,good,1333.7,3.3,0.0,13136.584,3314.067,1318.342,6276.313,3019.514,0.4854,0.1224,0.0487,0.2319,0.1116,0.210,2.514
5857,5856623,Neutral,good,1332.8,2.9,0.0,1346.757,4082.071,959.820,2893.679,6918.236,0.0831,0.2520,0.0592,0.1786,0.4270,0.332,4.253
5858,5857623,Neutral,good,1333.0,2.9,0.0,2728.541,7605.671,5116.338,9565.118,900.018,0.1053,0.2935,0.1974,0.3691,0.0347,0.535,1.487
5859,5858623,Neutral,good,1333.3,3.2,0.0,151.675,1936.215,3312.130,6363.154,1002.010,0.0119,0.1517,0.2595,0.4985,0.0785,0.521,0.585
5860,5859623,Neutral,good,1333.1,3.2,0.0,2096.515,5674.666,4921.876,2474.013,2155.678,0.1210,0.3276,0.2841,0.1428,0.1244,1.989,1.153
5861,5860623,Neutral,good,1332.9,3.0,0.0,9706.378,2230.105,822.548,5310.108,3085.420,0.4588,0.1054,0.0389,0.2510,0.1459,0.155,2.711
5862,5861623,Neutral,good,1333.7,3.1,0.0,5359.116,6499.417,3341.393,4272.162,1464.741,0.2560,0.3104,0.1596,0.2041,0.0700,0.782,1.945
5863,5862622,Neutral,good,1333.5,3.5,0.0,3843.899,5207.288,3037.812,10733.632,2894.336,0.1495,0.2025,0.1181,0.4174,0.1125,0.283,1.714
5864,5863622,Neutral,good,1333.0,3.0,0.0,1364.870,5723.491,4018.731,2960.625,1473.212,0.0878,0.3683,0.2586,0.1905,0.0948,1.357,1.424
5865,5864622,Neutral,good,1334.3,4.0,0.0,3442.154,2713.137,2072.046,11128.120,3737.944,0.1491,0.1175,0.0897,0.4819,0.1619,0.186,1.309
5866,5865622,Neutral,good,1334.7,3.4,0.0,3463.456,260.021,1116.231,7556.980,1905.643,0.2422,0.0182,0.0780,0.5284,0.1332,0.148,0.233
5867,5866622,Neutral,good,1334.1,3.5,0.0,23398.588,4774.465,3797.761,6815.177,1645.499,0.5787,0.1181,0.0939,0.1686,0.0407,0.557,1.257
5868,5873988,Neutral,good,1329.2,4.3,0.0,10571.271,7721.400,1765.516,3218.448,2167.583,0.4155,0.3035,0.0694,0.1265,0.0852,0.549,4.373
5869,5874136,Neutral,good,1328.5,3.6,0.0,1191.759,2423.638,2555.065,4467.237,1480.266,0.0983,0.2000,0.2108,0.3686,0.1222,0.572,0.949
5870,5874284,Neutral,good,1329.5,3.6,0.0,7280.803,4875.686,4100.312,1797.819,1030.014,0.3815,0.2555,0.2148,0.0942,0.0540,2.281,1.189
5871,5874432,Neutral,good,1329.7,3.3,0.0,6065.423,1626.724,496.930,1994.301,1611.862,0.5142,0.1379,0.0421,0.1691,0.1367,0.249,3.274
5872,5874579,Neutral,good,1329.5,3.4,0.0,14372.646,5684.413,7852.696,7322.827,2552.716,0.3804,0.1504,0.2078,0.1938,0.0676,1.072,0.724
5873,5874727,Neutral,good,1330.7,3.5,0.0,7089.900,4111.834,807.037,5621.378,4602.192,0.3189,0.1849,0.0363,0.2528,0.2070,0.144,5.095
5874,5874874,Neutral,good,1330.5,3.2,0.0,3829.299,905.939,2209.783,3663.731,1040.520,0.3287,0.0778,0.1897,0.3145,0.0893,0.603,0.410
5875,5875022,Neutral,good,1331.0,3.0,0.0,418.708,891.853,1084.428,7047.239,925.334,0.0404,0.0860,0.1046,0.6797,0.0893,0.154,0.822
5876,5875622,Neutral,good,1330.8,3.0,0.0,532.145,4976.756,6249.176,4460.303,1222.215,0.0305,0.2854,0.3583,0.2557,0.0701,1.401,0.796
5877,5876622,Neutral,good,1331.0,2.4,0.0,3409.916,1351.242,2431.415,3540.004,833.116,0.2948,0.1168,0.2102,0.3061,0.0720,0.687,0.556
5878,5877622,Neutral,good,1332.3,3.0,0.0,637.410,1737.871,1759.754,2910.049,1879.235,0.0714,0.1947,0.1972,0.3261,0.2106,0.605,0.988
5879,5878622,Neutral,good,1332.2,3.0,0.0,4438.859,4327.179,1874.213,4221.428,1755.581,0.2671,0.2604,0.1128,0.2540,0.1056,0.444,2.309
5880,5879621,Neutral,good,1332.7,2.7,0.0,2761.807,3582.493,1145.750,1350.014,1232.995,0.2742,0.3557,0.1137,0.1340,0.1224,0.849,3.127
5881,5880621,Neutral,good,1332.0,3.6,0.0,2483.801,2577.973,2866.788,1139.996,1127.563,0.2436,0.2528,0.2812,0.1118,0.1106,2.515,0.899
5882,5881621,Neutral,good,1332.9,2.9,0.0,675.829,4477.816,2677.928,1914.699,223.589,0.0678,0.4491,0.2686,0.1920,0.0224,1.399,1.672
5883,5882621,Neutral,good,1333.5,3.0,0.0,2978.497,3549.835,8627.898,6024.738,1213.885,0.1330,0.1585,0.3853,0.2690,0.0542,1.432,0.411
5884,5883621,Neutral,good,1333.4,3.1,0.0,2012.602,3207.730,2589.418,1844.220,1129.806,0.1866,0.2975,0.2401,0.1710,0.1048,1.404,1.239
5885,5884621,Neutral,good,1333.8,2.7,0.0,5136.981,3973.962,435.014,10027.207,2687.104,0.2308,0.1785,0.0195,0.4505,0.1207,0.043,9.135
5886,5885621,Neutral,good,1333.4,2.9,0.0,7108.350,1432.253,1717.354,9105.991,1577.694,0.3394,0.0684,0.0820,0.4348,0.0753,0.189,0.834
5887,5886621,Neutral,good,1333.0,3.3,0.0,2017.350,1980.454,2991.276,2828.479,1726.383,0.1748,0.1716,0.2591,0.2450,0.1495,1.058,0.662
5888,5887621,Neutral,good,1332.9,2.8,0.0,3173.080,2881.311,555.475,4148.466,1236.379,0.2645,0.2402,0.0463,0.3459,0.1031,0.134,5.187
5889,5888621,Neutral,good,1333.1,3.2,0.0,2525.721,1086.538,1309.141,3087.846,1584.044,0.2633,0.1133,0.1365,0.3219,0.1651,0.424,0.830
5890,5889621,Neutral,good,1334.6,2.8,0.0,6274.209,4930.425,3617.046,2479.495,2077.646,0.3238,0.2544,0.1866,0.1279,0.1072,1.459,1.363
5891,5890621,Neutral,good,1334.0,3.3,0.0,3797.262,3450.175,4138.131,6761.213,1247.809,0.1958,0.1779,0.2134,0.3486,0.0643,0.612,0.834
5892,5891621,Neutral,good,1334.1,3.0,0.0,1959.659,2022.749,1042.885,1021.527,1169.301,0.2716,0.2803,0.1445,0.1416,0.1620,1.021,1.940
5893,5892621,Neutral,good,1333.8,3.3,0.0,7261.045,6250.796,3414.816,8179.374,1526.745,0.2726,0.2347,0.1282,0.3071,0.0573,0.417,1.830
5894,5893621,Neutral,good,1334.0,3.1,0.0,4108.012,8181.980,5331.301,3532.474,1788.910,0.1791,0.3566,0.2324,0.1540,0.0780,1.509,1.535
5895,5894621,Neutral,good,1333.5,4.0,0.0,19529.885,1331.103,1845.834,7464.164,11045.315,0.4738,0.0323,0.0448,0.1811,0.2680,0.247,0.721
5896,5895620,Neutral,good,1333.3,2.8,0.0,2445.957,1145.394,186.247,702.827,851.674,0.4587,0.2148,0.0349,0.1318,0.1597,0.265,6.150
5897,5896620,Neutral,good,1333.3,2.8,0.0,2099.317,1668.536,166.810,1979.466,1074.229,0.3004,0.2388,0.0239,0.2833,0.1537,0.084,10.003
5898,5897620,Neutral,good,1334.3,3.2,0.0,13341.449,2411.010,5865.132,3424.531,517.574,0.5220,0.0943,0.2295,0.1340,0.0202,1.713,0.411
5899,5898620,Neutral,good,1333.6,2.8,0.0,1394.600,2610.803,1062.097,4145.308,1437.163,0.1309,0.2451,0.0997,0.3892,0.1349,0.256,2.458
5900,5899620,Neutral,good,1333.4,3.3,0.0,2025.828,6442.849,7248.303,14881.942,682.409,0.0648,0.2060,0.2317,0.4757,0.0218,0.487,0.889
5901,5900620,Neutral,good,1333.0,2.9,0.0,635.125,1999.995,2715.389,10038.289,4923.895,0.0313,0.0985,0.1337,0.4942,0.2424,0.271,0.737
5902,5901620,Neutral,good,1333.3,3.0,0.0,2458.784,1152.067,1974.540,1831.253,1347.214,0.2806,0.1315,0.2253,0.2090,0.1537,1.078,0.583
5903,5902620,Neutral,good,1334.6,3.6,0.0,3536.612,7485.448,10757.560,8750.457,2639.912,0.1066,0.2257,0.3243,0.2638,0.0796,1.229,0.696
5904,5903620,Neutral,good,1333.7,3.4,0.0,1471.922,3152.022,3769.818,3809.006,746.914,0.1137,0.2434,0.2911,0.2941,0.0577,0.990,0.836
5905,5904620,Neutral,good,1333.6,3.0,0.0,3051.666,6687.869,5831.834,2126.067,1303.690,0.1606,0.3520,0.3069,0.1119,0.0686,2.743,1.147
5906,5905620,Neutral,good,1333.5,3.0,0.0,262.477,3288.022,2411.929,6553.393,1122.073,0.0192,0.2411,0.1769,0.4805,0.0823,0.368,1.363
5907,5906620,Neutral,good,1332.7,3.8,0.0,4492.680,5078.312,5702.392,3478.250,3097.551,0.2056,0.2324,0.2610,0.1592,0.1418,1.639,0.891
5908,5907620,Neutral,good,1333.4,3.6,0.0,9449.192,6745.250,6888.617,8488.729,2177.899,0.2800,0.1999,0.2041,0.2515,0.0645,0.812,0.979
5909,5908620,Neutral,good,1332.6,3.4,0.0,7535.640,23416.236,18715.729,3214.971,1155.420,0.1395,0.4333,0.3463,0.0595,0.0214,5.821,1.251
5910,5909620,Neutral,good,1332.5,3.5,0.0,2317.012,8794.963,9683.521,9682.569,1531.447,0.0724,0.2748,0.3025,0.3025,0.0478,1.000,0.908
5911,5910619,Neutral,good,1333.2,2.9,0.0,4687.230,2128.594,3165.414,3814.635,2416.977,0.2891,0.1313,0.1952,0.2353,0.1491,0.830,0.672
5912,5911619,Neutral,good,1333.0,3.7,0.0,11639.498,32202.654,13239.646,8786.436,3877.409,0.1669,0.4617,0.1898,0.1260,0.0556,1.507,2.432
5913,5912619,Neutral,good,1332.4,2.9,0.0,1347.047,3648.484,2811.826,3099.980,1199.408,0.1113,0.3014,0.2323,0.2561,0.0991,0.907,1.298
5914,5913619,Neutral,good,1332.4,3.1,0.0,2651.194,4526.131,3825.505,6967.942,3602.496,0.1229,0.2098,0.1773,0.3230,0.1670,0.549,1.183
5915,5914619,Neutral,good,1332.7,3.0,0.0,3076.943,2362.591,1574.829,4908.680,1210.149,0.2343,0.1799,0.1199,0.3738,0.0921,0.321,1.500
5916,5915619,Neutral,good,1332.7,3.0,0.0,2966.133,4521.053,3423.815,2352.786,1063.701,0.2070,0.3156,0.2390,0.1642,0.0742,1.455,1.320
5917,5916619,Neutral,good,1333.6,3.6,0.0,6246.979,4387.849,1839.315,7942.754,5824.694,0.2381,0.1672,0.0701,0.3027,0.2220,0.232,2.386
5918,5917619,Neutral,good,1332.6,3.1,0.0,8470.398,8402.685,2526.213,6498.050,932.475,0.3157,0.3132,0.0942,0.2422,0.0348,0.389,3.326
5919,5918619,Neutral,good,1331.7,3.1,0.0,75.338,333.798,1507.458,3509.886,976.349,0.0118,0.0521,0.2354,0.5482,0.1525,0.429,0.221
5920,5919619,Neutral,good,1332.2,2.6,0.0,3751.997,1716.668,175.755,3440.020,2998.351,0.3105,0.1421,0.0145,0.2847,0.2482,0.051,9.767
5921,5920619,Neutral,good,1332.4,3.0,0.0,8087.066,7167.742,4473.626,3176.162,1977.926,0.3250,0.2881,0.1798,0.1276,0.0795,1.409,1.602
5922,5921619,Neutral,good,1332.5,3.3,0.0,2048.491,634.010,256.914,2155.133,1765.421,0.2986,0.0924,0.0375,0.3142,0.2574,0.119,2.468
5923,5922619,Neutral,good,1332.3,3.5,0.0,12510.300,9135.133,3124.876,8593.367,3127.379,0.3428,0.2503,0.0856,0.2355,0.0857,0.364,2.923
5924,5923619,Neutral,good,1333.5,3.1,0.0,9924.387,4925.274,2453.448,3257.220,954.443,0.4613,0.2289,0.1140,0.1514,0.0444,0.753,2.007
5925,5924619,Neutral,good,1333.7,3.0,0.0,1152.648,717.797,5641.161,6436.459,1220.042,0.0760,0.0473,0.3719,0.4243,0.0804,0.876,0.127
5926,5925619,Neutral,good,1332.8,3.3,0.0,7706.829,4714.372,1728.864,1706.753,2853.330,0.4119,0.2520,0.0924,0.0912,0.1525,1.013,2.727
5927,5926618,Neutral,good,1332.7,3.3,0.0,1611.281,7875.005,8430.430,7076.582,1794.304,0.0602,0.2940,0.3147,0.2642,0.0670,1.191,0.934
5928,5927618,Neutral,good,1332.4,3.7,0.0,3736.541,1966.598,2325.543,2901.256,1961.838,0.2898,0.1525,0.1804,0.2250,0.1522,0.802,0.846
5929,5928618,Neutral,good,1332.7,3.1,0.0,16424.361,7841.015,2434.189,2461.541,1474.010,0.5361,0.2559,0.0795,0.0804,0.0481,0.989,3.221
5930,5929618,Neutral,good,1333.5,3.3,0.0,1101.490,1782.933,4879.489,15646.049,2998.720,0.0417,0.0675,0.1848,0.5925,0.1136,0.312,0.365
5931,5930618,Neutral,good,1334.2,3.9,0.0,15374.041,20908.930,10131.283,4920.158,7498.467,0.2613,0.3554,0.1722,0.0836,0.1275,2.059,2.064
5932,5931618,Neutral,good,1332.8,3.4,0.0,3069.673,2281.988,646.960,14263.931,2811.737,0.1330,0.0989,0.0280,0.6182,0.1219,0.045,3.527
5933,5932618,Neutral,good,1333.0,2.9,0.0,2556.068,1916.475,579.981,2135.729,521.394,0.3315,0.2486,0.0752,0.2770,0.0676,0.272,3.304
5934,5933618,Neutral,good,1333.4,3.5,0.0,1997.881,2134.812,255.478,803.490,443.971,0.3545,0.3788,0.0453,0.1426,0.0788,0.318,8.356
5935,5934618,Neutral,good,1333.2,3.3,0.0,1162.916,1269.815,1964.562,4019.992,1499.651,0.1173,0.1280,0.1981,0.4054,0.1512,0.489,0.646
5936,5935618,Neutral,good,1333.4,3.1,0.0,13157.124,2115.938,625.060,4577.783,1702.918,0.5932,0.0954,0.0282,0.2064,0.0768,0.137,3.385
5937,5936618,Neutral,good,1332.8,3.1,0.0,12708.346,3220.642,2754.453,7106.070,1857.413,0.4597,0.1165,0.0996,0.2570,0.0672,0.388,1.169
5938,5937618,Neutral,good,1332.5,3.5,0.0,1918.945,7657.267,7105.562,3605.348,387.889,0.0928,0.3704,0.3437,0.1744,0.0188,1.971,1.078
5939,5938618,Neutral,good,1333.0,3.6,0.0,3530.597,5899.587,6211.399,3012.736,3499.883,0.1594,0.2663,0.2804,0.1360,0.1580,2.062,0.950
5940,5939618,Neutral,good,1332.4,3.0,0.0,8054.275,2079.286,975.963,6891.680,656.577,0.4317,0.1114,0.0523,0.3694,0.0352,0.142,2.130
5941,5940618,Neutral,good,1333.0,3.3,0.0,16476.156,15158.761,14299.663,11575.705,2786.598,0.2733,0.2514,0.2372,0.1920,0.0462,1.235,1.060
5942,5941617,Neutral,good,1333.3,3.7,0.0,5387.133,8902.063,5283.830,4479.853,791.987,0.2168,0.3583,0.2127,0.1803,0.0319,1.179,1.685
5943,5942618,Neutral,good,1333.9,3.2,0.0,1234.772,1240.889,2632.015,7307.475,2372.664,0.0835,0.0839,0.1780,0.4942,0.1604,0.360,0.471
5944,5943617,Neutral,good,1333.4,3.3,0.0,8224.942,12777.712,11853.893,4081.286,2927.527,0.2063,0.3205,0.2973,0.1024,0.0734,2.904,1.078
5945,5944617,Neutral,good,1333.0,3.4,0.0,4729.850,3860.142,1194.857,3322.848,1095.334,0.3330,0.2718,0.0841,0.2340,0.0771,0.360,3.231
5946,5945617,Neutral,good,1333.4,2.6,0.0,5408.209,5604.343,2449.450,3853.048,1832.737,0.2824,0.2927,0.1279,0.2012,0.0957,0.636,2.288
5947,5946617,Neutral,good,1333.9,3.0,0.0,1326.961,1772.116,6079.571,3875.391,2079.208,0.0877,0.1171,0.4017,0.2561,0.1374,1.569,0.291
5948,5947617,Neutral,good,1333.7,3.2,0.0,3756.356,2014.156,3104.286,12757.333,4409.368,0.1442,0.0773,0.1192,0.4899,0.1693,0.243,0.649
5949,5948617,Neutral,good,1333.2,2.8,0.0,11895.553,10888.573,968.562,3933.494,612.266,0.4204,0.3848,0.0342,0.1390,0.0216,0.246,11.242
5950,5949617,Neutral,good,1332.8,3.4,0.0,3181.615,2113.027,2155.976,2926.671,1164.221,0.2757,0.1831,0.1868,0.2536,0.1009,0.737,0.980
5951,5950617,Neutral,good,1333.3,2.9,0.0,8973.098,5014.844,3519.913,2237.669,1209.764,0.4282,0.2393,0.1680,0.1068,0.0577,1.573,1.425
5952,5951617,Neutral,good,1333.1,3.0,0.0,1469.930,1118.448,1780.824,3004.058,934.514,0.1769,0.1346,0.2144,0.3616,0.1125,0.593,0.628
5953,5952617,Neutral,good,1332.9,2.9,0.0,1150.737,4568.224,7146.505,5729.351,1833.048,0.0563,0.2236,0.3498,0.2805,0.0897,1.247,0.639
5954,5953617,Neutral,good,1333.7,3.6,0.0,3820.690,2668.039,771.116,7126.046,975.738,0.2487,0.1737,0.0502,0.4639,0.0635,0.108,3.460
5955,5954617,Neutral,good,1333.0,3.1,0.0,9526.389,10009.283,4089.575,2548.250,1102.977,0.3493,0.3670,0.1499,0.0934,0.0404,1.605,2.448
5956,5955617,Neutral,good,1333.6,3.3,0.0,20638.193,10219.756,9017.028,10356.284,747.490,0.4048,0.2005,0.1769,0.2031,0.0147,0.871,1.133
5957,5956616,Neutral,good,1333.3,3.1,0.0,611.345,1355.611,2681.233,6824.718,879.514,0.0495,0.1097,0.2171,0.5525,0.0712,0.393,0.506
5958,5957616,Neutral,good,1333.5,3.0,0.0,664.716,1201.111,2269.958,1613.785,3266.600,0.0737,0.1332,0.2518,0.1790,0.3623,1.407,0.529
5959,5958616,Neutral,good,1333.8,3.2,0.0,5037.788,8201.222,2720.800,2966.083,921.373,0.2538,0.4132,0.1371,0.1494,0.0464,0.917,3.014
5960,5959616,Neutral,good,1333.9,2.8,0.0,831.228,1543.502,4129.589,2604.250,3479.360,0.0660,0.1226,0.3281,0.2069,0.2764,1.586,0.374
5961,5960616,Neutral,good,1333.3,2.9,0.0,5481.594,4066.975,4157.809,6469.769,2277.745,0.2441,0.1811,0.1852,0.2881,0.1014,0.643,0.978
5962,5961616,Neutral,good,1333.8,2.9,0.0,2556.025,2223.890,1255.659,3326.854,786.521,0.2519,0.2191,0.1237,0.3278,0.0775,0.377,1.771
5963,5962616,Neutral,good,1333.8,2.9,0.0,3875.862,3003.305,1745.804,1692.427,1354.255,0.3321,0.2573,0.1496,0.1450,0.1160,1.032,1.720
5964,5963616,Neutral,good,1333.0,3.6,0.0,9667.430,6612.926,7522.829,6880.952,1101.738,0.3041,0.2080,0.2367,0.2165,0.0347,1.093,0.879
5965,5964616,Neutral,good,1332.3,3.1,0.0,1294.457,257.079,550.238,4520.072,990.404,0.1700,0.0338,0.0723,0.5938,0.1301,0.122,0.467
5966,5965616,Neutral,good,1333.0,3.6,0.0,13560.995,4484.682,1772.748,1580.235,577.632,0.6171,0.2041,0.0807,0.0719,0.0263,1.122,2.530
5967,5966616,Neutral,good,1332.7,3.6,0.0,6411.210,7304.607,4175.023,4604.252,4023.401,0.2418,0.2755,0.1574,0.1736,0.1517,0.907,1.750
5968,5967616,Neutral,good,1333.3,2.7,0.0,854.382,1653.705,1196.981,2392.583,1704.263,0.1095,0.2120,0.1534,0.3067,0.2184,0.500,1.382
5969,5968616,Neutral,good,1333.1,2.8,0.0,387.829,2418.710,3629.605,11536.731,1715.137,0.0197,0.1229,0.1844,0.5860,0.0871,0.315,0.666
5970,5969616,Neutral,good,1334.0,3.1,0.0,5564.546,5159.783,6790.479,8175.417,3110.114,0.1932,0.1792,0.2358,0.2839,0.1080,0.831,0.760
5971,5970616,Neutral,good,1333.4,2.8,0.0,611.635,38.227,1766.005,4193.422,3689.885,0.0594,0.0037,0.1715,0.4072,0.3583,0.421,0.022
5972,5971616,Neutral,good,1334.2,2.2,0.0,6615.936,1701.541,583.799,484.607,2032.668,0.5794,0.1490,0.0511,0.0424,0.1780,1.205,2.915
5973,5972615,Neutral,good,1334.2,3.3,0.0,1793.834,2914.871,3313.639,10349.790,4912.394,0.0770,0.1252,0.1423,0.4445,0.2110,0.320,0.880
5974,5973615,Neutral,good,1334.2,3.1,0.0,1897.611,2944.619,1777.053,3773.364,2169.065,0.1511,0.2344,0.1415,0.3004,0.1727,0.471,1.657
5975,5974615,Neutral,good,1334.2,3.1,0.0,1368.962,1606.483,3974.304,5123.454,3470.498,0.0881,0.1034,0.2557,0.3296,0.2233,0.776,0.404
5976,5975615,Neutral,good,1334.3,3.6,0.0,8434.390,8959.894,2465.736,4901.104,3142.607,0.3023,0.3211,0.0884,0.1756,0.1126,0.503,3.634
5977,5976615,Neutral,good,1333.8,2.8,0.0,1482.462,788.758,2527.015,5230.941,620.316,0.1392,0.0741,0.2373,0.4912,0.0582,0.483,0.312
5978,5977615,Neutral,good,1333.8,3.3,0.0,1381.311,2929.722,4725.720,6784.999,2734.979,0.0744,0.1579,0.2547,0.3656,0.1474,0.696,0.620
5979,5978615,Neutral,good,1333.5,2.6,0.0,2210.902,2499.010,3987.524,10064.145,976.173,0.1120,0.1266,0.2020,0.5099,0.0495,0.396,0.627
5980,5979615,Neutral,good,1333.3,2.7,0.0,3982.346,1057.645,537.343,1111.740,426.406,0.5597,0.1486,0.0755,0.1562,0.0599,0.483,1.968
5981,5980615,Neutral,good,1333.4,3.4,0.0,40918.617,18928.055,5380.729,5495.691,1889.614,0.5635,0.2607,0.0741,0.0757,0.0260,0.979,3.518
5982,5981615,Neutral,good,1332.9,3.0,0.0,9272.030,846.892,1832.221,2776.178,1734.286,0.5633,0.0514,0.1113,0.1686,0.1054,0.660,0.462
5983,5982615,Neutral,good,1331.5,2.9,0.0,4574.658,6023.502,4710.846,1325.803,771.374,0.2628,0.3461,0.2706,0.0762,0.0443,3.553,1.279
5984,5983615,Neutral,good,1330.0,3.7,0.0,734.981,1824.366,4335.368,10660.225,1782.058,0.0380,0.0943,0.2242,0.5513,0.0922,0.407,0.421
5985,5984615,Neutral,good,1330.3,3.6,0.0,3203.364,2777.859,2985.361,21841.402,4077.707,0.0918,0.0796,0.0856,0.6261,0.1169,0.137,0.930
5986,5985615,Neutral,good,1330.7,3.2,0.0,3273.520,1432.124,1300.107,5998.816,4727.560,0.1956,0.0856,0.0777,0.3585,0.2825,0.217,1.102
5987,5986615,Neutral,good,1329.6,3.2,0.0,6114.189,4277.643,6054.363,6736.932,3267.970,0.2312,0.1617,0.2289,0.2547,0.1235,0.899,0.707
5988,5987615,Neutral,good,1329.8,3.9,0.0,17682.295,5354.929,6183.758,6093.990,4564.799,0.4434,0.1343,0.1551,0.1528,0.1145,1.015,0.866
5989,5988614,Neutral,good,1330.1,3.7,0.0,3345.969,3718.825,2764.686,973.813,2693.104,0.2479,0.2755,0.2048,0.0722,0.1995,2.839,1.345
5990,5989614,Neutral,good,1329.5,3.2,0.0,3081.756,3683.426,2078.897,1933.270,775.783,0.2667,0.3188,0.1799,0.1673,0.0671,1.075,1.772
5991,5990614,Neutral,good,1331.0,3.8,0.0,3186.814,1263.005,1693.509,5929.775,5079.409,0.1858,0.0736,0.0987,0.3457,0.2961,0.286,0.746
5992,5991614,Neutral,good,1331.4,3.1,0.0,1640.134,1184.332,3262.213,20028.906,2396.475,0.0575,0.0415,0.1144,0.7025,0.0841,0.163,0.363
5993,5992614,Neutral,good,1331.9,3.4,0.0,12740.054,3582.325,1369.183,6958.795,934.084,0.4980,0.1400,0.0535,0.2720,0.0365,0.197,2.616
5994,5993614,Neutral,good,1333.1,3.7,0.0,4187.412,7457.607,9913.990,6812.456,4381.012,0.1279,0.2277,0.3027,0.2080,0.1338,1.455,0.752
5995,5994614,Neutral,good,1332.5,3.5,0.0,3145.261,3693.604,2996.285,4297.125,4321.826,0.1704,0.2002,0.1624,0.2329,0.2342,0.697,1.233
5996,5995614,Neutral,good,1332.7,3.5,0.0,9068.082,4771.498,3095.637,3539.767,1243.026,0.4175,0.2197,0.1425,0.1630,0.0572,0.875,1.541
5997,5996614,Neutral,good,1332.6,2.8,0.0,496.475,3605.816,3519.842,1122.926,1972.643,0.0463,0.3364,0.3284,0.1048,0.1841,3.135,1.024
5998,5997614,Neutral,good,1333.2,3.1,0.0,2657.369,8974.274,10046.771,5618.487,2799.600,0.0883,0.2982,0.3338,0.1867,0.0930,1.788,0.893
5999,5998614,Neutral,good,1333.7,3.0,0.0,2417.204,1997.437,2516.556,3268.174,2319.116,0.1931,0.1596,0.2010,0.2611,0.1853,0.770,0.794
6000,5999614,Neutral,good,1332.9,3.0,0.0,6790.558,6018.901,2476.935,994.238,1198.305,0.3885,0.3444,0.1417,0.0569,0.0686,2.491,2.430
6001,6000614,Neutral,good,1334.9,3.3,0.0,2063.299,2361.943,1672.785,3887.626,4373.626,0.1437,0.1645,0.1165,0.2707,0.3046,0.430,1.412
6002,6001614,Neutral,good,1335.6,4.1,0.0,5463.443,556.662,863.995,3847.393,3942.275,0.3723,0.0379,0.0589,0.2622,0.2687,0.225,0.644
6003,6002614,Neutral,good,1333.4,4.0,0.0,8049.573,7853.934,8801.700,8034.978,2717.013,0.2270,0.2215,0.2482,0.2266,0.0766,1.095,0.892
6004,6003613,Neutral,good,1332.2,4.0,0.0,4903.360,7938.517,8422.257,3934.873,1330.907,0.1848,0.2992,0.3175,0.1483,0.0502,2.140,0.943
6005,6004613,Neutral,good,1333.9,3.0,0.0,774.356,1703.076,2344.956,3175.240,2545.642,0.0734,0.1615,0.2224,0.3012,0.2414,0.739,0.726
6006,6005613,Neutral,good,1333.6,3.0,0.0,6152.665,2161.639,9893.530,23248.645,745.707,0.1458,0.0512,0.2344,0.5509,0.0177,0.426,0.218
6007,6006613,Neutral,good,1333.8,3.5,0.0,866.041,1996.814,1684.232,8975.536,5021.733,0.0467,0.1077,0.0908,0.4840,0.2708,0.188,1.186
6008,6007613,Neutral,good,1329.3,4.9,0.0,7384.174,12016.040,3868.582,5482.798,2261.508,0.2381,0.3875,0.1247,0.1768,0.0729,0.706,3.106
6009,6008613,Neutral,good,1329.1,3.5,0.0,2808.894,2243.539,1854.686,2771.402,1089.915,0.2608,0.2083,0.1722,0.2574,0.1012,0.669,1.210
6010,6009613,Neutral,good,1330.2,3.6,0.0,5284.106,2034.598,1069.250,4771.440,1346.002,0.3643,0.1403,0.0737,0.3289,0.0928,0.224,1.903
6011,6010613,Neutral,good,1331.3,4.0,0.0,18634.236,7318.477,4740.755,5158.919,3454.094,0.4741,0.1862,0.1206,0.1312,0.0879,0.919,1.544
6012,6011613,Neutral,good,1330.1,3.2,0.0,2714.219,72.990,322.709,6574.380,1223.931,0.2488,0.0067,0.0296,0.6027,0.1122,0.049,0.226
6013,6012613,Neutral,good,1330.8,2.9,0.0,14419.243,4609.576,2374.917,4010.679,3237.073,0.5033,0.1609,0.0829,0.1400,0.1130,0.592,1.941
6014,6013613,Neutral,good,1331.0,3.8,0.0,3868.998,1994.356,9070.342,22701.684,3101.503,0.0950,0.0490,0.2227,0.5573,0.0761,0.400,0.220
6015,6014613,Neutral,good,1330.3,3.4,0.0,6064.572,2949.766,1226.651,1400.839,2418.830,0.4313,0.2098,0.0872,0.0996,0.1720,0.876,2.405
6016,6015613,Neutral,good,1331.5,3.3,0.0,11384.455,11517.972,10311.131,7264.870,1605.923,0.2705,0.2737,0.2450,0.1726,0.0382,1.419,1.117
6017,6016613,Neutral,good,1331.2,3.9,0.0,991.390,1412.788,3531.302,4365.772,2179.737,0.0794,0.1132,0.2829,0.3498,0.1746,0.809,0.400
6018,6017613,Neutral,good,1330.1,3.2,0.0,2132.351,546.928,2802.836,2719.582,1621.228,0.2171,0.0557,0.2853,0.2769,0.1650,1.031,0.195
6019,6018613,Neutral,good,1331.0,3.0,0.0,2486.237,5706.498,4832.737,2806.494,1289.874,0.1452,0.3333,0.2823,0.1639,0.0753,1.722,1.181
6020,6019613,Neutral,good,1330.4,3.6,0.0,2804.062,1264.133,1309.859,1635.171,2019.957,0.3104,0.1399,0.1450,0.1810,0.2236,0.801,0.965
6021,6020612,Neutral,good,1330.7,3.3,0.0,2715.483,3473.677,1991.751,4807.873,1623.783,0.1858,0.2377,0.1363,0.3290,0.1111,0.414,1.744
6022,6021612,Neutral,good,1331.3,4.0,0.0,388.162,502.116,1169.287,5447.200,1707.675,0.0421,0.0545,0.1269,0.5912,0.1853,0.215,0.429
6023,6022612,Neutral,good,1330.7,4.0,0.0,1103.248,1915.541,1042.448,8575.530,1765.327,0.0766,0.1330,0.0724,0.5954,0.1226,0.122,1.838
6024,6023612,Neutral,good,1331.2,3.2,0.0,8995.425,4598.246,1953.401,3512.034,2925.669,0.4092,0.2092,0.0889,0.1597,0.1331,0.556,2.354
6025,6024612,Neutral,good,1330.6,4.0,0.0,4244.292,14151.642,12538.213,4159.031,1085.355,0.1173,0.3912,0.3466,0.1150,0.0300,3.015,1.129
6026,6025612,Neutral,good,1331.3,4.5,0.0,18988.664,3012.778,3226.163,6617.078,2037.968,0.5604,0.0889,0.0952,0.1953,0.0601,0.488,0.934
6027,6026612,Neutral,good,1331.3,3.9,0.0,3453.285,5640.438,2245.540,4901.107,3122.448,0.1783,0.2913,0.1160,0.2531,0.1613,0.458,2.512
6028,6027612,Neutral,good,1332.3,3.5,0.0,1923.927,3335.813,2246.421,5150.743,1747.056,0.1336,0.2316,0.1560,0.3576,0.1213,0.436,1.485
6029,6028612,Neutral,good,1331.9,4.0,0.0,11332.126,674.818,1598.795,1740.307,1547.103,0.6708,0.0399,0.0946,0.1030,0.0916,0.919,0.422
6030,6029612,Neutral,good,1332.8,4.6,0.0,3128.229,668.801,4859.198,9860.330,5540.970,0.1300,0.0278,0.2020,0.4099,0.2303,0.493,0.138
6031,6030612,Neutral,good,1331.7,3.5,0.0,16123.741,3614.116,2541.277,7971.831,980.482,0.5163,0.1157,0.0814,0.2553,0.0314,0.319,1.422
6032,6031612,Neutral,good,1331.1,3.5,0.0,6909.213,3383.220,805.979,2095.877,1619.672,0.4664,0.2284,0.0544,0.1415,0.1093,0.385,4.198
6033,6032612,Neutral,good,1331.3,2.8,0.0,1126.934,1189.305,781.074,2900.957,3170.248,0.1229,0.1297,0.0852,0.3164,0.3458,0.269,1.523
6034,6033612,Neutral,good,1331.4,2.8,0.0,668.359,641.558,2849.483,4631.778,839.906,0.0694,0.0666,0.2959,0.4809,0.0872,0.615,0.225
6035,6034611,Neutral,good,1331.5,2.9,0.0,8275.830,2884.186,1130.083,7142.352,4106.917,0.3516,0.1225,0.0480,0.3034,0.1745,0.158,2.552
6036,6035611,Neutral,good,1332.3,4.2,0.0,11889.835,18457.289,16101.565,6117.408,2396.523,0.2163,0.3358,0.2930,0.1113,0.0436,2.632,1.146
6037,6036611,Neutral,good,1332.1,4.4,0.0,9027.857,3228.754,5952.177,27120.629,2187.717,0.1900,0.0679,0.1253,0.5708,0.0460,0.219,0.542
6038,6037611,Neutral,good,1331.7,3.5,0.0,1488.398,7639.063,5562.110,13033.233,1754.406,0.0505,0.2592,0.1887,0.4421,0.0595,0.427,1.373
6039,6038611,Neutral,good,1331.5,2.8,0.0,5211.794,3276.612,1707.103,2582.064,1304.956,0.3701,0.2327,0.1212,0.1834,0.0927,0.661,1.919
6040,6039611,Neutral,good,1332.4,3.6,0.0,5491.779,9249.874,5491.221,2854.312,895.755,0.2290,0.3857,0.2290,0.1190,0.0373,1.924,1.684
6041,6040611,Neutral,good,1332.1,3.6,0.0,6221.746,8156.449,9452.702,7496.663,3862.065,0.1768,0.2318,0.2686,0.2130,0.1098,1.261,0.863
6042,6041611,Neutral,good,1332.3,3.2,0.0,4960.175,547.747,761.316,11273.304,3278.997,0.2382,0.0263,0.0366,0.5414,0.1575,0.068,0.719
6043,6042611,Neutral,good,1332.0,3.4,0.0,4544.695,3714.448,2044.104,7261.522,1546.263,0.2378,0.1944,0.1070,0.3800,0.0809,0.281,1.817
6044,6043611,Neutral,good,1331.6,3.5,0.0,1405.964,3189.917,2528.151,7741.631,2226.804,0.0823,0.1866,0.1479,0.4529,0.1303,0.327,1.262
6045,6044611,Neutral,good,1332.1,3.6,0.0,5003.021,2555.720,839.530,8193.308,9120.659,0.1946,0.0994,0.0327,0.3187,0.3547,0.102,3.044
6046,6045611,Neutral,good,1331.6,3.1,0.0,2662.243,1173.476,584.911,4348.212,4206.025,0.2052,0.0904,0.0451,0.3351,0.3242,0.135,2.006
6047,6046611,Neutral,good,1332.0,4.0,0.0,7275.014,3993.388,3725.788,14852.312,5199.996,0.2076,0.1139,0.1063,0.4238,0.1484,0.251,1.072
6048,6047611,Neutral,good,1331.1,3.6,0.0,25701.928,1314.886,4143.194,7520.848,605.089,0.6542,0.0335,0.1055,0.1914,0.0154,0.551,0.317
6049,6048611,Neutral,good,1332.3,3.7,0.0,4996.758,1384.524,444.478,9182.243,928.688,0.2950,0.0817,0.0262,0.5422,0.0548,0.048,3.115
6050,6049611,Neutral,good,1332.3,4.2,0.0,10184.523,7990.081,471.837,6721.167,6001.674,0.3247,0.2547,0.0150,0.2143,0.1913,0.070,16.934
6051,6050610,Neutral,good,1332.3,4.1,0.0,6638.300,5948.298,3190.233,6958.278,2695.962,0.2610,0.2339,0.1254,0.2736,0.1060,0.458,1.865
6052,6051610,Neutral,good,1332.3,3.4,0.0,675.594,1570.450,532.631,1722.496,2856.544,0.0918,0.2134,0.0724,0.2341,0.3882,0.309,2.948
6053,6052610,Neutral,good,1332.2,3.1,0.0,1866.251,2488.538,4071.435,6902.610,1599.416,0.1102,0.1470,0.2405,0.4078,0.0945,0.590,0.611
6054,6053610,Neutral,good,1332.6,4.1,0.0,7005.457,10718.327,4980.209,2059.775,1311.889,0.2687,0.4110,0.1910,0.0790,0.0503,2.418,2.152
6055,6054610,Neutral,good,1331.6,3.9,0.0,8623.938,4266.118,2052.036,3761.500,2238.268,0.4118,0.2037,0.0980,0.1796,0.1069,0.546,2.079
6056,6055610,Neutral,good,1332.4,3.3,0.0,1484.767,3110.261,4532.405,7852.497,1625.369,0.0798,0.1672,0.2436,0.4221,0.0874,0.577,0.686
6057,6056610,Neutral,good,1332.6,3.0,0.0,3021.834,3238.610,2951.497,4986.506,1557.292,0.1918,0.2056,0.1873,0.3165,0.0988,0.592,1.097
6058,6057610,Neutral,good,1331.3,3.7,0.0,15247.975,10187.939,6550.296,2560.045,6197.352,0.3742,0.2501,0.1608,0.0628,0.1521,2.559,1.555
6059,6058610,Neutral,good,1329.2,3.3,0.0,3112.361,6046.677,5605.500,1024.386,647.443,0.1894,0.3679,0.3410,0.0623,0.0394,5.472,1.079
6060,6059610,Neutral,good,1329.8,3.7,0.0,5765.571,3487.508,1915.336,2808.220,1118.093,0.3820,0.2310,0.1269,0.1860,0.0741,0.682,1.821
6061,6060610,Neutral,good,1330.7,3.9,0.0,10243.943,5053.659,1830.954,6124.215,1292.508,0.4173,0.2059,0.0746,0.2495,0.0527,0.299,2.760
6062,6061610,Neutral,good,1331.5,3.9,0.0,10072.591,1394.289,2115.416,3574.810,5461.726,0.4453,0.0616,0.0935,0.1580,0.2415,0.592,0.659
6063,6062610,Neutral,good,1332.5,3.9,0.0,3437.826,2825.677,4650.301,10876.805,3925.948,0.1337,0.1099,0.1808,0.4229,0.1527,0.428,0.608
6064,6063610,Neutral,good,1332.7,3.1,0.0,5874.041,2202.657,957.043,1756.861,2397.668,0.4454,0.1670,0.0726,0.1332,0.1818,0.545,2.302
6065,6064610,Neutral,good,1331.4,3.5,0.0,2918.229,2656.941,4661.069,6268.348,253.845,0.1741,0.1585,0.2781,0.3740,0.0151,0.744,0.570
6066,6065610,Neutral,good,1331.2,3.8,0.0,2357.483,5283.614,3589.820,12256.287,5732.199,0.0807,0.1808,0.1229,0.4195,0.1962,0.293,1.472
6067,6066610,Neutral,good,1331.5,3.1,0.0,6954.225,3470.689,6376.609,1110.990,2071.088,0.3480,0.1737,0.3191,0.0556,0.1036,5.740,0.544
6068,6067609,Neutral,good,1331.4,3.0,0.0,3892.906,2821.680,1489.426,2777.577,1394.676,0.3145,0.2280,0.1203,0.2244,0.1127,0.536,1.894
6069,6068609,Neutral,good,1332.4,3.8,0.0,7202.435,8171.482,4776.468,4222.504,1594.965,0.2774,0.3147,0.1839,0.1626,0.0614,1.131,1.711
6070,6069609,Neutral,good,1332.1,3.2,0.0,1479.449,4104.288,4577.537,8756.622,1317.940,0.0731,0.2028,0.2262,0.4327,0.0651,0.523,0.897
6071,6070609,Neutral,good,1332.6,3.7,0.0,1349.077,402.158,1169.720,4007.136,4534.616,0.1177,0.0351,0.1020,0.3496,0.3956,0.292,0.344
6072,6071609,Neutral,good,1333.6,4.0,0.0,12611.211,12397.816,6791.736,10405.498,2013.586,0.2852,0.2804,0.1536,0.2353,0.0455,0.653,1.825
6073,6072609,Neutral,good,1333.1,4.0,0.0,1910.466,3589.517,2485.429,3637.105,1871.273,0.1416,0.2660,0.1842,0.2695,0.1387,0.683,1.444
6074,6073609,Neutral,good,1332.2,3.3,0.0,4711.674,4838.500,6509.927,3643.160,3294.389,0.2049,0.2104,0.2831,0.1584,0.1432,1.787,0.743
6075,6074609,Neutral,good,1332.5,3.1,0.0,15132.970,7611.058,2481.720,2939.514,2021.317,0.5013,0.2521,0.0822,0.0974,0.0670,0.844,3.067
6076,6075609,Neutral,good,1332.3,3.6,0.0,8738.802,9926.400,1495.913,3291.039,1410.351,0.3515,0.3993,0.0602,0.1324,0.0567,0.455,6.636
6077,6076609,Neutral,good,1332.3,4.2,0.0,11149.028,4771.722,699.764,8460.359,11662.515,0.3034,0.1299,0.0190,0.2303,0.3174,0.083,6.819
6078,6077609,Neutral,good,1332.7,3.8,0.0,2248.544,8343.753,12054.469,14721.173,5901.740,0.0520,0.1928,0.2786,0.3402,0.1364,0.819,0.692
6079,6078609,Neutral,good,1333.3,4.6,0.0,16691.217,12954.001,6955.471,10435.398,6399.037,0.3124,0.2424,0.1302,0.1953,0.1198,0.667,1.862
6080,6079609,Neutral,good,1332.6,3.0,0.0,3604.669,2264.378,1935.615,10151.718,1931.087,0.1813,0.1139,0.0973,0.5105,0.0971,0.191,1.170
6081,6080609,Neutral,good,1333.0,3.5,0.0,2048.819,1394.146,4755.741,4980.403,3510.180,0.1228,0.0835,0.2850,0.2984,0.2103,0.955,0.293
6082,6081609,Neutral,good,1331.0,4.7,0.0,2675.426,2456.267,2396.093,34001.836,2734.823,0.0604,0.0555,0.0541,0.7682,0.0618,0.070,1.025
6083,6082608,Neutral,good,1331.8,4.0,0.0,2890.129,6298.604,5382.487,7896.089,6429.058,0.1000,0.2180,0.1863,0.2733,0.2225,0.682,1.170
6084,6083608,Neutral,good,1331.0,3.2,0.0,1492.590,999.127,471.877,2453.727,3417.488,0.1689,0.1131,0.0534,0.2777,0.3868,0.192,2.117
6085,6084608,Neutral,good,1331.5,3.4,0.0,4060.536,1090.938,1808.431,5289.684,2406.810,0.2770,0.0744,0.1234,0.3609,0.1642,0.342,0.603
6086,6085608,Neutral,good,1332.0,3.5,0.0,17160.021,2669.359,1422.123,1520.599,1635.774,0.7031,0.1094,0.0583,0.0623,0.0670,0.935,1.877
6087,6086608,Neutral,good,1330.9,3.6,0.0,16972.703,11597.438,1290.867,3371.606,1121.023,0.4941,0.3376,0.0376,0.0981,0.0326,0.383,8.984
6088,6087608,Neutral,good,1331.2,3.5,0.0,971.095,1348.507,1394.401,5048.251,3488.944,0.0793,0.1101,0.1138,0.4121,0.2848,0.276,0.967
6089,6088608,Neutral,good,1331.5,3.8,0.0,1380.592,1430.562,1393.117,15095.136,3789.409,0.0598,0.0620,0.0603,0.6538,0.1641,0.092,1.027
6090,6089608,Neutral,good,1332.6,3.3,0.0,3972.808,4102.111,5871.677,1320.372,1393.554,0.2385,0.2462,0.3524,0.0793,0.0836,4.447,0.699
6091,6090608,Neutral,good,1332.8,3.9,0.0,14840.758,6803.978,5233.669,24005.967,1142.552,0.2853,0.1308,0.1006,0.4614,0.0220,0.218,1.300
6092,6091608,Neutral,good,1331.2,3.8,0.0,1401.802,1485.130,1526.897,7239.307,1174.604,0.1093,0.1158,0.1190,0.5643,0.0916,0.211,0.973
6093,6092608,Neutral,good,1332.7,3.9,0.0,4378.287,13051.741,13244.618,4454.586,5468.417,0.1078,0.3215,0.3262,0.1097,0.1347,2.973,0.985
6094,6093608,Neutral,good,1331.6,3.5,0.0,2391.012,1713.970,1333.871,9732.062,1444.378,0.1439,0.1032,0.0803,0.5857,0.0869,0.137,1.285
6095,6094608,Neutral,good,1332.0,2.7,0.0,1209.675,662.069,1401.690,3730.991,2046.118,0.1337,0.0732,0.1549,0.4122,0.2261,0.376,0.472
6096,6095608,Neutral,good,1332.2,3.8,0.0,5828.771,4455.256,4746.850,15259.255,1161.424,0.1853,0.1417,0.1509,0.4852,0.0369,0.311,0.939
6097,6096607,Neutral,good,1332.9,3.4,0.0,2021.801,8536.723,3959.206,7189.422,3108.840,0.0815,0.3440,0.1595,0.2897,0.1253,0.551,2.156
6098,6097608,Neutral,good,1332.0,3.2,0.0,3535.204,1952.110,2555.021,9859.849,10696.323,0.1236,0.0683,0.0893,0.3448,0.3740,0.259,0.764
6099,6098607,Neutral,good,1332.2,3.8,0.0,4489.962,3993.536,1990.907,12922.321,4556.851,0.1606,0.1429,0.0712,0.4623,0.1630,0.154,2.006
6100,6099607,Neutral,good,1332.2,3.0,0.0,8233.337,9028.816,2101.388,3542.758,4514.327,0.3003,0.3293,0.0766,0.1292,0.1646,0.593,4.297
6101,6100607,Neutral,good,1332.4,3.9,0.0,3322.467,18121.592,11592.891,12250.137,1940.917,0.0703,0.3837,0.2455,0.2594,0.0411,0.946,1.563
6102,6101607,Neutral,good,1332.6,3.4,0.0,6726.774,3200.042,1767.187,5427.010,2302.433,0.3463,0.1648,0.0910,0.2794,0.1185,0.326,1.811
6103,6102607,Neutral,good,1332.0,4.1,0.0,6610.024,12284.403,7736.253,4860.226,1818.179,0.1984,0.3688,0.2323,0.1459,0.0546,1.592,1.588
6104,6103607,Neutral,good,1332.3,3.4,0.0,1954.942,4192.529,5453.287,5101.942,3972.237,0.0946,0.2028,0.2638,0.2468,0.1921,1.069,0.769
6105,6104607,Neutral,good,1332.9,3.7,0.0,1729.626,4965.884,4952.261,4934.569,490.489,0.1013,0.2909,0.2901,0.2890,0.0287,1.004,1.003
6106,6105607,Neutral,good,1332.4,3.8,0.0,2172.977,8955.873,4369.610,19466.600,1587.427,0.0594,0.2450,0.1195,0.5326,0.0434,0.224,2.050
6107,6106607,Neutral,good,1333.1,4.3,0.0,9511.065,9905.503,2954.290,3372.505,2211.258,0.3402,0.3543,0.1057,0.1206,0.0791,0.876,3.353
6108,6107607,Neutral,good,1333.2,4.3,0.0,1682.030,5849.168,6287.924,3754.408,1760.010,0.0870,0.3025,0.3252,0.1942,0.0910,1.675,0.930
6109,6108607,Neutral,good,1333.6,3.1,0.0,4498.345,3195.213,5072.628,5604.418,5930.365,0.1851,0.1315,0.2087,0.2306,0.2440,0.905,0.630
6110,6109607,Neutral,good,1332.3,3.6,0.0,5903.435,3941.238,283.250,6064.278,1540.213,0.3329,0.2223,0.0160,0.3420,0.0869,0.047,13.914
6111,6110607,Neutral,good,1332.1,3.0,0.0,4189.702,643.410,874.595,1564.955,2445.607,0.4311,0.0662,0.0900,0.1610,0.2517,0.559,0.736
6112,6111607,Neutral,good,1332.6,3.7,0.0,4458.126,1083.335,1874.966,2713.276,1273.569,0.3910,0.0950,0.1644,0.2379,0.1117,0.691,0.578
6113,6112606,Neutral,good,1332.9,4.6,0.0,22676.611,17477.346,13065.912,25239.430,3012.163,0.2783,0.2145,0.1604,0.3098,0.0370,0.518,1.338
6114,6113606,Neutral,good,1333.0,2.9,0.0,377.035,875.830,1769.615,9002.577,2312.010,0.0263,0.0611,0.1234,0.6279,0.1613,0.197,0.495
6115,6114606,Neutral,good,1332.6,3.5,0.0,8305.721,6610.534,3478.416,3742.972,2458.386,0.3377,0.2688,0.1414,0.1522,0.1000,0.929,1.900
6116,6115606,Neutral,good,1333.5,3.5,0.0,470.445,1567.846,2091.300,17222.488,1883.623,0.0202,0.0675,0.0900,0.7412,0.0811,0.121,0.750
6117,6116606,Neutral,good,1332.6,4.0,0.0,16938.980,13165.486,8245.643,1602.385,3090.071,0.3935,0.3059,0.1916,0.0372,0.0718,5.146,1.597
6118,6117606,Neutral,good,1332.1,3.4,0.0,12064.266,8851.659,8157.830,7563.955,2456.961,0.3086,0.2264,0.2087,0.1935,0.0628,1.079,1.085
6119,6118606,Neutral,good,1332.3,3.5,0.0,1847.759,542.619,6254.616,10276.447,3863.953,0.0811,0.0238,0.2745,0.4510,0.1696,0.609,0.087
6120,6119606,Neutral,good,1332.1,3.5,0.0,656.613,605.844,2023.344,19402.104,12961.382,0.0184,0.0170,0.0568,0.5442,0.3636,0.104,0.299
6121,6120606,Neutral,good,1332.6,3.7,0.0,5265.684,1763.994,5732.239,5196.898,666.741,0.2827,0.0947,0.3078,0.2790,0.0358,1.103,0.308
6122,6121606,Neutral,good,1332.7,3.0,0.0,1715.346,1959.576,1868.106,6693.166,2080.128,0.1198,0.1369,0.1305,0.4675,0.1453,0.279,1.049
6123,6122606,Neutral,good,1332.8,2.8,0.0,329.439,160.209,4371.801,3833.196,1508.284,0.0323,0.0157,0.4285,0.3757,0.1478,1.141,0.037
6124,6123606,Neutral,good,1332.2,3.1,0.0,5619.327,5412.198,3486.185,3014.751,1762.452,0.2912,0.2805,0.1807,0.1562,0.0913,1.156,1.552
6125,6124606,Neutral,good,1331.4,4.0,0.0,4701.096,4503.851,5207.464,7370.595,5586.081,0.1718,0.1646,0.1903,0.2693,0.2041,0.707,0.865
6126,6125606,Neutral,good,1332.2,3.4,0.0,2118.095,8136.007,2392.655,4698.693,5330.769,0.0934,0.3588,0.1055,0.2072,0.2351,0.509,3.400
6127,6126606,Neutral,good,1331.6,2.8,0.0,242.098,1889.059,2427.741,5560.643,978.700,0.0218,0.1702,0.2188,0.5010,0.0882,0.437,0.778
6128,6127606,Neutral,good,1332.3,4.3,0.0,10916.738,14405.577,16212.847,20869.578,2157.865,0.1691,0.2231,0.2511,0.3232,0.0334,0.777,0.889
6129,6128605,Neutral,good,1332.6,2.9,0.0,972.920,758.264,813.250,3453.755,1467.432,0.1303,0.1016,0.1089,0.4626,0.1966,0.235,0.932
6130,6129605,Neutral,good,1332.4,3.2,0.0,818.209,4769.084,5426.319,4062.456,1680.012,0.0488,0.2846,0.3238,0.2424,0.1003,1.336,0.879
6131,6130605,Neutral,good,1333.2,3.1,0.0,3140.055,1673.943,2504.819,1152.910,2204.837,0.2941,0.1568,0.2346,0.1080,0.2065,2.173,0.668
6132,6131605,Neutral,good,1333.2,3.8,0.0,4829.629,13746.766,14800.096,3688.339,1547.550,0.1251,0.3560,0.3833,0.0955,0.0401,4.013,0.929
6133,6132605,Neutral,good,1332.5,3.7,0.0,4475.255,14753.620,13802.650,6761.733,1902.383,0.1073,0.3538,0.3310,0.1622,0.0456,2.041,1.069
6134,6133605,Neutral,good,1333.0,3.2,0.0,4180.503,3908.678,617.995,4506.735,1218.350,0.2897,0.2708,0.0428,0.3123,0.0844,0.137,6.325
6135,6134605,Neutral,good,1333.3,3.8,0.0,7323.321,8421.249,7347.877,9593.708,2233.669,0.2097,0.2412,0.2104,0.2747,0.0640,0.766,1.146
6136,6135605,Neutral,good,1333.3,3.1,0.0,4514.987,195.894,450.239,3038.604,2801.744,0.4104,0.0178,0.0409,0.2762,0.2547,0.148,0.435
6137,6136605,Neutral,good,1333.0,3.3,0.0,5541.316,4574.859,1947.589,3519.942,4322.884,0.2784,0.2298,0.0978,0.1768,0.2172,0.553,2.349
6138,6137605,Neutral,good,1332.6,3.0,0.0,3103.915,3184.099,3343.467,2132.166,3504.479,0.2033,0.2085,0.2190,0.1396,0.2295,1.568,0.952
6139,6138605,Neutral,good,1331.8,4.6,0.0,3788.511,6730.017,9939.593,6570.239,3987.786,0.1221,0.2170,0.3205,0.2118,0.1286,1.513,0.677
6140,6139605,Neutral,good,1333.2,3.3,0.0,2139.086,668.103,1035.389,5632.216,1213.031,0.2001,0.0625,0.0969,0.5270,0.1135,0.184,0.645
6141,6140605,Neutral,good,1332.6,3.8,0.0,975.866,1360.900,4166.830,2713.756,1969.923,0.0872,0.1216,0.3725,0.2426,0.1761,1.535,0.327
6142,6141605,Neutral,good,1333.2,4.0,0.0,4224.605,12105.244,10900.821,5555.057,2946.198,0.1182,0.3388,0.3051,0.1555,0.0825,1.962,1.110
6143,6142605,Neutral,good,1332.7,3.6,0.0,850.414,6667.750,8861.680,13327.377,6402.202,0.0236,0.1847,0.2454,0.3691,0.1773,0.665,0.752
6144,6143605,Neutral,good,1332.7,3.7,0.0,4241.861,2804.491,2047.949,4676.328,1992.504,0.2691,0.1779,0.1299,0.2967,0.1264,0.438,1.369
6145,6144604,Neutral,good,1333.0,3.5,0.0,1362.414,7944.531,8871.884,5223.502,1513.399,0.0547,0.3189,0.3561,0.2096,0.0607,1.698,0.895
6146,6145604,Neutral,good,1332.6,3.0,0.0,7003.278,12761.683,4729.486,9308.701,3884.697,0.1858,0.3386,0.1255,0.2470,0.1031,0.508,2.698
6147,6146604,Neutral,good,1332.5,2.9,0.0,2022.985,3850.855,1886.137,9589.794,1860.538,0.1053,0.2005,0.0982,0.4992,0.0969,0.197,2.042
6148,6147604,Neutral,good,1332.6,3.0,0.0,1708.872,10275.261,5817.071,8039.711,4409.837,0.0565,0.3397,0.1923,0.2658,0.1458,0.724,1.766
6149,6148604,Neutral,good,1331.9,3.3,0.0,4852.247,6858.524,3991.155,8223.901,2123.529,0.1863,0.2633,0.1532,0.3157,0.0815,0.485,1.718
6150,6149604,Neutral,good,1332.7,3.2,0.0,9427.009,4128.738,4406.558,1873.366,1251.080,0.4471,0.1958,0.2090,0.0888,0.0593,2.352,0.937
6151,6150604,Neutral,good,1332.6,3.4,0.0,4555.988,667.638,825.342,4583.847,1651.019,0.3709,0.0544,0.0672,0.3732,0.1344,0.180,0.809
6152,6151604,Neutral,good,1332.5,3.4,0.0,1278.636,3032.675,2682.553,4682.304,2442.138,0.0906,0.2148,0.1900,0.3316,0.1730,0.573,1.131
6153,6152604,Neutral,good,1332.1,3.7,0.0,5615.572,5724.229,4987.315,5167.157,894.682,0.2508,0.2557,0.2228,0.2308,0.0400,0.965,1.148
6154,6153604,Neutral,good,1332.5,3.5,0.0,2726.474,2149.262,2314.876,6061.215,1343.428,0.1868,0.1473,0.1586,0.4153,0.0920,0.382,0.928
6155,6154604,Neutral,good,1331.6,3.8,0.0,5285.160,11786.508,3006.454,2500.367,2654.578,0.2095,0.4671,0.1191,0.0991,0.1052,1.202,3.920
6156,6155604,Neutral,good,1332.0,3.6,0.0,14088.949,7939.476,3052.261,9007.737,1584.223,0.3950,0.2226,0.0856,0.2525,0.0444,0.339,2.601
6157,6156604,Neutral,good,1332.5,3.4,0.0,6775.623,6581.104,5038.810,2564.086,2881.087,0.2842,0.2760,0.2114,0.1076,0.1208,1.965,1.306
6158,6157604,Neutral,good,1332.3,4.1,0.0,4613.096,9441.783,6553.180,6233.384,5190.399,0.1440,0.2948,0.2046,0.1946,0.1620,1.051,1.441
6159,6158604,Neutral,good,1332.2,3.3,0.0,8874.425,11029.286,2027.438,1388.575,1372.056,0.3594,0.4467,0.0821,0.0562,0.0556,1.460,5.440
6160,6159603,Neutral,good,1332.8,2.9,0.0,973.122,4627.960,3607.226,1520.812,1325.229,0.0807,0.3839,0.2992,0.1262,0.1099,2.372,1.283
6161,6160603,Neutral,good,1332.8,3.4,0.0,18419.584,9483.504,4542.615,1499.413,2288.246,0.5084,0.2617,0.1254,0.0414,0.0632,3.030,2.088
6162,6161603,Neutral,good,1332.3,3.9,0.0,1069.609,6893.220,4540.642,6020.250,8931.033,0.0390,0.2511,0.1654,0.2193,0.3253,0.754,1.518
6163,6162603,Neutral,good,1332.2,3.4,0.0,9288.498,11125.858,7786.481,4905.449,1534.484,0.2681,0.3212,0.2248,0.1416,0.0443,1.587,1.429
6164,6163603,Neutral,good,1332.9,4.0,0.0,13931.358,2552.592,1495.767,36687.602,2333.327,0.2444,0.0448,0.0262,0.6436,0.0409,0.041,1.707
6165,6164603,Neutral,good,1332.4,3.7,0.0,4036.342,3170.213,2906.769,3123.203,2075.442,0.2636,0.2070,0.1898,0.2040,0.1355,0.931,1.091
6166,6165603,Neutral,good,1332.5,3.6,0.0,9649.540,9524.168,1875.241,1801.030,354.973,0.4158,0.4104,0.0808,0.0776,0.0153,1.041,5.079
6167,6166603,Neutral,good,1331.5,3.8,0.0,11733.734,9210.988,3949.229,1750.919,4454.128,0.3773,0.2962,0.1270,0.0563,0.1432,2.256,2.332
6168,6167603,Neutral,good,1332.4,3.3,0.0,3699.515,5319.921,3003.742,3180.672,5433.525,0.1793,0.2578,0.1455,0.1541,0.2633,0.944,1.771
6169,6168603,Neutral,good,1331.5,3.6,0.0,601.344,744.386,1746.627,3267.680,842.985,0.0835,0.1033,0.2425,0.4537,0.1170,0.535,0.426
6170,6169603,Neutral,good,1331.3,2.9,0.0,4721.264,736.740,651.503,2080.461,1612.284,0.4817,0.0752,0.0665,0.2122,0.1645,0.313,1.131
6171,6170603,Neutral,good,1331.6,3.5,0.0,1023.602,2450.786,2405.577,6624.335,1249.354,0.0744,0.1782,0.1749,0.4816,0.0908,0.363,1.019
6172,6171603,Neutral,good,1332.1,3.8,0.0,1359.199,1241.325,616.322,2097.165,1387.205,0.2028,0.1852,0.0920,0.3130,0.2070,0.294,2.014
6173,6172603,Neutral,good,1332.3,3.2,0.0,870.926,543.377,356.581,3132.385,1835.591,0.1292,0.0806,0.0529,0.4648,0.2724,0.114,1.524
6174,6173603,Neutral,good,1332.0,4.0,0.0,7757.506,12606.054,3660.693,15933.511,1597.552,0.1867,0.3034,0.0881,0.3834,0.0384,0.230,3.444
6175,6174603,Neutral,good,1332.0,2.8,0.0,2999.697,2973.703,3903.536,5155.490,1066.056,0.1863,0.1847,0.2425,0.3202,0.0662,0.757,0.762
6176,6175603,Neutral,good,1332.1,3.0,0.0,2293.720,1973.754,438.617,3095.409,1218.288,0.2543,0.2188,0.0486,0.3432,0.1351,0.142,4.500
6177,6176602,Neutral,good,1333.0,3.3,0.0,5515.113,898.117,883.571,2637.340,977.550,0.5054,0.0823,0.0810,0.2417,0.0896,0.335,1.016
6178,6177602,Neutral,good,1333.3,2.7,0.0,1201.286,4614.975,1731.481,2029.715,1628.409,0.1072,0.4118,0.1545,0.1811,0.1453,0.853,2.665
6179,6178602,Neutral,good,1332.6,3.7,0.0,8575.888,5641.562,4315.989,3842.504,889.211,0.3686,0.2425,0.1855,0.1652,0.0382,1.123,1.307
6180,6179602,Neutral,good,1332.7,3.5,0.0,4310.050,809.176,1225.823,5400.894,1248.694,0.3317,0.0623,0.0943,0.4156,0.0961,0.227,0.660
6181,6180602,Neutral,good,1333.2,3.6,0.0,2378.074,2273.941,1357.431,2321.803,3234.012,0.2056,0.1966,0.1174,0.2008,0.2796,0.585,1.675
6182,6181602,Neutral,good,1333.3,3.6,0.0,15705.143,19325.320,7724.110,8763.506,5959.514,0.2732,0.3362,0.1344,0.1525,0.1037,0.881,2.502
6183,6182602,Neutral,good,1333.7,2.8,0.0,535.956,1537.820,1938.729,7682.983,1629.308,0.0402,0.1154,0.1455,0.5766,0.1223,0.252,0.793
6184,6183602,Neutral,good,1332.7,3.6,0.0,3962.279,3200.751,4659.203,2843.370,1447.684,0.2459,0.1986,0.2892,0.1765,0.0898,1.639,0.687
6185,6184602,Neutral,good,1332.5,3.9,0.0,3583.701,4289.402,3896.792,4846.881,7063.747,0.1513,0.1811,0.1646,0.2047,0.2983,0.804,1.101
6186,6185602,Neutral,good,1332.7,3.6,0.0,2757.764,2775.997,2433.881,3734.607,6412.753,0.1522,0.1532,0.1344,0.2062,0.3540,0.652,1.141
6187,6186602,Neutral,good,1332.5,4.3,0.0,53053.664,5130.784,2341.977,8980.835,9279.788,0.6734,0.0651,0.0297,0.1140,0.1178,0.261,2.191
6188,6187602,Neutral,good,1333.0,3.8,0.0,10288.134,2904.537,4837.903,7977.356,2595.819,0.3597,0.1015,0.1691,0.2789,0.0908,0.606,0.600
6189,6188602,Neutral,good,1332.5,4.1,0.0,2622.183,7570.250,2485.297,11517.366,2802.667,0.0971,0.2804,0.0921,0.4266,0.1038,0.216,3.046
6190,6189602,Neutral,good,1332.4,3.7,0.0,4391.263,2304.723,521.285,5181.740,3273.374,0.2802,0.1471,0.0333,0.3306,0.2089,0.101,4.421
6191,6190602,Neutral,good,1333.1,3.5,0.0,2305.267,727.513,711.883,5484.565,1817.412,0.2087,0.0659,0.0644,0.4965,0.1645,0.130,1.022
6192,6191602,Neutral,good,1332.5,3.4,0.0,1439.438,3161.652,2278.033,9144.106,1560.074,0.0819,0.1798,0.1296,0.5200,0.0887,0.249,1.388
6193,6192601,Neutral,good,1332.1,3.7,0.0,2616.153,3255.557,1521.787,4279.426,5226.501,0.1548,0.1926,0.0900,0.2532,0.3093,0.356,2.139
6194,6193601,Neutral,good,1332.4,3.4,0.0,9734.959,2792.758,828.062,3271.104,818.517,0.5580,0.1601,0.0475,0.1875,0.0469,0.253,3.373
6195,6194601,Neutral,good,1331.7,3.4,0.0,1227.493,4489.537,3477.617,3146.130,1178.250,0.0908,0.3321,0.2572,0.2327,0.0872,1.105,1.291
6196,6195601,Neutral,good,1332.3,3.6,0.0,2447.307,1503.294,3047.055,8069.816,5557.560,0.1187,0.0729,0.1477,0.3913,0.2695,0.378,0.493
6197,6196601,Neutral,good,1332.6,3.9,0.0,28246.510,10330.590,5301.504,5544.994,3404.558,0.5347,0.1956,0.1004,0.1050,0.0644,0.956,1.949
6198,6197601,Neutral,good,1333.3,3.4,0.0,5968.096,9120.427,3676.012,5686.714,3397.456,0.2143,0.3275,0.1320,0.2042,0.1220,0.646,2.481
6199,6198601,Neutral,good,1333.0,3.5,0.0,2527.945,7095.963,3399.426,2391.773,874.468,0.1552,0.4356,0.2087,0.1468,0.0537,1.421,2.087
6200,6199601,Neutral,good,1331.8,3.6,0.0,8260.921,3080.832,4396.793,4207.959,1585.587,0.3837,0.1431,0.2042,0.1954,0.0736,1.045,0.701
6201,6200601,Neutral,good,1332.4,4.1,0.0,2813.408,2095.770,3828.856,12822.049,1547.260,0.1218,0.0907,0.1657,0.5549,0.0670,0.299,0.547
6202,6201601,Neutral,good,1331.9,3.4,0.0,2903.743,2287.122,2468.456,1250.078,2208.897,0.2612,0.2057,0.2220,0.1124,0.1987,1.975,0.927
6203,6202601,Neutral,good,1332.8,3.9,0.0,12772.100,12283.201,5695.463,5407.377,1151.959,0.3423,0.3292,0.1527,0.1449,0.0309,1.053,2.157
6204,6203601,Neutral,good,1332.3,3.3,0.0,11413.439,9761.742,10099.920,11901.765,855.370,0.2592,0.2217,0.2294,0.2703,0.0194,0.849,0.967
6205,6204601,Neutral,good,1332.4,3.9,0.0,12135.145,3251.789,4611.047,2912.076,1357.599,0.5001,0.1340,0.1900,0.1200,0.0559,1.583,0.705
6206,6205601,Neutral,good,1332.8,3.3,0.0,3557.600,3035.959,1505.576,4687.446,1479.232,0.2494,0.2128,0.1055,0.3286,0.1037,0.321,2.016
6207,6206600,Neutral,good,1332.6,3.6,0.0,4905.469,7640.304,5589.708,11559.408,1810.089,0.1557,0.2425,0.1774,0.3669,0.0575,0.484,1.367
6208,6207600,Neutral,good,1332.8,3.2,0.0,1707.246,4181.329,3199.272,3687.515,3978.905,0.1019,0.2496,0.1910,0.2201,0.2375,0.868,1.307
6209,6208600,Neutral,good,1332.1,3.9,0.0,2140.651,317.107,1991.763,12705.773,886.853,0.1186,0.0176,0.1104,0.7042,0.0492,0.157,0.159
6210,6209600,Neutral,good,1331.9,3.8,0.0,334.762,1340.977,1358.319,8345.764,5210.761,0.0202,0.0808,0.0819,0.5030,0.3141,0.163,0.987
6211,6210600,Neutral,good,1330.9,3.5,0.0,4701.201,10643.775,10616.557,5339.690,2121.109,0.1407,0.3185,0.3176,0.1598,0.0635,1.988,1.003
6212,6211600,Neutral,good,1332.5,4.2,0.0,5761.885,3460.022,5043.692,4101.249,1020.201,0.2972,0.1785,0.2602,0.2115,0.0526,1.230,0.686
6213,6212600,Neutral,good,1332.9,4.0,0.0,964.561,967.902,610.207,3439.737,1758.047,0.1246,0.1250,0.0788,0.4444,0.2271,0.177,1.586
6214,6213600,Neutral,good,1332.7,3.5,0.0,5134.000,2169.903,2312.399,6804.932,631.718,0.3011,0.1272,0.1356,0.3990,0.0370,0.340,0.938
6215,6214600,Neutral,good,1332.3,3.2,0.0,2610.181,1196.572,4704.557,2839.537,885.443,0.2133,0.0978,0.3845,0.2321,0.0724,1.657,0.254
6216,6215600,Neutral,good,1331.8,3.7,0.0,13177.719,4364.384,5961.020,3397.110,1336.297,0.4667,0.1546,0.2111,0.1203,0.0473,1.755,0.732
6217,6216600,Neutral,good,1332.4,3.3,0.0,2758.573,1169.065,3543.364,3389.655,1079.172,0.2310,0.0979,0.2968,0.2839,0.0904,1.045,0.330
6218,6217600,Neutral,good,1331.9,3.4,0.0,5159.163,2879.091,2393.920,6273.416,1517.200,0.2831,0.1580,0.1314,0.3443,0.0833,0.382,1.203
6219,6218600,Neutral,good,1332.7,3.6,0.0,2833.826,2707.850,2022.187,4247.963,4724.763,0.1714,0.1637,0.1223,0.2569,0.2857,0.476,1.339
6220,6219600,Neutral,good,1332.8,3.2,0.0,863.582,2284.921,2281.208,9319.424,1983.677,0.0516,0.1366,0.1363,0.5570,0.1186,0.245,1.002
6221,6220600,Neutral,good,1332.1,3.4,0.0,8575.480,6073.540,6145.507,12300.588,6090.785,0.2188,0.1550,0.1568,0.3139,0.1554,0.500,0.988
6222,6221600,Neutral,good,1332.6,3.8,0.0,5799.332,2826.058,2679.113,2270.292,607.482,0.4089,0.1993,0.1889,0.1601,0.0428,1.180,1.055
6223,6222599,Neutral,good,1332.4,3.5,0.0,1580.892,11525.344,10374.897,4970.751,4263.048,0.0483,0.3523,0.3171,0.1519,0.1303,2.087,1.111
6224,6223599,Neutral,good,1333.4,3.9,0.0,4320.837,12691.095,15820.941,5590.498,3585.532,0.1029,0.3021,0.3766,0.1331,0.0854,2.830,0.802
6225,6224599,Neutral,good,1332.7,3.6,0.0,6434.498,2384.757,1220.534,5436.713,1662.383,0.3754,0.1391,0.0712,0.3172,0.0970,0.224,1.954
6226,6225599,Neutral,good,1332.4,3.0,0.0,4046.303,691.152,818.012,5617.477,1960.913,0.3081,0.0526,0.0623,0.4277,0.1493,0.146,0.845
6227,6226599,Neutral,good,1333.0,3.7,0.0,17631.344,16336.200,8040.943,9717.723,3415.498,0.3197,0.2963,0.1458,0.1762,0.0619,0.827,2.032
6228,6227599,Neutral,good,1332.9,3.4,0.0,12782.363,2444.418,7542.542,28718.934,1735.859,0.2402,0.0459,0.1417,0.5396,0.0326,0.263,0.324
6229,6228599,Neutral,good,1332.1,3.4,0.0,2478.282,2333.101,3680.373,6202.175,2566.668,0.1436,0.1352,0.2132,0.3593,0.1487,0.593,0.634
6230,6229599,Neutral,good,1332.8,3.8,0.0,1768.660,5749.097,9706.779,32706.268,6168.199,0.0315,0.1025,0.1730,0.5830,0.1100,0.297,0.592
6231,6230599,Neutral,good,1332.8,3.7,0.0,9764.863,8050.844,2745.449,6046.407,4912.744,0.3098,0.2554,0.0871,0.1918,0.1559,0.454,2.932
6232,6231599,Neutral,good,1332.8,2.4,0.0,673.595,276.044,673.743,1670.392,1092.253,0.1536,0.0629,0.1536,0.3808,0.2490,0.403,0.410
6233,6232599,Neutral,good,1333.5,3.8,0.0,1798.706,2096.347,1330.031,5129.907,2114.419,0.1442,0.1681,0.1067,0.4114,0.1696,0.259,1.576
6234,6233599,Neutral,good,1333.7,4.1,0.0,15168.085,11002.293,2675.881,4880.158,1559.181,0.4299,0.3118,0.0758,0.1383,0.0442,0.548,4.112
6235,6234599,Neutral,good,1331.8,3.8,0.0,29292.291,3880.673,743.354,17476.789,2106.341,0.5475,0.0725,0.0139,0.3267,0.0394,0.043,5.220
6236,6235599,Neutral,good,1333.2,3.0,0.0,9049.106,5250.661,7800.906,15368.660,155.865,0.2405,0.1396,0.2073,0.4085,0.0041,0.508,0.673
6237,6236599,Neutral,good,1333.8,2.9,0.0,489.116,3114.767,2938.902,889.670,973.359,0.0582,0.3705,0.3496,0.1058,0.1158,3.303,1.060
6238,6237598,Neutral,good,1332.7,3.8,0.0,4445.040,2697.439,3043.425,8442.016,4399.850,0.1930,0.1171,0.1322,0.3666,0.1911,0.361,0.886
6239,6238598,Neutral,good,1332.3,3.6,0.0,26471.695,5738.947,2332.019,2349.514,1475.078,0.6900,0.1496,0.0608,0.0612,0.0384,0.993,2.461
6240,6239598,Neutral,good,1333.2,3.3,0.0,3449.553,2098.177,1688.817,2371.698,840.432,0.3301,0.2008,0.1616,0.2270,0.0804,0.712,1.242
6241,6240598,Neutral,good,1332.0,3.6,0.0,4699.567,4585.878,3647.493,4966.886,1981.107,0.2364,0.2307,0.1835,0.2498,0.0996,0.734,1.257
6242,6241598,Neutral,good,1332.1,3.9,0.0,3548.277,2135.684,1974.726,3407.957,4648.956,0.2258,0.1359,0.1257,0.2169,0.2958,0.579,1.082
6243,6242598,Neutral,good,1332.7,3.4,0.0,1330.701,1027.113,6808.143,15353.397,1743.528,0.0507,0.0391,0.2592,0.5846,0.0664,0.443,0.151
6244,6243598,Neutral,good,1333.0,3.6,0.0,2775.770,935.612,4371.257,5498.092,2005.411,0.1781,0.0600,0.2805,0.3528,0.1287,0.795,0.214
6245,6244598,Neutral,good,1332.1,4.3,0.0,19047.002,17233.010,661.603,7664.002,3348.071,0.3972,0.3594,0.0138,0.1598,0.0698,0.086,26.047
6246,6245598,Neutral,good,1332.7,3.8,0.0,3566.260,3267.345,1897.324,5046.280,6376.104,0.1770,0.1621,0.0941,0.2504,0.3164,0.376,1.722
6247,6246598,Neutral,good,1330.6,3.9,0.0,6484.690,7674.416,2368.441,6446.171,1620.465,0.2637,0.3120,0.0963,0.2621,0.0659,0.367,3.240
6248,6247598,Neutral,good,1331.1,3.6,0.0,11275.349,7102.672,948.873,3654.611,1960.036,0.4521,0.2848,0.0380,0.1465,0.0786,0.260,7.485
6249,6248598,Neutral,good,1331.6,3.8,0.0,2430.786,1505.336,1619.257,15613.798,3339.249,0.0992,0.0614,0.0661,0.6371,0.1362,0.104,0.930
6250,6249598,Neutral,good,1334.1,4.5,0.0,6322.821,4349.813,5497.515,5367.380,570.528,0.2860,0.1968,0.2487,0.2428,0.0258,1.024,0.791
6251,6250598,Neutral,good,1334.0,3.9,0.0,10367.265,13086.570,4187.732,6147.867,3624.193,0.2771,0.3498,0.1119,0.1643,0.0969,0.681,3.125
6252,6251598,Neutral,good,1334.7,2.6,0.0,1232.885,1135.146,1619.858,4828.528,956.345,0.1262,0.1162,0.1658,0.4941,0.0979,0.335,0.701
6253,6252597,Neutral,good,1333.8,3.7,0.0,1376.743,5229.246,1975.887,2494.829,1340.436,0.1109,0.4211,0.1591,0.2009,0.1080,0.792,2.647
6254,6253598,Neutral,good,1335.4,4.1,0.0,5821.238,10717.136,13947.098,10650.035,627.324,0.1394,0.2566,0.3340,0.2550,0.0150,1.310,0.768
6255,6254597,Neutral,good,1333.8,4.1,0.0,3653.723,8716.557,7684.505,24056.256,3302.036,0.0771,0.1838,0.1621,0.5074,0.0696,0.319,1.134
6256,6255597,Neutral,good,1333.0,4.1,0.0,20059.217,6706.001,8316.315,12473.114,2981.750,0.3969,0.1327,0.1646,0.2468,0.0590,0.667,0.806
6257,6256597,Neutral,good,1333.4,3.5,0.0,812.482,4337.346,1181.430,10387.332,1865.325,0.0437,0.2334,0.0636,0.5589,0.1004,0.114,3.671
6258,6257597,Neutral,good,1333.2,3.4,0.0,3107.307,6635.274,7600.902,10407.619,2736.366,0.1019,0.2176,0.2493,0.3414,0.0898,0.730,0.873
6259,6258597,Neutral,good,1332.1,3.1,0.0,6432.678,4623.836,954.738,2319.758,1341.661,0.4104,0.2950,0.0609,0.1480,0.0856,0.412,4.843
6260,6259597,Neutral,good,1332.4,3.6,0.0,2441.194,2938.191,3583.901,3400.667,2887.043,0.1601,0.1927,0.2350,0.2230,0.1893,1.054,0.820
6261,6260597,Neutral,good,1332.0,3.4,0.0,1138.075,8076.550,7002.924,3130.840,1441.865,0.0547,0.3885,0.3368,0.1506,0.0694,2.237,1.153
6262,6261597,Neutral,good,1333.4,3.6,0.0,1306.277,1692.469,4574.883,6647.919,4249.677,0.0707,0.0916,0.2477,0.3599,0.2301,0.688,0.370
6263,6262597,Neutral,good,1332.6,3.0,0.0,753.849,367.810,2713.198,4751.840,1369.512,0.0757,0.0369,0.2725,0.4773,0.1376,0.571,0.136
6264,6263597,Neutral,good,1332.6,4.0,0.0,6782.116,3141.629,4665.801,3552.261,1489.368,0.3455,0.1600,0.2377,0.1809,0.0759,1.313,0.673
6265,6264597,Neutral,good,1332.3,3.1,0.0,2394.771,842.608,987.542,6428.365,1116.628,0.2035,0.0716,0.0839,0.5462,0.0949,0.154,0.853
6266,6265597,Neutral,good,1333.3,3.7,0.0,1702.588,4636.286,3774.913,7106.668,3480.455,0.0822,0.2240,0.1824,0.3433,0.1681,0.531,1.228
6267,6266597,Neutral,good,1333.1,3.4,0.0,6125.391,7474.704,7514.952,3669.440,2528.021,0.2243,0.2737,0.2751,0.1344,0.0926,2.048,0.995
6268,6267597,Neutral,good,1332.9,3.2,0.0,4852.961,6728.533,2922.206,7636.761,320.578,0.2161,0.2996,0.1301,0.3400,0.0143,0.383,2.303
6269,6268596,Neutral,good,1331.3,3.0,0.0,5548.288,3082.970,1305.231,2537.331,565.547,0.4255,0.2364,0.1001,0.1946,0.0434,0.514,2.362
6270,6269596,Neutral,good,1332.4,3.0,0.0,5804.056,915.795,2579.515,2419.252,4944.125,0.3483,0.0550,0.1548,0.1452,0.2967,1.066,0.355
6271,6270596,Neutral,good,1332.1,3.0,0.0,7663.560,3684.622,3882.324,5879.639,1374.986,0.3408,0.1639,0.1727,0.2615,0.0612,0.660,0.949
6272,6271596,Neutral,good,1332.1,3.5,0.0,3225.642,8330.864,4927.005,2074.090,3051.004,0.1493,0.3855,0.2280,0.0960,0.1412,2.376,1.691
6273,6272596,Neutral,good,1332.8,3.1,0.0,1999.895,741.253,1299.048,3066.596,1891.221,0.2223,0.0824,0.1444,0.3408,0.2102,0.424,0.571
6274,6273596,Neutral,good,1332.3,4.0,0.0,2085.437,1503.351,2285.511,8211.481,1074.021,0.1376,0.0992,0.1508,0.5417,0.0708,0.278,0.658
6275,6274596,Neutral,good,1331.7,3.7,0.0,7435.638,18436.373,19172.371,3798.749,1593.596,0.1474,0.3655,0.3801,0.0753,0.0316,5.047,0.962
6276,6275596,Neutral,good,1331.7,3.3,0.0,2461.646,1047.448,1000.086,3727.587,3499.365,0.2097,0.0892,0.0852,0.3176,0.2982,0.268,1.047
6277,6276596,Neutral,good,1332.1,4.0,0.0,7498.336,3731.182,6340.837,17210.189,7494.256,0.1774,0.0883,0.1500,0.4071,0.1773,0.368,0.588
6278,6277596,Neutral,good,1331.6,3.8,0.0,2451.699,7937.416,3231.729,9375.525,2939.607,0.0945,0.3060,0.1246,0.3615,0.1133,0.345,2.456
6279,6278596,Neutral,good,1333.2,3.5,0.0,2467.645,750.952,2681.336,19592.990,2045.059,0.0896,0.0273,0.0974,0.7115,0.0743,0.137,0.280
6280,6279596,Neutral,good,1332.8,4.7,0.0,12009.498,5040.039,7024.292,14316.716,2530.687,0.2935,0.1232,0.1717,0.3499,0.0618,0.491,0.718
6281,6280596,Neutral,good,1332.2,4.0,0.0,6928.523,7751.985,3970.652,3353.037,1442.292,0.2955,0.3306,0.1693,0.1430,0.0615,1.184,1.952
6282,6281596,Neutral,good,1332.6,3.5,0.0,1455.616,1752.749,1149.234,5623.732,641.105,0.1370,0.1650,0.1082,0.5294,0.0604,0.204,1.525
6283,6282596,Neutral,good,1332.1,3.2,0.0,3097.252,4359.322,2098.036,4658.875,1516.844,0.1969,0.2771,0.1334,0.2962,0.0964,0.450,2.078
6284,6283596,Neutral,good,1332.8,4.1,0.0,11695.187,6980.071,4832.914,2174.330,1620.029,0.4284,0.2557,0.1770,0.0796,0.0593,2.223,1.444
6285,6284595,Neutral,good,1332.7,3.7,0.0,1203.091,2521.449,2087.751,5170.875,3313.507,0.0842,0.1764,0.1460,0.3617,0.2318,0.404,1.208
6286,6285595,Neutral,good,1333.1,3.6,0.0,1493.180,928.991,1203.105,2930.441,1117.436,0.1946,0.1211,0.1568,0.3819,0.1456,0.411,0.772
6287,6286595,Neutral,good,1332.4,3.4,0.0,4491.623,9128.741,9663.944,3927.973,1752.050,0.1551,0.3152,0.3336,0.1356,0.0605,2.460,0.945
6288,6287595,Neutral,good,1332.3,3.3,0.0,1255.953,2925.017,3121.260,3642.949,1916.749,0.0976,0.2274,0.2427,0.2832,0.1490,0.857,0.937
6289,6288595,Neutral,good,1332.2,3.2,0.0,1453.850,593.901,1598.725,5903.206,4052.223,0.1069,0.0437,0.1175,0.4340,0.2979,0.271,0.371
6290,6289595,Neutral,good,1332.3,3.3,0.0,13486.386,6503.980,2290.845,3099.788,947.987,0.5122,0.2470,0.0870,0.1177,0.0360,0.739,2.839
6291,6290595,Neutral,good,1332.7,3.6,0.0,1187.459,1910.136,2048.758,6848.959,6204.093,0.0652,0.1050,0.1126,0.3763,0.3409,0.299,0.932
6292,6291595,Neutral,good,1332.0,2.3,0.0,974.376,736.303,689.977,2077.050,693.081,0.1884,0.1424,0.1334,0.4017,0.1340,0.332,1.067
6293,6292595,Neutral,good,1332.1,3.4,0.0,852.304,7728.898,8200.210,4167.830,3375.388,0.0350,0.3177,0.3371,0.1713,0.1388,1.968,0.943
6294,6293595,Neutral,good,1333.1,3.5,0.0,6560.963,9356.403,11354.995,5995.760,242.386,0.1958,0.2792,0.3388,0.1789,0.0072,1.894,0.824
6295,6294595,Neutral,good,1332.2,4.0,0.0,12022.994,7034.556,1144.920,3762.758,3176.587,0.4430,0.2592,0.0422,0.1386,0.1170,0.304,6.144
6296,6295595,Neutral,good,1332.9,3.4,0.0,560.533,2626.474,733.409,2941.572,1488.755,0.0671,0.3145,0.0878,0.3523,0.1783,0.249,3.581
6297,6296595,Neutral,good,1333.1,3.9,0.0,1274.344,1472.766,1860.058,6380.729,4096.819,0.0845,0.0976,0.1233,0.4230,0.2716,0.292,0.792
6298,6297595,Neutral,good,1332.6,3.2,0.0,12507.872,11243.158,9834.930,1666.485,4398.979,0.3154,0.2835,0.2480,0.0420,0.1109,5.902,1.143
6299,6298595,Neutral,good,1332.8,2.4,0.0,1473.535,3351.347,2919.193,943.125,259.990,0.1647,0.3746,0.3263,0.1054,0.0291,3.095,1.148
6300,6299594,Neutral,good,1332.2,3.0,0.0,2983.121,1452.796,1792.060,2704.186,735.622,0.3086,0.1503,0.1854,0.2797,0.0761,0.663,0.811
6301,6300595,Neutral,good,1331.3,4.0,0.0,3706.546,4393.098,2181.160,1482.089,1482.961,0.2798,0.3317,0.1647,0.1119,0.1120,1.472,2.014
6302,6301594,Neutral,good,1332.4,3.1,0.0,4170.281,2060.783,2190.302,1721.172,1079.703,0.3716,0.1836,0.1952,0.1534,0.0962,1.273,0.941
6303,6302594,Neutral,good,1332.2,3.7,0.0,8439.014,4313.025,5238.612,8609.582,3409.458,0.2812,0.1437,0.1746,0.2869,0.1136,0.608,0.823
6304,6303594,Neutral,good,1332.7,3.4,0.0,2300.512,4707.886,3595.700,2056.310,2884.646,0.1480,0.3029,0.2313,0.1323,0.1856,1.749,1.309
6305,6304594,Neutral,good,1332.9,4.1,0.0,1092.240,1355.849,2291.892,4626.836,3912.026,0.0823,0.1021,0.1726,0.3484,0.2946,0.495,0.592
6306,6305594,Neutral,good,1333.0,3.1,0.0,1392.381,2735.856,2221.228,3344.414,4477.616,0.0983,0.1931,0.1567,0.2360,0.3160,0.664,1.232
6307,6306594,Neutral,good,1333.1,3.3,0.0,8999.090,1428.217,5070.869,5080.029,1678.082,0.4043,0.0642,0.2278,0.2283,0.0754,0.998,0.282
6308,6307594,Neutral,good,1333.2,3.8,0.0,9078.624,1506.365,1276.984,4286.835,1075.218,0.5271,0.0875,0.0741,0.2489,0.0624,0.298,1.180
6309,6308594,Neutral,good,1333.2,3.5,0.0,7750.367,1203.867,1233.179,5527.486,1854.816,0.4411,0.0685,0.0702,0.3146,0.1056,0.223,0.976
6310,6309594,Neutral,good,1333.6,3.5,0.0,3154.221,2738.067,2165.139,7181.792,2388.273,0.1789,0.1553,0.1228,0.4074,0.1355,0.301,1.265
6311,6310594,Neutral,good,1332.9,3.2,0.0,1443.087,3196.630,2383.823,5617.810,1175.130,0.1044,0.2314,0.1725,0.4066,0.0851,0.424,1.341
6312,6311594,Neutral,good,1332.9,3.2,0.0,7105.999,9046.477,3123.766,4238.114,1262.753,0.2868,0.3651,0.1261,0.1710,0.0510,0.737,2.896
6313,6312594,Neutral,good,1333.2,3.2,0.0,204.392,6096.296,1619.152,1791.173,6348.634,0.0127,0.3796,0.1008,0.1115,0.3953,0.904,3.765
6314,6313594,Neutral,good,1332.8,2.8,0.0,1139.058,2714.940,1850.586,4053.628,1443.021,0.1017,0.2424,0.1652,0.3619,0.1288,0.457,1.467
6315,6314594,Neutral,good,1332.9,3.7,0.0,5504.676,9915.971,3304.241,17411.201,949.000,0.1484,0.2674,0.0891,0.4695,0.0256,0.190,3.001
6316,6315593,Neutral,good,1332.4,3.2,0.0,8318.248,6642.918,4493.700,9199.734,1177.710,0.2788,0.2227,0.1506,0.3084,0.0395,0.488,1.478
6317,6316593,Neutral,good,1332.0,3.8,0.0,6416.147,5729.996,1728.981,11358.975,5426.051,0.2093,0.1869,0.0564,0.3705,0.1770,0.152,3.314
6318,6317593,Neutral,good,1332.0,2.8,0.0,1365.332,2844.162,3100.717,6595.237,1641.811,0.0878,0.1829,0.1994,0.4242,0.1056,0.470,0.917
6319,6318593,Neutral,good,1332.0,2.9,0.0,5919.345,2689.517,1968.492,3232.781,438.617,0.4154,0.1888,0.1382,0.2269,0.0308,0.609,1.366
6320,6319593,Neutral,good,1332.0,3.7,0.0,5034.404,870.486,864.319,6261.810,5300.191,0.2746,0.0475,0.0472,0.3416,0.2891,0.138,1.007
6321,6320593,Neutral,good,1331.9,3.6,0.0,10723.207,3199.456,4456.608,2534.464,3909.928,0.4320,0.1289,0.1795,0.1021,0.1575,1.758,0.718
6322,6321593,Neutral,good,1332.1,3.3,0.0,1904.422,2693.368,4668.366,918.479,1975.626,0.1566,0.2215,0.3839,0.0755,0.1625,5.083,0.577
6323,6322593,Neutral,good,1332.9,3.8,0.0,814.511,6887.891,8156.842,2930.468,2513.678,0.0382,0.3233,0.3829,0.1376,0.1180,2.783,0.844
6324,6323593,Neutral,good,1332.6,2.9,0.0,687.318,2372.979,2708.966,5586.669,4576.844,0.0431,0.1489,0.1700,0.3506,0.2873,0.485,0.876
6325,6324593,Neutral,good,1331.9,3.2,0.0,4701.345,8361.983,6125.526,2051.725,1648.648,0.2054,0.3653,0.2676,0.0896,0.0720,2.986,1.365
6326,6325593,Neutral,good,1332.2,3.1,0.0,4108.351,4211.507,2350.209,1930.315,1435.036,0.2927,0.3001,0.1674,0.1375,0.1022,1.218,1.792
6327,6326593,Neutral,good,1333.8,3.5,0.0,5748.441,5097.106,2226.424,5429.138,3304.126,0.2636,0.2338,0.1021,0.2490,0.1515,0.410,2.289
6328,6327593,Neutral,good,1332.2,3.7,0.0,2316.509,5636.662,11380.424,6085.115,245.494,0.0903,0.2196,0.4434,0.2371,0.0096,1.870,0.495
6329,6328593,Neutral,good,1331.8,3.7,0.0,4400.968,1196.073,2380.345,6224.867,1540.145,0.2796,0.0760,0.1512,0.3954,0.0978,0.382,0.502
6330,6329593,Neutral,good,1332.5,3.3,0.0,6136.446,9819.901,4564.537,6974.393,1287.867,0.2132,0.3412,0.1586,0.2423,0.0447,0.654,2.151
6331,6330593,Neutral,good,1332.2,3.0,0.0,15733.320,1575.901,1375.565,3653.203,1207.152,0.6682,0.0669,0.0584,0.1552,0.0513,0.377,1.146
6332,6331593,Neutral,good,1332.4,2.6,0.0,1757.505,3145.494,2656.376,2737.148,3080.002,0.1314,0.2352,0.1986,0.2046,0.2303,0.970,1.184
6333,6332592,Neutral,good,1332.3,3.7,0.0,16874.943,11249.497,2338.195,1756.299,1150.579,0.5057,0.3371,0.0701,0.0526,0.0345,1.331,4.811
6334,6333592,Neutral,good,1331.9,3.6,0.0,1756.269,6302.316,4532.232,5787.013,1711.477,0.0874,0.3137,0.2256,0.2881,0.0852,0.783,1.391
6335,6334592,Neutral,good,1331.2,3.3,0.0,2459.038,1982.034,3223.535,10685.417,5131.169,0.1047,0.0844,0.1373,0.4551,0.2185,0.302,0.615
6336,6335592,Neutral,good,1331.0,4.1,0.0,2565.462,9148.520,10796.530,7375.397,1381.215,0.0820,0.2926,0.3453,0.2359,0.0442,1.464,0.847
6337,6336592,Neutral,good,1332.5,3.0,0.0,1220.642,630.210,2785.360,13463.301,1137.978,0.0635,0.0328,0.1448,0.6998,0.0592,0.207,0.226
6338,6337592,Neutral,good,1331.6,2.7,0.0,3768.366,2438.622,806.224,814.468,992.247,0.4273,0.2765,0.0914,0.0923,0.1125,0.990,3.025
6339,6338592,Neutral,good,1331.6,2.6,0.0,604.142,4797.938,6092.710,3100.238,1636.913,0.0372,0.2956,0.3754,0.1910,0.1008,1.965,0.787
6340,6339592,Neutral,good,1331.8,3.4,0.0,852.265,4035.871,3840.584,1863.703,2573.851,0.0647,0.3065,0.2917,0.1416,0.1955,2.061,1.051
6341,6340592,Neutral,good,1332.5,3.4,0.0,1509.305,19488.170,19292.197,12181.668,2053.552,0.0277,0.3574,0.3538,0.2234,0.0377,1.584,1.010
6342,6341592,Neutral,good,1331.6,3.7,0.0,1679.036,1258.613,753.420,4901.102,2449.965,0.1521,0.1140,0.0682,0.4439,0.2219,0.154,1.671
6343,6342592,Neutral,good,1332.6,3.5,0.0,1814.387,964.939,2074.455,4819.891,5567.493,0.1190,0.0633,0.1361,0.3162,0.3653,0.430,0.465
6344,6343592,Neutral,good,1332.5,3.1,0.0,1146.001,1410.772,3590.851,3700.406,804.526,0.1076,0.1324,0.3371,0.3474,0.0755,0.970,0.393
6345,6344592,Neutral,good,1333.3,3.4,0.0,3140.755,3387.538,5363.144,7427.729,3100.290,0.1401,0.1511,0.2392,0.3313,0.1383,0.722,0.632
6346,6345592,Neutral,good,1332.9,2.9,0.0,3957.272,4004.328,882.559,7785.021,3659.030,0.1951,0.1974,0.0435,0.3837,0.1804,0.113,4.537
6347,6346592,Neutral,good,1332.7,3.9,0.0,5045.532,11410.612,11352.334,2688.842,2515.590,0.1528,0.3456,0.3439,0.0814,0.0762,4.222,1.005
6348,6347591,Neutral,good,1332.8,3.1,0.0,1479.156,13453.371,10767.091,5837.357,1070.716,0.0454,0.4126,0.3302,0.1790,0.0328,1.845,1.249
6349,6348591,Neutral,good,1333.4,3.2,0.0,9751.162,8162.677,5137.811,3949.483,1233.220,0.3454,0.2891,0.1820,0.1399,0.0437,1.301,1.589
6350,6349591,Neutral,good,1333.4,3.1,0.0,4223.174,1786.133,2950.955,4191.988,4358.234,0.2412,0.1020,0.1685,0.2394,0.2489,0.704,0.605
6351,6350591,Neutral,good,1332.8,3.6,0.0,542.914,2454.350,2581.669,5296.639,4088.674,0.0363,0.1640,0.1725,0.3540,0.2732,0.487,0.951
6352,6351591,Neutral,good,1333.0,3.6,0.0,2202.179,5213.607,3813.655,5781.913,2221.861,0.1145,0.2711,0.1983,0.3006,0.1155,0.660,1.367
6353,6352591,Neutral,good,1333.1,3.8,0.0,28578.602,4545.090,1654.479,9151.063,5890.437,0.5736,0.0912,0.0332,0.1837,0.1182,0.181,2.747
6354,6353591,Neutral,good,1332.4,3.5,0.0,4237.646,1868.406,1954.135,3709.983,1537.757,0.3184,0.1404,0.1468,0.2788,0.1156,0.527,0.956
6355,6354591,Neutral,good,1332.4,4.0,0.0,3920.225,6797.355,8762.105,3764.490,2846.565,0.1503,0.2605,0.3358,0.1443,0.1091,2.328,0.776
6356,6355591,Neutral,good,1332.8,4.3,0.0,530.706,3775.533,6921.753,6725.441,4231.250,0.0239,0.1702,0.3120,0.3032,0.1907,1.029,0.545
6357,6356591,Neutral,good,1332.4,4.4,0.0,11030.465,18030.123,5987.338,33819.949,3704.623,0.1520,0.2484,0.0825,0.4660,0.0510,0.177,3.011
6358,6357591,Neutral,good,1332.2,4.1,0.0,6336.586,9256.608,2201.077,3436.012,842.725,0.2871,0.4194,0.0997,0.1557,0.0382,0.641,4.205
6359,6358591,Neutral,good,1332.4,3.7,0.0,5827.702,5456.396,3015.707,8132.299,3059.997,0.2286,0.2140,0.1183,0.3190,0.1200,0.371,1.809
6360,6359591,Neutral,good,1332.6,3.5,0.0,2775.214,2541.802,1161.296,7035.202,2151.567,0.1772,0.1623,0.0741,0.4491,0.1373,0.165,2.189
6361,6360591,Neutral,good,1331.8,3.3,0.0,2947.424,1822.765,2397.192,1390.068,6369.694,0.1975,0.1221,0.1606,0.0931,0.4267,1.725,0.760
6362,6361591,Neutral,good,1332.6,3.3,0.0,2102.610,2093.917,272.605,7873.440,2532.819,0.1413,0.1408,0.0183,0.5293,0.1703,0.035,7.681
6363,6362591,Neutral,good,1332.2,3.0,0.0,3552.488,1890.956,200.660,2443.514,5632.240,0.2589,0.1378,0.0146,0.1781,0.4105,0.082,9.424
6364,6363590,Neutral,good,1333.0,3.1,0.0,1120.419,1633.781,1648.765,2056.518,401.362,0.1633,0.2381,0.2403,0.2997,0.0585,0.802,0.991
6365,6364590,Neutral,good,1333.4,2.8,0.0,1130.633,1213.918,1112.736,3730.525,395.482,0.1491,0.1601,0.1467,0.4919,0.0522,0.298,1.091
6366,6365590,Neutral,good,1332.9,3.6,0.0,1283.703,802.714,1487.256,7347.310,2764.981,0.0938,0.0587,0.1087,0.5369,0.2020,0.202,0.540
6367,6366590,Neutral,good,1332.4,3.7,0.0,3266.892,445.423,1446.876,2931.668,1139.182,0.3539,0.0483,0.1568,0.3176,0.1234,0.494,0.308
6368,6367590,Neutral,good,1333.0,4.0,0.0,15079.191,5004.723,1265.583,11305.286,5739.739,0.3927,0.1303,0.0330,0.2945,0.1495,0.112,3.954
6369,6368590,Neutral,good,1331.9,3.0,0.0,3526.754,2176.191,4293.153,5944.255,645.626,0.2126,0.1312,0.2588,0.3584,0.0389,0.722,0.507
6370,6369590,Neutral,good,1332.8,3.4,0.0,5174.597,4632.775,1390.347,1228.381,1133.302,0.3816,0.3417,0.1025,0.0906,0.0836,1.132,3.332
6371,6370590,Neutral,good,1332.1,3.3,0.0,6928.672,3123.168,3139.026,8717.606,1358.413,0.2978,0.1342,0.1349,0.3747,0.0584,0.360,0.995
6372,6371590,Neutral,good,1332.4,3.4,0.0,3846.566,3670.737,1570.706,4624.902,375.177,0.2730,0.2606,0.1115,0.3283,0.0266,0.340,2.337
6373,6372590,Neutral,good,1333.0,3.6,0.0,4767.392,5696.496,1999.676,2195.778,2631.729,0.2757,0.3294,0.1156,0.1270,0.1522,0.911,2.849
6374,6373590,Neutral,good,1333.2,4.0,0.0,19555.398,25278.604,5217.036,8056.881,6456.812,0.3029,0.3915,0.0808,0.1248,0.1000,0.648,4.845
6375,6374590,Neutral,good,1332.5,3.7,0.0,12414.771,3828.674,9693.769,13510.637,5067.966,0.2789,0.0860,0.2178,0.3035,0.1138,0.717,0.395
6376,6375590,Neutral,good,1331.7,3.4,0.0,3616.608,11417.146,632.702,1471.983,1875.689,0.1902,0.6005,0.0333,0.0774,0.0986,0.430,18.045
6377,6376590,Neutral,good,1332.6,4.1,0.0,2645.174,2159.760,1413.707,4758.723,2505.189,0.1962,0.1602,0.1049,0.3530,0.1858,0.297,1.528
6378,6377590,Neutral,good,1332.7,3.6,0.0,7385.490,9561.035,2502.549,3686.389,2000.639,0.2938,0.3804,0.0996,0.1467,0.0796,0.679,3.821
6379,6378590,Neutral,good,1332.0,3.6,0.0,10920.672,6989.075,5943.240,8474.166,1893.513,0.3191,0.2042,0.1737,0.2476,0.0553,0.701,1.176
6380,6379589,Neutral,good,1331.9,3.5,0.0,3030.497,6653.653,10272.388,6939.758,1008.171,0.1086,0.2384,0.3681,0.2487,0.0361,1.480,0.648
6381,6380589,Neutral,good,1332.8,3.4,0.0,3750.429,6518.618,1353.526,3357.307,1681.341,0.2251,0.3912,0.0812,0.2015,0.1009,0.403,4.816
6382,6381589,Neutral,good,1332.9,3.7,0.0,6036.744,5387.404,1927.360,4519.222,2591.871,0.2950,0.2633,0.0942,0.2209,0.1267,0.426,2.795
6383,6382589,Neutral,good,1332.3,3.5,0.0,3945.957,270.241,1513.922,1806.619,2159.220,0.4070,0.0279,0.1561,0.1863,0.2227,0.838,0.179
6384,6383589,Neutral,good,1332.8,3.6,0.0,3723.885,8974.290,5922.766,7749.376,9108.878,0.1050,0.2529,0.1669,0.2184,0.2567,0.764,1.515
6385,6384589,Neutral,good,1332.9,3.4,0.0,3722.540,1826.337,4256.561,11706.034,3371.335,0.1496,0.0734,0.1711,0.4704,0.1355,0.364,0.429
6386,6385589,Neutral,good,1333.8,3.2,0.0,1108.660,365.403,2581.956,5973.807,1950.617,0.0925,0.0305,0.2155,0.4986,0.1628,0.432,0.142
6387,6386589,Neutral,good,1333.0,3.9,0.0,1040.284,792.932,3393.458,11537.768,6163.711,0.0454,0.0346,0.1480,0.5032,0.2688,0.294,0.234
6388,6387589,Neutral,good,1332.0,3.7,0.0,6174.924,242.052,532.927,5841.961,655.235,0.4592,0.0180,0.0396,0.4344,0.0487,0.091,0.454
6389,6388589,Neutral,good,1334.0,4.5,0.0,10837.955,2499.378,4678.385,14979.611,4967.630,0.2855,0.0658,0.1232,0.3946,0.1309,0.312,0.534
6390,6389589,Neutral,good,1332.5,3.2,0.0,1119.855,1881.603,1507.790,2137.271,1005.679,0.1463,0.2459,0.1970,0.2793,0.1314,0.705,1.248
6391,6390589,Neutral,good,1332.7,3.9,0.0,5247.324,3474.599,4217.297,2780.347,1227.750,0.3096,0.2050,0.2488,0.1641,0.0724,1.517,0.824
6392,6391589,Neutral,good,1332.3,3.1,0.0,2294.234,328.163,326.072,1212.711,799.291,0.4625,0.0662,0.0657,0.2445,0.1611,0.269,1.006
6393,6392589,Neutral,good,1332.0,3.0,0.0,479.325,242.063,3795.447,12017.321,1105.283,0.0272,0.0137,0.2152,0.6813,0.0627,0.316,0.064
6394,6393589,Neutral,good,1333.4,3.6,0.0,2176.528,3179.719,4535.978,2912.261,1217.039,0.1552,0.2268,0.3235,0.2077,0.0868,1.558,0.701
6395,6394588,Neutral,good,1332.1,3.8,0.0,3075.715,3272.415,7520.250,8888.473,3046.294,0.1192,0.1268,0.2914,0.3445,0.1181,0.846,0.435
6396,6395588,Neutral,good,1332.6,3.4,0.0,2091.148,5406.771,5712.828,4459.213,1269.513,0.1104,0.2855,0.3016,0.2354,0.0670,1.281,0.946
6397,6396588,Neutral,good,1332.6,2.8,0.0,2683.535,3270.658,2596.656,3024.534,4490.413,0.1670,0.2036,0.1616,0.1883,0.2795,0.859,1.260
6398,6397588,Neutral,good,1332.0,3.9,0.0,8427.126,453.576,1362.982,19922.498,1836.140,0.2633,0.0142,0.0426,0.6225,0.0574,0.068,0.333
6399,6398588,Neutral,good,1332.8,3.8,0.0,8658.955,7279.494,4725.614,7225.583,560.158,0.3044,0.2559,0.1661,0.2540,0.0197,0.654,1.540
6400,6399588,Neutral,good,1332.4,3.0,0.0,3547.847,2862.844,1906.199,1699.980,972.532,0.3228,0.2605,0.1735,0.1547,0.0885,1.121,1.502
6401,6400588,Neutral,good,1332.5,3.3,0.0,578.280,1392.808,2863.324,6785.562,1618.572,0.0437,0.1052,0.2163,0.5126,0.1223,0.422,0.486
6402,6401588,Neutral,good,1331.1,3.4,0.0,2375.917,6189.878,4366.963,1856.717,1440.696,0.1464,0.3814,0.2691,0.1144,0.0888,2.352,1.417
6403,6402588,Neutral,good,1332.7,3.4,0.0,4105.648,2875.122,2593.749,6693.669,3636.798,0.2063,0.1444,0.1303,0.3363,0.1827,0.387,1.108
6404,6403588,Neutral,good,1331.9,3.7,0.0,12472.648,21183.053,11343.043,4733.396,4658.986,0.2293,0.3895,0.2085,0.0870,0.0857,2.396,1.867
6405,6404588,Neutral,good,1331.8,3.6,0.0,15765.646,5758.131,245.390,4482.883,5701.363,0.4934,0.1802,0.0077,0.1403,0.1784,0.055,23.465
6406,6405588,Neutral,good,1332.3,2.7,0.0,691.048,997.576,2338.075,2706.881,418.471,0.0966,0.1395,0.3269,0.3785,0.0585,0.864,0.427
6407,6406588,Neutral,good,1332.0,3.4,0.0,284.371,633.717,1210.524,5295.537,8471.431,0.0179,0.0399,0.0762,0.3331,0.5329,0.229,0.524
6408,6407588,Neutral,good,1332.4,3.6,0.0,2255.135,1780.350,4541.432,12930.817,7034.975,0.0790,0.0624,0.1591,0.4530,0.2465,0.351,0.392
6409,6408588,Neutral,good,1332.6,3.4,0.0,2946.022,6206.292,5259.279,12311.304,6447.620,0.0888,0.1871,0.1586,0.3712,0.1944,0.427,1.180
6410,6409587,Neutral,good,1332.3,3.0,0.0,702.178,1444.449,2274.821,6149.395,436.632,0.0638,0.1312,0.2067,0.5587,0.0397,0.370,0.635
6411,6410587,Neutral,good,1333.2,3.8,0.0,10756.744,4818.391,2881.047,4313.943,1591.666,0.4415,0.1978,0.1183,0.1771,0.0653,0.668,1.672
6412,6411587,Neutral,good,1333.0,3.4,0.0,5230.845,4394.551,6079.078,14027.129,1827.499,0.1657,0.1392,0.1926,0.4445,0.0579,0.433,0.723
6413,6412587,Neutral,good,1331.9,2.9,0.0,5906.208,3680.390,2257.219,1061.898,603.718,0.4372,0.2724,0.1671,0.0786,0.0447,2.126,1.630
6414,6413587,Neutral,good,1330.8,3.9,0.0,7307.528,4919.168,1587.514,4984.838,3912.192,0.3218,0.2166,0.0699,0.2195,0.1723,0.318,3.099
6415,6414587,Neutral,good,1329.6,3.1,0.0,1993.796,5304.789,4777.512,4598.062,1791.624,0.1080,0.2873,0.2587,0.2490,0.0970,1.039,1.110
6416,6415587,Neutral,good,1330.0,3.1,0.0,7107.849,7242.863,2738.703,1729.058,1411.135,0.3514,0.3580,0.1354,0.0855,0.0698,1.584,2.645
6417,6416587,Neutral,good,1330.7,3.7,0.0,1739.943,5891.562,6953.869,9283.179,6297.668,0.0577,0.1953,0.2305,0.3077,0.2088,0.749,0.847
6418,6417587,Neutral,good,1331.9,3.6,0.0,2910.001,7472.411,4140.434,1593.750,1941.703,0.1611,0.4138,0.2293,0.0883,0.1075,2.598,1.805
6419,6418587,Neutral,good,1331.3,3.7,0.0,5135.693,3738.404,7738.652,9711.692,1342.622,0.1856,0.1351,0.2797,0.3510,0.0485,0.797,0.483
6420,6419587,Neutral,good,1332.0,3.9,0.0,3236.864,11909.067,16412.609,5155.630,867.115,0.0861,0.3169,0.4367,0.1372,0.0231,3.183,0.726
6421,6420587,Neutral,good,1331.9,3.2,0.0,1390.516,2587.159,2657.739,7736.024,1807.600,0.0859,0.1599,0.1643,0.4782,0.1117,0.344,0.973
6422,6421587,Neutral,good,1332.4,3.2,0.0,1207.982,1371.002,493.571,2703.105,1387.485,0.1686,0.1914,0.0689,0.3774,0.1937,0.183,2.778
6423,6422587,Neutral,good,1333.5,3.2,0.0,12250.655,3170.621,2585.427,5016.288,1564.509,0.4982,0.1290,0.1052,0.2040,0.0636,0.515,1.226
6424,6423587,Neutral,good,1331.6,3.5,0.0,13927.960,2468.595,5530.332,8229.648,665.030,0.4519,0.0801,0.1794,0.2670,0.0216,0.672,0.446
6425,6424587,Neutral,good,1332.7,3.7,0.0,2671.364,456.233,859.498,6151.938,3682.187,0.1933,0.0330,0.0622,0.4451,0.2664,0.140,0.531
6426,6425586,Neutral,good,1331.5,3.8,0.0,11080.077,12557.081,8959.572,12409.844,3797.267,0.2270,0.2573,0.1836,0.2543,0.0778,0.722,1.402
6427,6426586,Neutral,good,1332.8,3.8,0.0,7371.125,8320.899,14445.240,26278.906,2268.146,0.1256,0.1418,0.2462,0.4478,0.0386,0.550,0.576
6428,6427586,Neutral,good,1332.4,3.3,0.0,2831.864,1572.361,683.493,9943.998,976.391,0.1769,0.0982,0.0427,0.6212,0.0610,0.069,2.300
6429,6428586,Neutral,good,1332.6,3.8,0.0,5089.646,7222.681,12756.817,17807.033,3699.604,0.1093,0.1551,0.2739,0.3823,0.0794,0.716,0.566
6430,6429586,Neutral,good,1332.0,2.9,0.0,3154.272,18487.557,18812.137,1833.134,869.269,0.0731,0.4284,0.4359,0.0425,0.0201,10.262,0.983
6431,6430586,Neutral,good,1332.8,3.6,0.0,12445.176,8875.864,318.665,3326.584,2603.050,0.4514,0.3219,0.0116,0.1207,0.0944,0.096,27.853
6432,6431586,Neutral,good,1333.0,3.2,0.0,18105.273,2131.752,577.422,3902.297,1746.708,0.6842,0.0806,0.0218,0.1475,0.0660,0.148,3.692
6433,6432586,Neutral,good,1333.0,3.9,0.0,14565.728,4692.048,3529.118,6025.245,8129.565,0.3943,0.1270,0.0955,0.1631,0.2201,0.586,1.330
6434,6433586,Neutral,good,1332.7,2.9,0.0,1641.136,1639.167,1719.702,3234.941,649.511,0.1847,0.1845,0.1936,0.3641,0.0731,0.532,0.953
6435,6434586,Neutral,good,1333.1,2.7,0.0,5109.498,698.487,239.960,4208.108,399.872,0.4795,0.0655,0.0225,0.3949,0.0375,0.057,2.911
6436,6435586,Neutral,good,1331.7,3.4,0.0,1004.048,389.306,979.521,3880.945,2624.810,0.1131,0.0438,0.1103,0.4371,0.2956,0.252,0.397
6437,6436586,Neutral,good,1332.2,3.5,0.0,5002.526,5920.522,4734.421,7681.328,2662.614,0.1924,0.2277,0.1821,0.2954,0.1024,0.616,1.251
6438,6437586,Neutral,good,1332.0,3.0,0.0,2061.420,2547.940,520.698,9249.175,2474.112,0.1223,0.1512,0.0309,0.5488,0.1468,0.056,4.893
6439,6438586,Neutral,good,1331.5,2.8,0.0,1174.453,1951.756,1855.805,1686.228,521.481,0.1634,0.2715,0.2581,0.2345,0.0725,1.101,1.052
6440,6439586,Neutral,good,1332.2,3.6,0.0,1132.351,10331.701,5220.104,4820.842,7132.351,0.0395,0.3608,0.1823,0.1683,0.2491,1.083,1.979
6441,6440585,Neutral,good,1332.2,3.3,0.0,3040.504,1530.677,2192.916,3975.354,1381.350,0.2509,0.1263,0.1809,0.3280,0.1140,0.552,0.698
6442,6441585,Neutral,good,1332.6,3.8,0.0,8873.923,10018.506,2516.957,3029.312,1794.080,0.3383,0.3819,0.0959,0.1155,0.0684,0.831,3.980
6443,6442585,Neutral,good,1332.2,3.5,0.0,8590.539,2055.181,680.513,4829.548,2576.841,0.4586,0.1097,0.0363,0.2578,0.1376,0.141,3.020
6444,6443585,Neutral,good,1332.9,3.3,0.0,4436.418,4909.838,778.033,4978.990,794.914,0.2791,0.3088,0.0489,0.3132,0.0500,0.156,6.311
6445,6444585,Neutral,good,1333.3,3.5,0.0,8578.301,2131.591,215.506,1199.298,828.042,0.6623,0.1646,0.0166,0.0926,0.0639,0.180,9.891
6446,6445585,Neutral,good,1332.8,3.3,0.0,4377.198,12599.961,11855.547,8611.374,1362.038,0.1128,0.3247,0.3055,0.2219,0.0351,1.377,1.063
6447,6446585,Neutral,good,1332.3,3.6,0.0,4626.596,276.637,2287.425,6903.091,2435.266,0.2799,0.0167,0.1384,0.4176,0.1473,0.331,0.121
6448,6447585,Neutral,good,1332.7,3.6,0.0,256.769,1792.322,2415.598,2608.000,1590.351,0.0296,0.2069,0.2788,0.3010,0.1836,0.926,0.742
6449,6448585,Neutral,good,1332.3,2.7,0.0,622.693,1016.047,838.558,1309.435,547.619,0.1437,0.2344,0.1935,0.3021,0.1263,0.640,1.212
6450,6449585,Neutral,good,1332.1,3.4,0.0,774.612,1247.618,2424.617,4601.412,4121.185,0.0588,0.0947,0.1841,0.3494,0.3129,0.527,0.515
6451,6450585,Neutral,good,1332.1,3.2,0.0,784.062,3338.489,1196.201,3309.599,5759.466,0.0545,0.2320,0.0831,0.2300,0.4003,0.361,2.791
6452,6451585,Neutral,good,1330.5,2.6,0.0,8170.197,7769.783,1502.349,5205.071,6046.117,0.2847,0.2708,0.0524,0.1814,0.2107,0.289,5.172
6453,6452585,Neutral,good,1329.9,3.3,0.0,4576.479,5486.265,5805.467,5761.705,910.076,0.2030,0.2434,0.2576,0.2556,0.0404,1.008,0.945
6454,6453585,Neutral,good,1331.3,3.9,0.0,4898.724,7562.240,9938.955,6163.237,2180.768,0.1593,0.2460,0.3233,0.2005,0.0709,1.613,0.761
6455,6454585,Neutral,good,1331.3,3.9,0.0,10268.870,3720.915,5084.556,12757.615,6323.869,0.2691,0.0975,0.1333,0.3344,0.1657,0.399,0.732
6456,6455584,Neutral,good,1331.6,2.9,0.0,255.418,8984.504,9684.070,1247.675,914.728,0.0121,0.4261,0.4593,0.0592,0.0434,7.762,0.928
6457,6456585,Neutral,good,1332.5,3.0,0.0,2250.233,1537.403,1197.471,3688.021,3330.839,0.1875,0.1281,0.0998,0.3072,0.2775,0.325,1.284
6458,6457584,Neutral,good,1332.7,3.9,0.0,12459.440,20862.602,15003.994,2634.550,1976.535,0.2354,0.3941,0.2834,0.0498,0.0373,5.695,1.390
6459,6458584,Neutral,good,1332.2,2.6,0.0,757.306,921.657,1919.640,2664.166,1046.736,0.1036,0.1261,0.2626,0.3645,0.1432,0.721,0.480
6460,6459584,Neutral,good,1332.2,3.2,0.0,5752.371,5157.508,692.600,2852.562,3061.462,0.3284,0.2944,0.0395,0.1628,0.1748,0.243,7.447
6461,6460584,Neutral,good,1332.4,2.6,0.0,3430.760,1551.257,2327.470,1609.195,564.677,0.3618,0.1636,0.2454,0.1697,0.0595,1.446,0.666
6462,6461584,Neutral,good,1333.2,3.5,0.0,2370.114,359.403,1386.787,4701.708,718.926,0.2485,0.0377,0.1454,0.4930,0.0754,0.295,0.259
6463,6462584,Neutral,good,1332.5,3.0,0.0,577.646,5634.150,3278.602,7039.629,5422.683,0.0263,0.2566,0.1493,0.3207,0.2470,0.466,1.718
6464,6463584,Neutral,good,1332.5,3.1,0.0,8516.085,432.054,1967.552,5164.836,647.751,0.5091,0.0258,0.1176,0.3087,0.0387,0.381,0.220
6465,6464584,Neutral,good,1332.1,3.0,0.0,558.475,1822.204,1927.956,3084.476,2205.216,0.0582,0.1898,0.2009,0.3214,0.2298,0.625,0.945
6466,6465584,Neutral,good,1332.9,3.7,0.0,6459.383,8551.109,6105.855,4031.039,2085.056,0.2372,0.3140,0.2242,0.1480,0.0766,1.515,1.400
6467,6466584,Neutral,good,1332.4,2.8,0.0,2635.630,3328.521,3234.914,3233.307,708.912,0.2006,0.2533,0.2462,0.2460,0.0539,1.000,1.029
6468,6467584,Neutral,good,1332.1,3.4,0.0,805.786,872.919,4625.413,11297.626,3449.746,0.0383,0.0415,0.2197,0.5367,0.1639,0.409,0.189
6469,6468584,Neutral,good,1332.4,3.4,0.0,5511.932,2498.270,3173.656,6092.060,516.314,0.3098,0.1404,0.1784,0.3424,0.0290,0.521,0.787
6470,6469584,Neutral,good,1333.1,3.2,0.0,640.724,1393.564,2691.230,3637.302,1427.613,0.0654,0.1423,0.2749,0.3715,0.1458,0.740,0.518
6471,6470584,Neutral,good,1333.5,4.0,0.0,14335.229,13355.895,7898.834,8176.965,1677.316,0.3154,0.2939,0.1738,0.1799,0.0369,0.966,1.691
6472,6471584,Neutral,good,1332.7,2.7,0.0,794.760,602.990,849.169,2420.219,1537.100,0.1281,0.0972,0.1369,0.3901,0.2478,0.351,0.710
6473,6472583,Neutral,good,1333.3,3.6,0.0,10917.714,3067.052,791.608,7941.311,4952.401,0.3946,0.1108,0.0286,0.2870,0.1790,0.100,3.874
6474,6473583,Neutral,good,1332.0,3.6,0.0,4151.498,4837.694,2868.299,5987.221,1015.674,0.2201,0.2565,0.1521,0.3174,0.0539,0.479,1.687
6475,6474583,Neutral,good,1333.4,4.0,0.0,8434.956,609.107,2708.109,12060.947,4088.945,0.3023,0.0218,0.0971,0.4323,0.1465,0.225,0.225
6476,6475583,Neutral,good,1332.6,3.3,0.0,14167.321,1536.671,4198.240,9162.112,1801.372,0.4590,0.0498,0.1360,0.2968,0.0584,0.458,0.366
6477,6476583,Neutral,good,1332.4,3.6,0.0,5327.093,9964.661,8597.346,11650.359,4324.494,0.1336,0.2500,0.2157,0.2923,0.1085,0.738,1.159
6478,6477583,Neutral,good,1332.4,3.6,0.0,7007.787,1413.660,4600.052,8801.147,1747.217,0.2973,0.0600,0.1952,0.3734,0.0741,0.523,0.307
6479,6478583,Neutral,good,1333.2,4.1,0.0,3290.761,2423.873,6392.265,6725.626,4468.868,0.1412,0.1040,0.2743,0.2886,0.1918,0.950,0.379
6480,6479583,Neutral,good,1332.2,3.2,0.0,1575.575,3404.975,2564.530,3400.545,820.839,0.1339,0.2894,0.2180,0.2890,0.0698,0.754,1.328
6481,6480583,Neutral,good,1332.7,3.3,0.0,6568.874,3745.263,2217.497,15500.146,1094.508,0.2255,0.1286,0.0761,0.5322,0.0376,0.143,1.689
6482,6481583,Neutral,good,1332.0,3.1,0.0,827.211,2776.615,4345.074,6102.129,1785.111,0.0522,0.1753,0.2744,0.3853,0.1127,0.712,0.639
6483,6482583,Neutral,good,1332.9,3.6,0.0,16219.431,2542.941,530.172,6609.536,1214.217,0.5981,0.0938,0.0196,0.2437,0.0448,0.080,4.796
6484,6483583,Neutral,good,1332.8,3.1,0.0,4758.984,2010.046,64.196,4169.577,1470.166,0.3815,0.1612,0.0051,0.3343,0.1179,0.015,31.311
6485,6484583,Neutral,good,1332.6,3.1,0.0,2057.026,2678.827,609.750,1779.833,1028.373,0.2523,0.3285,0.0748,0.2183,0.1261,0.343,4.393
6486,6485583,Neutral,good,1332.2,3.3,0.0,1079.549,5137.768,3234.616,6140.970,2875.000,0.0585,0.2782,0.1751,0.3325,0.1557,0.527,1.588
6487,6486583,Neutral,good,1333.3,3.6,0.0,10386.552,6657.280,901.714,6430.684,4995.703,0.3536,0.2267,0.0307,0.2189,0.1701,0.140,7.383
6488,6487582,Neutral,good,1332.9,4.0,0.0,15150.060,11464.422,8754.721,3263.522,1814.148,0.3746,0.2834,0.2164,0.0807,0.0449,2.683,1.310
6489,6488582,Neutral,good,1332.6,3.6,0.0,715.464,3562.869,4144.762,13017.688,6569.497,0.0255,0.1272,0.1480,0.4647,0.2345,0.318,0.860
6490,6489582,Neutral,good,1331.7,3.6,0.0,24502.045,11829.329,1580.456,9717.447,1489.796,0.4988,0.2408,0.0322,0.1978,0.0303,0.163,7.485
6491,6490582,Neutral,good,1332.0,3.0,0.0,12183.859,6285.773,881.166,9749.886,527.477,0.4112,0.2122,0.0297,0.3291,0.0178,0.090,7.133
6492,6491582,Neutral,good,1331.9,3.3,0.0,884.310,445.388,5476.623,8583.642,2365.357,0.0498,0.0251,0.3084,0.4834,0.1332,0.638,0.081
6493,6492582,Neutral,good,1333.0,4.2,0.0,12043.805,7343.043,4270.102,17236.838,2336.771,0.2786,0.1699,0.0988,0.3987,0.0541,0.248,1.720
6494,6493582,Neutral,good,1332.4,3.1,0.0,2160.033,585.941,4494.607,4531.985,1856.368,0.1585,0.0430,0.3298,0.3325,0.1362,0.992,0.130
6495,6494582,Neutral,good,1333.1,3.3,0.0,2979.945,1138.044,1504.072,4528.812,2324.963,0.2389,0.0912,0.1206,0.3630,0.1864,0.332,0.757
6496,6495582,Neutral,good,1333.1,3.3,0.0,1017.733,2069.171,1351.483,3956.784,715.380,0.1117,0.2271,0.1483,0.4343,0.0785,0.342,1.531
6497,6496582,Neutral,good,1333.1,4.1,0.0,1494.872,733.889,693.494,10785.111,2682.104,0.0912,0.0448,0.0423,0.6581,0.1636,0.064,1.058
6498,6497582,Neutral,good,1333.3,2.9,0.0,11757.318,6187.332,3039.082,4842.443,3304.734,0.4036,0.2124,0.1043,0.1662,0.1134,0.628,2.036
6499,6498582,Neutral,good,1332.7,3.5,0.0,993.692,1239.589,779.324,5607.340,4120.820,0.0780,0.0973,0.0612,0.4401,0.3234,0.139,1.591
6500,6499582,Neutral,good,1333.0,3.3,0.0,7805.464,683.144,806.060,1457.737,1039.442,0.6619,0.0579,0.0684,0.1236,0.0881,0.553,0.848
6501,6500582,Neutral,good,1333.1,2.8,0.0,321.524,2555.154,2389.173,4675.299,1436.356,0.0283,0.2246,0.2100,0.4109,0.1262,0.511,1.069
6502,6501582,Neutral,good,1333.3,3.1,0.0,8143.384,6872.272,3323.127,2439.656,2124.598,0.3556,0.3001,0.1451,0.1065,0.0928,1.362,2.068
6503,6502582,Neutral,good,1333.3,2.7,0.0,4400.260,9105.803,9052.435,2489.974,716.655,0.1708,0.3534,0.3513,0.0966,0.0278,3.636,1.006
6504,6503581,Neutral,good,1333.0,3.6,0.0,4513.911,1145.497,3562.299,8891.585,1357.927,0.2318,0.0588,0.1830,0.4567,0.0697,0.401,0.322
6505,6504581,Neutral,good,1332.9,3.5,0.0,2978.155,5898.728,3306.637,6021.729,1739.367,0.1493,0.2958,0.1658,0.3019,0.0872,0.549,1.784
6506,6505581,Neutral,good,1332.4,3.2,0.0,2227.996,5145.537,3013.306,2383.545,2198.175,0.1488,0.3438,0.2013,0.1592,0.1469,1.264,1.708
6507,6506581,Neutral,good,1332.4,2.8,0.0,2190.674,4882.854,3957.240,3821.793,1744.946,0.1320,0.2942,0.2384,0.2303,0.1051,1.035,1.234
6508,6507581,Neutral,good,1331.9,2.9,0.0,1783.401,3959.299,4696.402,5001.480,4030.439,0.0916,0.2033,0.2412,0.2569,0.2070,0.939,0.843
6509,6508581,Neutral,good,1332.3,3.1,0.0,4377.055,4403.057,668.765,1095.115,1976.649,0.3496,0.3517,0.0534,0.0875,0.1579,0.611,6.584
6510,6509581,Neutral,good,1332.5,3.3,0.0,416.302,684.123,1033.205,3052.249,2114.933,0.0570,0.0937,0.1415,0.4181,0.2897,0.339,0.662
6511,6510581,Neutral,good,1332.7,3.8,0.0,4056.534,1446.007,1866.792,4767.491,1842.932,0.2902,0.1034,0.1335,0.3410,0.1318,0.392,0.775
6512,6511581,Neutral,good,1331.4,3.3,0.0,584.242,353.986,496.149,1197.790,872.859,0.1667,0.1010,0.1416,0.3417,0.2490,0.414,0.713
6513,6512581,Neutral,good,1332.4,2.7,0.0,926.694,870.273,472.017,3261.282,2201.581,0.1199,0.1126,0.0610,0.4218,0.2847,0.145,1.844
6514,6513581,Neutral,good,1332.4,3.2,0.0,4991.175,5428.572,2334.834,5745.252,4735.956,0.2148,0.2336,0.1005,0.2473,0.2038,0.406,2.325
6515,6514581,Neutral,good,1330.4,3.6,0.0,3504.730,3321.171,4897.241,12651.528,362.644,0.1417,0.1343,0.1980,0.5114,0.0147,0.387,0.678
6516,6515581,Neutral,good,1329.9,3.7,0.0,4140.591,4926.974,2808.325,2784.958,1442.031,0.2571,0.3060,0.1744,0.1729,0.0896,1.008,1.754
6517,6516581,Neutral,good,1331.4,4.3,0.0,15494.167,3766.872,8099.075,24748.498,4509.999,0.2737,0.0665,0.1430,0.4371,0.0797,0.327,0.465
6518,6517581,Neutral,good,1330.9,3.0,0.0,1521.371,1272.523,2138.925,2209.052,597.800,0.1966,0.1644,0.2764,0.2854,0.0772,0.968,0.595
6519,6518581,Neutral,good,1332.2,3.2,0.0,3478.217,5435.724,3042.278,2610.849,1178.810,0.2209,0.3452,0.1932,0.1658,0.0749,1.165,1.787
6520,6519580,Neutral,good,1331.0,4.0,0.0,2183.803,4577.744,2668.802,17300.172,1192.597,0.0782,0.1639,0.0956,0.6196,0.0427,0.154,1.715
6521,6520580,Neutral,good,1331.9,3.3,0.0,1385.161,1045.045,738.535,3864.242,1428.848,0.1637,0.1235,0.0873,0.4567,0.1689,0.191,1.415
6522,6521580,Neutral,good,1332.3,3.2,0.0,884.920,1181.766,1662.006,4247.803,1047.782,0.0981,0.1310,0.1842,0.4707,0.1161,0.391,0.711
6523,6522580,Neutral,good,1331.6,3.0,0.0,2085.617,2046.255,5297.469,3943.367,1167.853,0.1434,0.1407,0.3643,0.2712,0.0803,1.343,0.386
6524,6523580,Neutral,good,1331.8,3.6,0.0,14274.035,2254.021,3826.728,7847.835,1609.786,0.4788,0.0756,0.1284,0.2632,0.0540,0.488,0.589
6525,6524580,Neutral,good,1332.6,3.2,0.0,5263.220,804.733,661.439,915.277,1770.914,0.5590,0.0855,0.0702,0.0972,0.1881,0.723,1.217
6526,6525580,Neutral,good,1333.2,3.9,0.0,6005.087,5023.901,4111.719,14450.444,5975.813,0.1688,0.1413,0.1156,0.4063,0.1680,0.285,1.222
6527,6526580,Neutral,good,1333.3,3.3,0.0,1603.928,1507.810,3210.336,3919.794,2842.214,0.1226,0.1152,0.2454,0.2996,0.2172,0.819,0.470
6528,6527580,Neutral,good,1333.0,3.2,0.0,4675.116,2229.542,2090.943,2088.031,2699.405,0.3392,0.1618,0.1517,0.1515,0.1958,1.001,1.066
6529,6528580,Neutral,good,1332.5,3.6,0.0,949.365,344.290,503.478,7977.456,2581.871,0.0768,0.0279,0.0407,0.6456,0.2089,0.063,0.684
6530,6529580,Neutral,good,1332.7,3.1,0.0,3180.946,6830.823,3221.761,3645.566,1150.281,0.1764,0.3789,0.1787,0.2022,0.0638,0.884,2.120
6531,6530580,Neutral,good,1333.0,3.0,0.0,4633.988,862.440,1182.337,1572.788,1996.193,0.4522,0.0842,0.1154,0.1535,0.1948,0.752,0.729
6532,6531580,Neutral,good,1333.2,2.8,0.0,11191.594,5532.322,2710.223,1840.227,591.630,0.5118,0.2530,0.1239,0.0842,0.0271,1.473,2.041
6533,6532580,Neutral,good,1332.2,3.2,0.0,1833.390,2200.406,497.893,1164.732,2268.092,0.2302,0.2763,0.0625,0.1462,0.2848,0.427,4.419
6534,6533580,Neutral,good,1332.7,3.3,0.0,439.739,1607.137,3792.671,3046.247,1906.728,0.0407,0.1489,0.3514,0.2823,0.1767,1.245,0.424
6535,6534580,Neutral,good,1333.2,3.1,0.0,5297.179,6150.723,2015.455,2133.587,1103.064,0.3172,0.3683,0.1207,0.1278,0.0661,0.945,3.052
6536,6535579,Neutral,good,1332.4,3.0,0.0,2468.600,2671.125,5014.049,3923.176,1011.841,0.1636,0.1770,0.3323,0.2600,0.0671,1.278,0.533
6537,6536579,Neutral,good,1332.5,2.5,0.0,1199.947,828.394,210.244,2698.700,2627.736,0.1586,0.1095,0.0278,0.3567,0.3474,0.078,3.940
6538,6537579,Neutral,good,1332.0,3.1,0.0,5694.582,3307.264,2200.264,6440.643,4413.040,0.2582,0.1499,0.0998,0.2920,0.2001,0.342,1.503
6539,6538579,Neutral,good,1332.0,3.2,0.0,10571.494,2291.577,2486.736,8244.356,266.794,0.4430,0.0960,0.1042,0.3455,0.0112,0.302,0.922
6540,6539579,Neutral,good,1332.2,3.4,0.0,4136.602,6471.087,2236.137,3181.871,3236.939,0.2147,0.3359,0.1161,0.1652,0.1680,0.703,2.894
6541,6540579,Neutral,good,1331.8,3.3,0.0,1913.383,3101.493,3689.343,4784.001,2063.417,0.1230,0.1994,0.2372,0.3076,0.1327,0.771,0.841
6542,6541579,Neutral,good,1331.8,3.8,0.0,7375.078,1563.841,1793.785,5766.626,1247.694,0.4156,0.0881,0.1011,0.3249,0.0703,0.311,0.872
6543,6542579,Neutral,good,1331.9,3.2,0.0,6811.374,2940.851,2222.202,3312.560,1739.509,0.4000,0.1727,0.1305,0.1946,0.1022,0.671,1.323
6544,6543579,Neutral,good,1331.3,3.1,0.0,6589.792,1596.178,1216.149,4218.417,1802.872,0.4273,0.1035,0.0789,0.2735,0.1169,0.288,1.312
6545,6544579,Neutral,good,1332.4,3.5,0.0,2454.196,289.535,1992.361,8225.022,643.942,0.1804,0.0213,0.1464,0.6046,0.0473,0.242,0.145
6546,6545579,Neutral,good,1332.9,3.3,0.0,3185.756,4440.094,7146.077,8849.554,4404.201,0.1137,0.1584,0.2550,0.3158,0.1571,0.808,0.621
6547,6546579,Neutral,good,1333.3,3.8,0.0,6272.241,8661.095,4858.777,6163.071,3508.853,0.2129,0.2940,0.1649,0.2092,0.1191,0.788,1.783
6548,6547579,Neutral,good,1333.0,3.3,0.0,4619.750,4842.530,2340.779,1042.909,3161.469,0.2886,0.3025,0.1462,0.0652,0.1975,2.244,2.069
6549,6548579,Neutral,good,1332.9,3.3,0.0,1621.926,3594.742,4578.866,3261.437,2295.707,0.1056,0.2341,0.2982,0.2124,0.1495,1.404,0.785
6550,6549579,Neutral,good,1333.2,3.5,0.0,5456.039,4939.305,1522.596,3767.525,1401.617,0.3193,0.2891,0.0891,0.2205,0.0820,0.404,3.244
6551,6550578,Neutral,good,1333.1,4.8,0.0,11185.907,8887.280,9405.860,6498.956,1969.529,0.2948,0.2342,0.2479,0.1713,0.0519,1.447,0.945
6552,6551578,Neutral,good,1333.6,3.5,0.0,1023.935,1121.945,654.661,6993.348,2234.624,0.0851,0.0933,0.0544,0.5814,0.1858,0.094,1.714
6553,6552578,Neutral,good,1332.9,3.3,0.0,4447.222,431.718,493.760,5707.438,2913.749,0.3178,0.0309,0.0353,0.4079,0.2082,0.087,0.874
6554,6553578,Neutral,good,1332.6,3.4,0.0,13274.245,11728.308,836.337,2148.822,3938.063,0.4158,0.3674,0.0262,0.0673,0.1234,0.389,14.023
6555,6554578,Neutral,good,1332.6,3.3,0.0,1945.827,2238.982,3097.812,4357.367,1225.749,0.1512,0.1740,0.2408,0.3387,0.0953,0.711,0.723
6556,6555578,Neutral,good,1333.3,3.6,0.0,3411.535,1605.271,536.171,2310.895,2382.740,0.3329,0.1567,0.0523,0.2255,0.2325,0.232,2.994
6557,6556578,Neutral,good,1332.2,3.7,0.0,3478.031,9596.216,8498.794,5037.623,2803.502,0.1182,0.3262,0.2889,0.1713,0.0953,1.687,1.129
6558,6557578,Neutral,good,1333.3,3.9,0.0,8498.034,645.080,1071.273,4748.127,4629.716,0.4337,0.0329,0.0547,0.2423,0.2363,0.226,0.602
6559,6558578,Neutral,good,1333.1,2.8,0.0,3644.987,2095.651,326.444,2341.746,1085.358,0.3839,0.2207,0.0344,0.2467,0.1143,0.139,6.420
6560,6559578,Neutral,good,1333.1,3.3,0.0,2964.097,5117.505,2288.158,5094.342,1744.222,0.1722,0.2974,0.1330,0.2960,0.1014,0.449,2.237
6561,6560578,Neutral,good,1333.2,3.8,0.0,24653.645,15065.768,2094.782,2780.677,2739.436,0.5208,0.3183,0.0443,0.0587,0.0579,0.753,7.192
6562,6561578,Neutral,good,1333.9,3.9,0.0,7319.532,975.480,8266.963,13784.025,1307.207,0.2312,0.0308,0.2612,0.4355,0.0413,0.600,0.118
6563,6562578,Neutral,good,1334.2,3.1,0.0,3263.213,2217.793,2423.194,4165.278,884.294,0.2519,0.1712,0.1871,0.3215,0.0683,0.582,0.915
6564,6563578,Neutral,good,1334.1,3.8,0.0,3865.119,4141.324,7142.240,10861.158,2592.412,0.1351,0.1448,0.2497,0.3797,0.0906,0.658,0.580
6565,6564578,Neutral,good,1333.3,3.5,0.0,7333.645,1897.496,2336.570,2738.918,4433.072,0.3913,0.1013,0.1247,0.1462,0.2366,0.853,0.812
6566,6565578,Neutral,good,1333.5,2.7,0.0,2760.404,1189.043,1003.229,2651.079,1151.914,0.3153,0.1358,0.1146,0.3028,0.1316,0.378,1.185
6567,6566577,Neutral,good,1333.0,3.7,0.0,2439.283,3305.191,1764.601,2408.959,1325.826,0.2169,0.2940,0.1569,0.2142,0.1179,0.733,1.873
6568,6567577,Neutral,good,1333.3,3.1,0.0,5707.353,6668.983,2203.338,636.671,855.916,0.3551,0.4149,0.1371,0.0396,0.0533,3.461,3.027
6569,6568577,Neutral,good,1333.3,3.5,0.0,21959.594,2998.005,3736.272,16635.174,4935.059,0.4369,0.0596,0.0743,0.3310,0.0982,0.225,0.802
6570,6569577,Neutral,good,1333.5,3.2,0.0,15139.172,6438.686,5975.906,11474.083,614.390,0.3819,0.1624,0.1507,0.2894,0.0155,0.521,1.077
6571,6570577,Neutral,good,1333.3,4.0,0.0,6227.785,3044.368,483.324,10926.488,8556.683,0.2130,0.1041,0.0165,0.3737,0.2926,0.044,6.299
6572,6571577,Neutral,good,1333.6,3.2,0.0,8755.153,756.021,1443.871,2708.001,1826.309,0.5652,0.0488,0.0932,0.1748,0.1179,0.533,0.524
6573,6572577,Neutral,good,1333.5,3.4,0.0,7306.760,5051.374,2944.066,3609.210,1878.675,0.3515,0.2430,0.1416,0.1736,0.0904,0.816,1.716
6574,6573577,Neutral,good,1333.9,4.5,0.0,38660.066,12578.688,8239.487,15644.378,9026.669,0.4594,0.1495,0.0979,0.1859,0.1073,0.527,1.527
6575,6574577,Neutral,good,1333.3,3.4,0.0,431.347,5645.823,2625.195,15893.256,6273.117,0.0140,0.1829,0.0850,0.5149,0.2032,0.165,2.151
6576,6575577,Neutral,good,1333.3,3.6,0.0,5464.746,4111.527,1060.358,1749.830,582.659,0.4214,0.3170,0.0818,0.1349,0.0449,0.606,3.877
6577,6576577,Neutral,good,1334.1,4.1,0.0,8673.344,15713.018,4617.139,7860.939,1607.362,0.2254,0.4084,0.1200,0.2043,0.0418,0.587,3.403
6578,6577577,Neutral,good,1333.0,3.0,0.0,12771.321,4479.175,3964.197,5548.384,2634.043,0.4344,0.1524,0.1348,0.1887,0.0896,0.714,1.130
6579,6578577,Neutral,good,1333.9,3.6,0.0,7136.220,5530.682,1489.337,3956.545,969.061,0.3740,0.2898,0.0780,0.2073,0.0508,0.376,3.714
6580,6579577,Neutral,good,1333.6,3.2,0.0,2666.728,10384.854,8414.466,5131.156,3662.091,0.0881,0.3432,0.2781,0.1696,0.1210,1.640,1.234
6581,6580576,Neutral,good,1333.9,3.8,0.0,6751.150,6974.115,8235.924,12489.789,1615.739,0.1872,0.1934,0.2284,0.3463,0.0448,0.659,0.847
6582,6581577,Neutral,good,1333.4,3.3,0.0,986.227,5158.560,11216.742,8193.678,2613.419,0.0350,0.1831,0.3982,0.2909,0.0928,1.369,0.460
6583,6582576,Neutral,good,1333.4,3.3,0.0,1663.994,5798.709,4417.261,3272.230,610.089,0.1056,0.3679,0.2802,0.2076,0.0387,1.350,1.313
6584,6583576,Neutral,good,1332.7,3.6,0.0,4489.520,6745.984,7263.857,5004.129,930.277,0.1837,0.2761,0.2973,0.2048,0.0381,1.452,0.929
6585,6584576,Neutral,good,1332.0,2.9,0.0,2234.444,1410.544,431.395,2459.662,1735.900,0.2701,0.1705,0.0522,0.2973,0.2099,0.175,3.270
6586,6585576,Neutral,good,1332.8,3.5,0.0,9938.315,8559.147,633.879,4750.675,5188.715,0.3419,0.2944,0.0218,0.1634,0.1785,0.133,13.503
6587,6586576,Neutral,good,1333.1,3.2,0.0,720.387,3912.725,538.958,7364.241,2829.566,0.0469,0.2546,0.0351,0.4793,0.1841,0.073,7.260
6588,6587576,Neutral,good,1333.2,4.3,0.0,3479.629,6433.195,3332.072,3541.312,2446.358,0.1809,0.3345,0.1733,0.1841,0.1272,0.941,1.931
6589,6588576,Neutral,good,1333.4,3.6,0.0,1345.276,5801.070,6537.044,14018.357,9283.415,0.0364,0.1568,0.1767,0.3790,0.2510,0.466,0.887
6590,6589576,Neutral,good,1332.8,3.1,0.0,4760.154,1565.786,1265.773,4533.624,3102.868,0.3126,0.1028,0.0831,0.2977,0.2038,0.279,1.237
6591,6590576,Neutral,good,1332.9,3.4,0.0,214.233,6759.603,5279.263,5361.137,3586.819,0.0101,0.3188,0.2490,0.2529,0.1692,0.985,1.280
6592,6591576,Neutral,good,1333.8,3.4,0.0,2319.860,3130.853,1782.195,5019.597,3448.231,0.1478,0.1994,0.1135,0.3197,0.2196,0.355,1.757
6593,6592576,Neutral,good,1333.5,3.7,0.0,1099.042,4972.838,5512.655,4907.738,4021.427,0.0536,0.2424,0.2687,0.2392,0.1960,1.123,0.902
6594,6593576,Neutral,good,1333.2,3.6,0.0,1114.871,2448.702,1943.018,3651.349,1570.240,0.1039,0.2282,0.1811,0.3404,0.1464,0.532,1.260
6595,6594576,Neutral,good,1333.4,3.6,0.0,1042.181,10574.446,9729.064,2651.709,1556.474,0.0408,0.4138,0.3807,0.1038,0.0609,3.669,1.087
6596,6595576,Neutral,good,1332.9,2.5,0.0,11412.802,3783.434,5244.204,4597.257,658.468,0.4441,0.1472,0.2041,0.1789,0.0256,1.141,0.721
6597,6596576,Neutral,good,1332.2,3.1,0.0,2479.821,4200.263,3274.372,3700.264,2616.605,0.1524,0.2581,0.2012,0.2274,0.1608,0.885,1.283
6598,6597575,Neutral,good,1332.2,3.3,0.0,27438.914,12832.039,4670.817,1844.443,2919.578,0.5520,0.2582,0.0940,0.0371,0.0587,2.532,2.747
6599,6598575,Neutral,good,1333.4,3.8,0.0,8236.957,5741.433,616.876,5618.370,5332.111,0.3224,0.2248,0.0241,0.2199,0.2087,0.110,9.307
6600,6599575,Neutral,good,1333.1,4.2,0.0,29248.371,29121.143,23660.449,18978.529,4183.328,0.2780,0.2768,0.2249,0.1804,0.0398,1.247,1.231
6601,6600575,Neutral,good,1332.8,3.6,0.0,2157.961,3232.274,5710.935,7108.378,1173.166,0.1113,0.1668,0.2946,0.3667,0.0605,0.803,0.566
6602,6601575,Neutral,good,1333.8,3.2,0.0,1427.625,2428.630,2160.562,2593.957,1423.302,0.1423,0.2420,0.2153,0.2585,0.1418,0.833,1.124
6603,6602575,Neutral,good,1332.6,3.6,0.0,4957.738,4945.484,1344.377,6661.224,3719.621,0.2292,0.2287,0.0622,0.3080,0.1720,0.202,3.679
6604,6603575,Neutral,good,1333.0,2.4,0.0,575.487,1248.730,1066.191,6127.692,2728.031,0.0490,0.1063,0.0908,0.5217,0.2322,0.174,1.171
6605,6604575,Neutral,good,1332.3,3.9,0.0,1738.307,6652.416,4729.733,3503.196,3073.388,0.0883,0.3377,0.2401,0.1779,0.1560,1.350,1.407
6606,6605575,Neutral,good,1331.9,3.3,0.0,2061.105,1757.015,2852.286,10582.627,1792.001,0.1082,0.0923,0.1498,0.5557,0.0941,0.270,0.616
6607,6606575,Neutral,good,1332.7,3.6,0.0,257.800,1772.063,5834.550,4963.266,2229.719,0.0171,0.1177,0.3875,0.3296,0.1481,1.176,0.304
6608,6607575,Neutral,good,1333.3,3.8,0.0,21966.127,4598.077,2131.393,5666.984,2490.343,0.5960,0.1248,0.0578,0.1538,0.0676,0.376,2.157
6609,6608575,Neutral,good,1333.7,3.7,0.0,1241.971,1282.191,1648.180,8247.654,4059.464,0.0754,0.0778,0.1000,0.5005,0.2463,0.200,0.778
6610,6609575,Neutral,good,1332.8,2.9,0.0,451.556,609.030,1096.745,1780.321,3901.176,0.0576,0.0777,0.1399,0.2271,0.4977,0.616,0.555
6611,6610575,Neutral,good,1333.4,3.5,0.0,12828.633,3402.633,2032.779,3664.747,1091.378,0.5573,0.1478,0.0883,0.1592,0.0474,0.555,1.674
6612,6611575,Neutral,good,1333.2,2.7,0.0,946.948,3436.241,1413.078,8358.862,2004.795,0.0586,0.2126,0.0874,0.5173,0.1241,0.169,2.432
6613,6612575,Neutral,good,1333.2,3.4,0.0,1262.504,5441.174,7457.897,7616.632,885.814,0.0557,0.2401,0.3291,0.3361,0.0391,0.979,0.730
6614,6613574,Neutral,good,1334.2,3.5,0.0,20806.904,5348.729,4716.407,5245.371,1339.340,0.5555,0.1428,0.1259,0.1400,0.0358,0.899,1.134
6615,6614574,Neutral,good,1333.2,3.0,0.0,633.130,2736.192,2114.965,3367.963,3325.802,0.0520,0.2247,0.1737,0.2766,0.2731,0.628,1.294
6616,6615574,Neutral,good,1333.8,3.3,0.0,5796.604,500.905,959.114,3924.233,1017.057,0.4752,0.0411,0.0786,0.3217,0.0834,0.244,0.522
6617,6616574,Neutral,good,1333.0,3.4,0.0,15642.216,2231.522,2236.479,1835.664,1574.633,0.6650,0.0949,0.0951,0.0780,0.0669,1.218,0.998
6618,6617574,Neutral,good,1333.1,2.9,0.0,2120.582,229.258,360.866,1331.548,700.054,0.4472,0.0483,0.0761,0.2808,0.1476,0.271,0.635
6619,6618574,Neutral,good,1332.7,3.2,0.0,1248.713,1479.420,1686.876,3346.694,3707.313,0.1089,0.1290,0.1471,0.2918,0.3232,0.504,0.877
6620,6619574,Neutral,good,1333.2,3.9,0.0,8468.145,6142.020,5615.135,26373.660,5647.255,0.1621,0.1176,0.1075,0.5048,0.1081,0.213,1.094
6621,6620574,Neutral,good,1332.6,3.4,0.0,1845.265,3320.807,3715.950,4552.788,3609.211,0.1083,0.1948,0.2180,0.2671,0.2118,0.816,0.894
6622,6621574,Neutral,good,1332.9,3.7,0.0,5552.356,354.898,988.381,4700.237,1825.002,0.4137,0.0264,0.0736,0.3502,0.1360,0.210,0.359
6623,6622574,Neutral,good,1333.0,3.3,0.0,2804.282,3095.703,480.207,3414.506,2708.085,0.2243,0.2476,0.0384,0.2731,0.2166,0.141,6.447
6624,6623574,Neutral,good,1334.1,3.9,0.0,7248.888,5602.777,7655.776,7489.556,1922.584,0.2423,0.1873,0.2559,0.2503,0.0643,1.022,0.732
6625,6624574,Neutral,good,1333.4,3.5,0.0,11993.742,8040.916,3880.802,1694.796,939.287,0.4517,0.3029,0.1462,0.0638,0.0354,2.290,2.072
6626,6625574,Neutral,good,1332.4,3.7,0.0,2967.242,549.000,2308.631,3828.683,962.444,0.2795,0.0517,0.2175,0.3607,0.0907,0.603,0.238
6627,6626574,Neutral,good,1333.3,3.1,0.0,2948.486,2134.835,2511.641,4504.605,325.190,0.2373,0.1718,0.2021,0.3626,0.0262,0.558,0.850
6628,6627574,Neutral,good,1333.6,3.9,0.0,17678.180,17955.170,6961.177,7905.976,1447.412,0.3403,0.3456,0.1340,0.1522,0.0279,0.880,2.579
6629,6628573,Neutral,good,1333.1,3.1,0.0,14049.741,21784.350,17405.520,19468.570,7418.956,0.1753,0.2719,0.2172,0.2430,0.0926,0.894,1.252
6630,6629573,Neutral,good,1332.3,4.2,0.0,4031.846,5778.195,3488.034,7911.733,5236.271,0.1525,0.2185,0.1319,0.2992,0.1980,0.441,1.657
6631,6630573,Neutral,good,1332.2,3.4,0.0,7512.093,1405.760,3604.639,14420.120,5088.145,0.2345,0.0439,0.1125,0.4502,0.1589,0.250,0.390
6632,6631573,Neutral,good,1332.5,3.9,0.0,6085.389,5976.467,3482.195,3742.241,7771.962,0.2249,0.2209,0.1287,0.1383,0.2872,0.931,1.716
6633,6632573,Neutral,good,1332.8,2.6,0.0,1163.048,808.310,1756.850,1366.774,276.384,0.2165,0.1505,0.3271,0.2545,0.0515,1.285,0.460
6634,6633573,Neutral,good,1333.1,3.6,0.0,1356.617,4850.085,6207.892,8906.479,2497.777,0.0570,0.2036,0.2606,0.3739,0.1049,0.697,0.781
6635,6634573,Neutral,good,1332.8,3.5,0.0,1845.577,9747.947,6180.405,6199.421,1535.552,0.0724,0.3821,0.2423,0.2430,0.0602,0.997,1.577
6636,6635573,Neutral,good,1333.0,3.1,0.0,685.286,1979.777,1148.976,2050.177,1037.946,0.0993,0.2868,0.1665,0.2970,0.1504,0.560,1.723
6637,6636573,Neutral,good,1333.9,3.1,0.0,3909.597,309.297,2136.090,10563.280,1622.636,0.2109,0.0167,0.1152,0.5697,0.0875,0.202,0.145
6638,6637573,Neutral,good,1333.0,3.6,0.0,9648.751,7445.135,3692.831,5741.357,3154.076,0.3251,0.2508,0.1244,0.1934,0.1063,0.643,2.016
6639,6638573,Neutral,good,1332.8,3.0,0.0,1351.145,756.065,1578.846,4439.286,1254.346,0.1441,0.0806,0.1683,0.4733,0.1337,0.356,0.479
6640,6639573,Neutral,good,1332.5,3.7,0.0,3501.233,12054.482,13243.751,13217.250,4519.812,0.0752,0.2590,0.2846,0.2840,0.0971,1.002,0.910
6641,6640573,Neutral,good,1333.3,3.6,0.0,805.664,4916.345,2264.839,3532.577,4434.736,0.0505,0.3082,0.1420,0.2214,0.2780,0.641,2.171
6642,6641573,Neutral,good,1333.8,3.7,0.0,3740.268,2602.057,2514.960,2653.927,1011.831,0.2987,0.2078,0.2008,0.2119,0.0808,0.948,1.035
6643,6642573,Neutral,good,1333.6,3.4,0.0,3033.805,3503.288,1451.002,9438.911,3259.719,0.1467,0.1693,0.0701,0.4563,0.1576,0.154,2.414
6644,6643573,Neutral,good,1333.0,2.7,0.0,2249.610,3379.989,4268.124,6408.042,888.957,0.1308,0.1966,0.2482,0.3727,0.0517,0.666,0.792
6645,6644573,Neutral,good,1333.2,3.1,0.0,9105.770,4460.725,2066.590,1950.240,2615.364,0.4508,0.2208,0.1023,0.0966,0.1295,1.060,2.158
6646,6645572,Neutral,good,1332.4,3.1,0.0,814.029,2722.313,1671.526,2985.177,2624.447,0.0753,0.2517,0.1545,0.2760,0.2426,0.560,1.629
6647,6646572,Neutral,good,1332.9,3.6,0.0,2130.062,2916.383,1220.670,4610.298,2265.701,0.1621,0.2219,0.0929,0.3508,0.1724,0.265,2.389
6648,6647572,Neutral,good,1332.6,3.4,0.0,8345.010,11637.055,10200.701,6418.147,3092.568,0.2102,0.2932,0.2570,0.1617,0.0779,1.589,1.141
6649,6648572,Neutral,good,1332.3,3.2,0.0,5481.807,6367.264,8472.195,10879.794,476.486,0.1731,0.2010,0.2675,0.3435,0.0150,0.779,0.752
6650,6649572,Neutral,good,1332.8,3.5,0.0,2053.370,9686.195,6820.570,11719.217,3433.343,0.0609,0.2873,0.2023,0.3476,0.1018,0.582,1.420
6651,6650572,Neutral,good,1333.1,3.3,0.0,4555.394,3212.320,2057.022,8083.192,1330.845,0.2368,0.1670,0.1069,0.4202,0.0692,0.254,1.562
6652,6651572,Neutral,good,1333.1,3.2,0.0,4183.058,8623.011,3804.237,2620.009,2177.917,0.1954,0.4028,0.1777,0.1224,0.1017,1.452,2.267
6653,6652572,Neutral,good,1332.5,3.6,0.0,2845.353,3316.577,1463.500,3864.482,4428.226,0.1787,0.2084,0.0919,0.2428,0.2782,0.379,2.266
6654,6653572,Neutral,good,1333.8,3.9,0.0,1920.801,4795.800,3509.255,5107.367,6030.726,0.0899,0.2245,0.1643,0.2391,0.2823,0.687,1.367
6655,6654572,Neutral,good,1333.4,3.1,0.0,1794.800,2863.741,1889.514,5167.492,2640.028,0.1250,0.1995,0.1316,0.3600,0.1839,0.366,1.516
6656,6655572,Neutral,good,1333.1,3.7,0.0,10055.126,2217.849,4220.892,3175.727,847.946,0.4901,0.1081,0.2057,0.1548,0.0413,1.329,0.525
6657,6656572,Neutral,good,1332.9,3.9,0.0,1031.519,3895.792,1350.703,10430.421,2407.714,0.0540,0.2038,0.0707,0.5456,0.1260,0.129,2.884
6658,6657572,Neutral,good,1333.6,3.3,0.0,4922.314,4020.703,6948.583,11794.880,2994.229,0.1604,0.1310,0.2265,0.3844,0.0976,0.589,0.579
6659,6658572,Neutral,good,1333.0,3.2,0.0,3151.751,958.099,1328.505,6494.996,2729.712,0.2149,0.0653,0.0906,0.4429,0.1862,0.205,0.721
6660,6659571,Neutral,good,1332.7,3.0,0.0,2622.726,2301.082,1498.327,1176.113,526.840,0.3228,0.2832,0.1844,0.1448,0.0648,1.274,1.536
6661,6660571,Neutral,good,1333.5,4.0,0.0,2421.819,8256.222,11010.796,4122.687,887.136,0.0907,0.3092,0.4124,0.1544,0.0332,2.671,0.750
6662,6661571,Neutral,good,1333.5,4.5,0.0,6169.867,8881.449,10567.558,8084.022,3286.448,0.1668,0.2401,0.2857,0.2185,0.0888,1.307,0.840
6663,6662571,Neutral,good,1333.2,3.1,0.0,3501.558,1053.506,1933.767,3730.899,2379.670,0.2779,0.0836,0.1535,0.2961,0.1889,0.518,0.545
6664,6663571,Neutral,good,1333.2,3.7,0.0,3022.475,2037.536,596.043,2300.376,1884.589,0.3071,0.2070,0.0606,0.2338,0.1915,0.259,3.418
6665,6664571,Neutral,good,1332.5,3.3,0.0,2976.590,3615.762,2074.959,4578.848,1580.413,0.2008,0.2439,0.1399,0.3088,0.1066,0.453,1.743
6666,6665571,Neutral,good,1332.3,3.6,0.0,6923.846,3900.479,844.539,6681.473,1414.756,0.3503,0.1973,0.0427,0.3380,0.0716,0.126,4.618
6667,6666571,Neutral,good,1332.7,3.6,0.0,2513.975,3233.038,2707.148,5564.558,1575.442,0.1612,0.2073,0.1736,0.3568,0.1010,0.486,1.194
6668,6667571,Neutral,good,1331.9,2.8,0.0,4140.850,2513.211,3885.642,5108.188,1524.376,0.2411,0.1464,0.2263,0.2975,0.0888,0.761,0.647
6669,6668571,Neutral,good,1332.8,3.1,0.0,2892.325,6877.896,6618.521,3878.223,1029.936,0.1358,0.3230,0.3108,0.1821,0.0484,1.707,1.039
6670,6669571,Neutral,good,1332.4,3.1,0.0,845.590,2667.228,2255.815,11655.196,988.028,0.0459,0.1449,0.1225,0.6330,0.0537,0.194,1.182
6671,6670571,Neutral,good,1332.4,4.1,0.0,7752.198,6913.558,5235.408,13059.694,1783.343,0.2231,0.1990,0.1507,0.3759,0.0513,0.401,1.321
6672,6671571,Neutral,good,1331.8,3.3,0.0,3748.193,1737.611,1093.584,2337.557,1101.068,0.3741,0.1734,0.1092,0.2333,0.1099,0.468,1.589
6673,6672571,Neutral,good,1331.9,4.0,0.0,5526.661,6628.073,1367.754,7007.292,4000.554,0.2253,0.2702,0.0558,0.2857,0.1631,0.195,4.846
6674,6673571,Neutral,good,1332.6,3.3,0.0,896.126,1103.905,1426.470,5960.500,4548.373,0.0643,0.0792,0.1024,0.4277,0.3264,0.239,0.774
6675,6674571,Neutral,good,1332.4,3.3,0.0,4301.405,2175.666,1132.336,871.159,826.609,0.4622,0.2338,0.1217,0.0936,0.0888,1.300,1.921
6676,6675570,Neutral,good,1332.3,3.6,0.0,277.174,4899.188,3787.317,3236.284,1158.579,0.0207,0.3667,0.2835,0.2423,0.0867,1.170,1.294
6677,6676570,Neutral,good,1332.4,3.2,0.0,10396.909,10235.310,4102.489,2622.351,2056.338,0.3535,0.3480,0.1395,0.0892,0.0699,1.564,2.495
6678,6677570,Neutral,good,1331.8,3.4,0.0,3021.982,3689.620,3105.056,2643.930,1902.912,0.2104,0.2569,0.2162,0.1841,0.1325,1.174,1.188
6679,6678570,Neutral,good,1333.3,3.8,0.0,4844.235,4292.094,2702.482,7705.081,2544.255,0.2193,0.1943,0.1223,0.3488,0.1152,0.351,1.588
6680,6679570,Neutral,good,1333.0,3.4,0.0,4731.598,2387.366,1009.233,1731.785,2333.273,0.3881,0.1958,0.0828,0.1420,0.1914,0.583,2.366
6681,6680570,Neutral,good,1332.2,3.1,0.0,14464.881,6403.967,4774.264,3830.469,1126.901,0.4727,0.2093,0.1560,0.1252,0.0368,1.246,1.341
6682,6681570,Neutral,good,1332.7,3.6,0.0,5897.270,2527.601,1346.259,4876.170,4219.743,0.3126,0.1340,0.0714,0.2584,0.2237,0.276,1.877
6683,6682570,Neutral,good,1332.8,3.7,0.0,968.320,678.764,330.249,2294.652,1268.272,0.1748,0.1225,0.0596,0.4142,0.2289,0.144,2.055
6684,6683570,Neutral,good,1332.5,2.8,0.0,734.472,2762.415,4291.344,2090.810,1342.731,0.0655,0.2462,0.3824,0.1863,0.1197,2.052,0.644
6685,6684570,Neutral,good,1331.7,3.0,0.0,5090.972,699.655,2421.901,3172.148,2535.939,0.3657,0.0503,0.1740,0.2279,0.1822,0.763,0.289
6686,6685570,Neutral,good,1330.4,2.8,0.0,704.655,641.010,1097.452,2665.776,1968.195,0.0996,0.0906,0.1551,0.3767,0.2781,0.412,0.584
6687,6686570,Neutral,good,1329.6,3.0,0.0,3538.033,1091.949,1626.995,3880.578,1760.687,0.2974,0.0918,0.1367,0.3261,0.1480,0.419,0.671
6688,6687570,Neutral,good,1330.4,3.0,0.0,4373.741,2105.741,2210.175,3767.123,1562.248,0.3120,0.1502,0.1577,0.2687,0.1114,0.587,0.953
6689,6688570,Neutral,good,1331.7,4.0,0.0,8777.369,8175.208,3873.376,4580.345,1023.786,0.3321,0.3093,0.1466,0.1733,0.0387,0.846,2.111
6690,6689570,Neutral,good,1331.6,3.5,0.0,776.386,3816.944,3140.627,4418.013,1279.811,0.0578,0.2842,0.2338,0.3289,0.0953,0.711,1.215
6691,6690570,Neutral,good,1332.6,2.9,0.0,3126.593,2992.619,1350.377,1053.619,3030.775,0.2706,0.2590,0.1169,0.0912,0.2623,1.282,2.216
6692,6691569,Neutral,good,1331.9,3.8,0.0,888.847,2763.214,1481.344,6327.253,867.062,0.0721,0.2241,0.1202,0.5133,0.0703,0.234,1.865
6693,6692569,Neutral,good,1333.2,3.8,0.0,3750.018,4235.595,2190.677,13000.722,1248.195,0.1535,0.1734,0.0897,0.5323,0.0511,0.169,1.933
6694,6693569,Neutral,good,1331.7,3.0,0.0,952.474,1243.491,3227.950,5729.987,1647.467,0.0744,0.0971,0.2522,0.4476,0.1287,0.563,0.385
6695,6694569,Neutral,good,1333.3,3.0,0.0,5995.384,11850.896,4199.935,2431.436,1170.167,0.2338,0.4621,0.1638,0.0948,0.0456,1.727,2.822
6696,6695569,Neutral,good,1332.0,3.3,0.0,3389.031,4188.302,1919.710,2053.212,1194.399,0.2659,0.3286,0.1506,0.1611,0.0937,0.935,2.182
6697,6696569,Neutral,good,1333.1,3.2,0.0,1598.475,1772.137,954.304,10231.754,4218.741,0.0851,0.0944,0.0508,0.5450,0.2247,0.093,1.857
6698,6697569,Neutral,good,1332.6,3.6,0.0,4037.135,1747.198,511.545,5628.078,3401.866,0.2634,0.1140,0.0334,0.3672,0.2220,0.091,3.416
6699,6698569,Neutral,good,1330.5,3.0,0.0,3312.471,800.115,2893.167,5030.240,1178.473,0.2507,0.0605,0.2189,0.3807,0.0892,0.575,0.277
6700,6699569,Neutral,good,1330.9,3.9,0.0,198.356,6481.078,7180.230,2811.519,1087.275,0.0112,0.3650,0.4043,0.1583,0.0612,2.554,0.903
6701,6700569,Neutral,good,1330.4,2.6,0.0,907.742,583.197,739.258,10120.501,1839.236,0.0640,0.0411,0.0521,0.7132,0.1296,0.073,0.789
6702,6701569,Neutral,good,1330.4,3.2,0.0,9991.249,557.280,35.461,1031.506,532.581,0.8225,0.0459,0.0029,0.0849,0.0438,0.034,15.715
6703,6702569,Neutral,good,1331.5,3.5,0.0,5315.534,1234.422,1486.150,3065.572,1244.797,0.4305,0.1000,0.1204,0.2483,0.1008,0.485,0.831
6704,6703569,Neutral,good,1331.1,3.3,0.0,6140.288,337.400,2122.927,7316.038,1020.779,0.3625,0.0199,0.1253,0.4319,0.0603,0.290,0.159
6705,6704569,Neutral,good,1332.6,3.4,0.0,12049.989,3911.716,3729.622,6176.162,1881.472,0.4343,0.1410,0.1344,0.2226,0.0678,0.604,1.049
6706,6705569,Neutral,good,1332.7,3.2,0.0,2814.602,248.892,439.650,6364.045,4402.518,0.1972,0.0174,0.0308,0.4460,0.3085,0.069,0.566
6707,6706568,Neutral,good,1332.5,3.2,0.0,2948.409,2550.164,1392.906,11376.902,676.566,0.1556,0.1346,0.0735,0.6005,0.0357,0.122,1.831
6708,6707568,Neutral,good,1333.2,3.0,0.0,1108.749,7736.170,3804.051,5051.494,2699.253,0.0544,0.3792,0.1865,0.2476,0.1323,0.753,2.034
6709,6708568,Neutral,good,1332.8,3.3,0.0,576.027,1054.631,1917.360,10163.021,2791.417,0.0349,0.0639,0.1162,0.6158,0.1692,0.189,0.550
6710,6709568,Neutral,good,1333.1,2.9,0.0,5814.472,2796.237,2799.910,3566.156,3339.733,0.3174,0.1527,0.1529,0.1947,0.1823,0.785,0.999
6711,6710568,Neutral,good,1332.8,4.2,0.0,5333.120,12176.195,9838.101,5902.138,1502.079,0.1535,0.3504,0.2831,0.1698,0.0432,1.667,1.238
6712,6711568,Neutral,good,1333.0,4.3,0.0,6975.373,3301.870,1692.018,2925.171,1857.278,0.4164,0.1971,0.1010,0.1746,0.1109,0.578,1.951
6713,6712568,Neutral,good,1332.3,3.3,0.0,8567.239,877.006,752.765,3238.286,611.965,0.6099,0.0624,0.0536,0.2305,0.0436,0.232,1.165
6714,6713568,Neutral,good,1333.2,3.6,0.0,3033.815,7507.359,1966.432,6267.521,1765.968,0.1477,0.3655,0.0957,0.3051,0.0860,0.314,3.818
6715,6714568,Neutral,good,1332.6,3.4,0.0,4238.266,4614.890,6625.202,6728.298,1152.730,0.1814,0.1976,0.2836,0.2880,0.0493,0.985,0.697
6716,6715568,Neutral,good,1332.4,3.3,0.0,2277.033,4215.479,5180.156,8692.670,2226.026,0.1008,0.1866,0.2293,0.3848,0.0985,0.596,0.814
6717,6716568,Neutral,good,1333.5,3.6,0.0,21568.588,2864.565,5823.724,9505.968,6818.263,0.4630,0.0615,0.1250,0.2041,0.1464,0.613,0.492
6718,6717568,Neutral,good,1332.6,2.8,0.0,1027.761,854.774,808.119,2780.408,1910.726,0.1392,0.1158,0.1095,0.3767,0.2588,0.291,1.058
6719,6718568,Neutral,good,1333.3,3.2,0.0,952.738,1430.827,1108.550,3510.741,1068.025,0.1180,0.1773,0.1374,0.4350,0.1323,0.316,1.291
6720,6719568,Neutral,good,1333.1,3.8,0.0,10510.153,9757.370,818.524,4517.975,3623.520,0.3596,0.3338,0.0280,0.1546,0.1240,0.181,11.921
6721,6720568,Neutral,good,1332.3,3.4,0.0,1941.095,3464.896,3571.937,3404.463,2143.244,0.1336,0.2385,0.2459,0.2344,0.1475,1.049,0.970
6722,6721567,Neutral,good,1332.4,3.3,0.0,2575.791,1354.359,1789.381,5660.207,1898.775,0.1940,0.1020,0.1348,0.4263,0.1430,0.316,0.757
6723,6722567,Neutral,good,1331.9,3.2,0.0,3788.486,629.611,2180.698,5548.903,2385.407,0.2607,0.0433,0.1501,0.3818,0.1641,0.393,0.289
6724,6723567,Neutral,good,1331.8,3.6,0.0,5929.615,8366.498,3809.146,4751.166,2216.075,0.2365,0.3337,0.1519,0.1895,0.0884,0.802,2.196
6725,6724567,Neutral,good,1332.8,3.7,0.0,6708.173,8767.373,3406.769,6703.225,2040.523,0.2428,0.3174,0.1233,0.2426,0.0739,0.508,2.574
6726,6725567,Neutral,good,1333.6,3.4,0.0,4913.910,7449.463,4947.128,5269.803,3083.191,0.1915,0.2903,0.1928,0.2053,0.1201,0.939,1.506
6727,6726567,Neutral,good,1333.6,3.0,0.0,2421.908,1806.447,3123.469,2811.465,4135.575,0.1694,0.1263,0.2184,0.1966,0.2892,1.111,0.578
6728,6727567,Neutral,good,1333.1,3.5,0.0,4029.920,7725.090,7242.304,11818.002,4510.079,0.1141,0.2187,0.2050,0.3345,0.1277,0.613,1.067
6729,6728567,Neutral,good,1332.7,3.4,0.0,2821.240,1007.043,970.313,2826.855,1731.452,0.3015,0.1076,0.1037,0.3021,0.1850,0.343,1.038
6730,6729567,Neutral,good,1332.6,2.8,0.0,2382.972,1049.172,1397.278,1526.340,1296.507,0.3114,0.1371,0.1826,0.1995,0.1694,0.915,0.751
6731,6730567,Neutral,good,1331.6,3.8,0.0,4541.474,1594.985,3404.806,17725.539,5166.772,0.1400,0.0492,0.1050,0.5465,0.1593,0.192,0.468
6732,6731567,Neutral,good,1331.4,3.4,0.0,915.213,3196.836,2196.960,2482.689,1234.147,0.0913,0.3189,0.2191,0.2476,0.1231,0.885,1.455
6733,6732567,Neutral,good,1332.0,3.9,0.0,35470.676,2546.427,2219.710,6300.526,1507.473,0.7383,0.0530,0.0462,0.1311,0.0314,0.352,1.147
6734,6733567,Neutral,good,1332.1,3.0,0.0,1857.380,2277.945,1475.483,2175.178,1191.338,0.2069,0.2537,0.1644,0.2423,0.1327,0.678,1.544
6735,6734567,Neutral,good,1332.4,3.4,0.0,16179.418,9026.355,1751.958,4585.810,4297.150,0.4514,0.2518,0.0489,0.1279,0.1199,0.382,5.152
6736,6735567,Neutral,good,1332.3,3.6,0.0,9092.861,5559.738,3573.856,6851.657,4519.249,0.3072,0.1878,0.1207,0.2315,0.1527,0.522,1.556
6737,6736567,Neutral,good,1332.3,3.9,0.0,9276.457,1717.706,946.393,5486.128,2900.376,0.4564,0.0845,0.0466,0.2699,0.1427,0.173,1.815
6738,6737567,Neutral,good,1332.4,2.8,0.0,5429.358,7848.120,4444.111,2352.052,1685.105,0.2495,0.3607,0.2042,0.1081,0.0774,1.889,1.766
6739,6738566,Neutral,good,1332.3,3.0,0.0,2657.302,2120.363,1757.905,5748.651,2013.213,0.1859,0.1483,0.1230,0.4021,0.1408,0.306,1.206
6740,6739566,Neutral,good,1332.1,2.9,0.0,1871.014,1308.918,5044.593,3168.690,1935.301,0.1404,0.0982,0.3785,0.2377,0.1452,1.592,0.259
6741,6740566,Neutral,good,1332.2,3.2,0.0,4029.601,387.507,4598.688,10429.633,1020.976,0.1969,0.0189,0.2247,0.5096,0.0499,0.441,0.084
6742,6741566,Neutral,good,1332.6,2.8,0.0,11177.288,1733.243,753.043,4589.101,367.180,0.6003,0.0931,0.0404,0.2465,0.0197,0.164,2.302
6743,6742566,Neutral,good,1332.5,3.4,0.0,4710.460,3429.119,869.727,1371.428,3390.232,0.3421,0.2490,0.0632,0.0996,0.2462,0.634,3.943
6744,6743566,Neutral,good,1332.3,4.2,0.0,30859.695,5460.090,3611.661,8349.464,1708.148,0.6173,0.1092,0.0722,0.1670,0.0342,0.433,1.512
6745,6744566,Neutral,good,1330.5,3.6,0.0,3128.874,681.674,1352.748,18894.607,5201.058,0.1069,0.0233,0.0462,0.6458,0.1778,0.072,0.504
6746,6745566,Neutral,good,1330.1,2.8,0.0,3608.084,6949.027,5501.628,5589.599,1697.869,0.1545,0.2977,0.2357,0.2394,0.0727,0.984,1.263
6747,6746566,Neutral,good,1331.6,3.7,0.0,13646.650,17901.654,15426.410,8060.652,1180.299,0.2428,0.3184,0.2744,0.1434,0.0210,1.914,1.160
6748,6747566,Neutral,good,1332.5,3.9,0.0,29853.500,7502.394,2076.198,6185.491,1090.261,0.6392,0.1606,0.0445,0.1324,0.0233,0.336,3.614
6749,6748566,Neutral,good,1333.2,3.3,0.0,913.590,1573.999,1241.527,4045.103,1301.436,0.1007,0.1734,0.1368,0.4457,0.1434,0.307,1.268
6750,6749566,Neutral,good,1332.6,3.3,0.0,2049.434,6299.481,7772.008,4281.279,2926.486,0.0879,0.2700,0.3332,0.1835,0.1254,1.815,0.811
6751,6750566,Neutral,good,1332.0,2.8,0.0,5270.125,1890.685,1907.772,1205.005,1003.372,0.4673,0.1677,0.1692,0.1069,0.0890,1.583,0.991
6752,6751566,Neutral,good,1331.6,2.9,0.0,2337.316,2925.555,2655.033,2523.476,2443.738,0.1814,0.2270,0.2061,0.1958,0.1897,1.052,1.102
6753,6752566,Neutral,good,1332.0,4.1,0.0,4727.349,1648.072,1829.108,2742.376,2187.287,0.3599,0.1255,0.1393,0.2088,0.1665,0.667,0.901
6754,6753566,Neutral,good,1331.5,4.1,0.0,767.504,1639.357,3110.449,2959.999,2527.945,0.0697,0.1490,0.2826,0.2690,0.2297,1.051,0.527
6755,6754565,Neutral,good,1332.3,3.8,0.0,3573.753,2443.057,4438.033,5056.137,2188.231,0.2019,0.1380,0.2507,0.2857,0.1236,0.878,0.550
6756,6755565,Neutral,good,1332.5,3.5,0.0,4688.813,6178.810,6548.107,18246.861,2206.822,0.1238,0.1632,0.1729,0.4818,0.0583,0.359,0.944
6757,6756565,Neutral,good,1333.0,3.4,0.0,6106.272,8620.427,4390.608,21232.180,3207.281,0.1402,0.1979,0.1008,0.4875,0.0736,0.207,1.963
6758,6757565,Neutral,good,1331.8,3.6,0.0,2669.033,1420.427,2314.952,8656.670,3853.854,0.1411,0.0751,0.1224,0.4577,0.2037,0.267,0.614
6759,6758565,Neutral,good,1333.1,3.6,0.0,5491.782,3483.209,3415.591,4075.458,3161.004,0.2798,0.1775,0.1740,0.2076,0.1611,0.838,1.020
6760,6759565,Neutral,good,1333.2,3.5,0.0,3003.566,2142.198,6602.644,3615.232,936.832,0.1843,0.1314,0.4051,0.2218,0.0575,1.826,0.324
6761,6760565,Neutral,good,1333.1,2.7,0.0,8592.756,7367.379,9822.605,6993.286,352.992,0.2594,0.2224,0.2965,0.2111,0.0107,1.405,0.750
6762,6761565,Neutral,good,1332.3,3.2,0.0,3255.541,6026.415,2864.023,3743.311,2441.023,0.1776,0.3288,0.1562,0.2042,0.1332,0.765,2.104
6763,6762565,Neutral,good,1331.8,3.7,0.0,2216.630,9988.651,9052.048,2054.078,1608.620,0.0889,0.4008,0.3632,0.0824,0.0646,4.407,1.103
6764,6763565,Neutral,good,1332.9,2.8,0.0,5581.767,737.241,1206.479,4586.096,2387.611,0.3850,0.0508,0.0832,0.3163,0.1647,0.263,0.611
6765,6764565,Neutral,good,1332.7,3.4,0.0,1855.340,4947.967,2945.012,3878.666,4296.203,0.1035,0.2761,0.1643,0.2164,0.2397,0.759,1.680
6766,6765565,Neutral,good,1331.2,3.6,0.0,4839.460,7097.363,8355.316,5162.299,2821.027,0.1712,0.2510,0.2955,0.1826,0.0998,1.619,0.849
6767,6766565,Neutral,good,1332.5,3.1,0.0,4471.057,4105.273,1694.104,1802.520,1930.036,0.3193,0.2932,0.1210,0.1287,0.1378,0.940,2.423
6768,6767565,Neutral,good,1332.2,3.4,0.0,3549.600,4685.227,3024.352,3949.899,2604.057,0.1993,0.2630,0.1698,0.2217,0.1462,0.766,1.549
6769,6768565,Neutral,good,1332.4,3.6,0.0,2852.992,923.845,2630.911,3257.918,5682.975,0.1859,0.0602,0.1714,0.2123,0.3703,0.808,0.351
6770,6769564,Neutral,good,1331.6,3.9,0.0,2776.291,4947.853,507.553,5040.801,1623.516,0.1864,0.3322,0.0341,0.3384,0.1090,0.101,9.748
6771,6770564,Neutral,good,1331.3,3.3,0.0,2844.969,813.464,3510.644,4448.486,1310.583,0.2201,0.0629,0.2716,0.3441,0.1014,0.789,0.232
6772,6771564,Neutral,good,1332.3,3.5,0.0,1538.880,1316.883,4336.493,5300.471,240.224,0.1209,0.1034,0.3406,0.4163,0.0189,0.818,0.304
6773,6772564,Neutral,good,1331.7,3.4,0.0,949.143,274.697,1746.558,9417.742,6232.441,0.0510,0.0148,0.0938,0.5058,0.3347,0.185,0.157
6774,6773564,Neutral,good,1332.2,3.1,0.0,1027.717,458.204,990.793,5865.292,1715.084,0.1022,0.0456,0.0985,0.5832,0.1705,0.169,0.462
6775,6774564,Neutral,good,1332.8,3.1,0.0,7896.543,781.799,1873.925,6537.432,2938.160,0.3943,0.0390,0.0936,0.3264,0.1467,0.287,0.417
6776,6775564,Neutral,good,1332.6,3.1,0.0,1690.700,4709.325,2069.596,5060.725,9066.725,0.0748,0.2084,0.0916,0.2240,0.4012,0.409,2.275
6777,6776564,Neutral,good,1332.7,3.4,0.0,5914.775,22125.807,23842.947,6517.870,1249.123,0.0992,0.3709,0.3997,0.1093,0.0209,3.658,0.928
6778,6777564,Neutral,good,1333.2,3.1,0.0,782.125,3338.321,1662.583,3508.098,6867.004,0.0484,0.2066,0.1029,0.2171,0.4250,0.474,2.008
6779,6778564,Neutral,good,1333.3,4.1,0.0,3185.249,5817.478,5733.142,20198.566,3708.604,0.0824,0.1505,0.1484,0.5227,0.0960,0.284,1.015
6780,6779564,Neutral,good,1333.9,3.2,0.0,1792.628,1059.307,2063.567,1845.058,329.564,0.2528,0.1494,0.2910,0.2602,0.0465,1.118,0.513
6781,6780564,Neutral,good,1333.0,3.2,0.0,2449.615,917.112,1351.089,7012.957,4223.116,0.1535,0.0575,0.0847,0.4396,0.2647,0.193,0.679
6782,6781564,Neutral,good,1333.6,3.3,0.0,4137.742,6568.542,3729.563,10521.533,3570.961,0.1450,0.2302,0.1307,0.3688,0.1252,0.354,1.761
6783,6782564,Neutral,good,1332.9,3.0,0.0,5648.838,4372.468,4580.281,810.814,1694.358,0.3302,0.2556,0.2677,0.0474,0.0990,5.649,0.955
6784,6783564,Neutral,good,1332.8,3.8,0.0,11350.428,3904.430,3154.499,7105.966,4107.494,0.3832,0.1318,0.1065,0.2399,0.1387,0.444,1.238
6785,6784564,Neutral,good,1332.9,2.9,0.0,2110.760,1974.033,390.226,2602.795,1675.663,0.2411,0.2255,0.0446,0.2973,0.1914,0.150,5.059
6786,6785564,Neutral,good,1332.3,3.6,0.0,3532.395,5971.198,7974.494,6564.893,1529.625,0.1381,0.2335,0.3118,0.2567,0.0598,1.215,0.749
6787,6786563,Neutral,good,1332.7,3.4,0.0,1489.256,1915.794,2498.777,4516.391,889.280,0.1317,0.1694,0.2209,0.3993,0.0786,0.553,0.767
6788,6787563,Neutral,good,1332.7,3.1,0.0,917.493,1427.833,638.883,1489.545,718.664,0.1767,0.2750,0.1230,0.2869,0.1384,0.429,2.235
6789,6788563,Neutral,good,1332.5,2.7,0.0,408.267,1762.186,260.163,2865.954,745.036,0.0676,0.2917,0.0431,0.4744,0.1233,0.091,6.773
6790,6789563,Neutral,good,1332.3,3.8,0.0,6002.218,6870.207,8291.739,4798.607,545.219,0.2264,0.2592,0.3128,0.1810,0.0206,1.728,0.829
6791,6790563,Neutral,good,1332.4,3.3,0.0,4877.604,5896.160,1066.007,4068.821,1175.690,0.2855,0.3451,0.0624,0.2382,0.0688,0.262,5.531
6792,6791563,Neutral,good,1332.9,3.2,0.0,3321.797,687.572,1159.399,2378.808,2424.558,0.3331,0.0689,0.1163,0.2385,0.2431,0.487,0.593
6793,6792563,Neutral,good,1333.4,3.6,0.0,850.009,2263.435,2636.062,5234.408,765.964,0.0723,0.1926,0.2243,0.4455,0.0652,0.504,0.859
6794,6793563,Neutral,good,1333.8,3.2,0.0,2880.843,881.042,4401.051,3127.647,2263.707,0.2125,0.0650,0.3247,0.2307,0.1670,1.407,0.200
6795,6794563,Neutral,good,1333.3,3.0,0.0,3885.765,10243.460,6608.945,4771.467,2072.196,0.1409,0.3714,0.2396,0.1730,0.0751,1.385,1.550
6796,6795563,Neutral,good,1333.8,3.0,0.0,1050.510,1616.569,2534.371,2711.919,598.280,0.1234,0.1899,0.2978,0.3186,0.0703,0.935,0.638
6797,6796563,Neutral,good,1333.2,2.9,0.0,2903.800,3439.913,2659.552,4986.020,1320.597,0.1897,0.2247,0.1737,0.3257,0.0863,0.533,1.293
6798,6797563,Neutral,good,1333.2,3.1,0.0,5488.740,5322.300,489.312,3636.495,2534.540,0.3142,0.3046,0.0280,0.2081,0.1451,0.135,10.877
6799,6798563,Neutral,good,1332.6,3.2,0.0,4809.047,967.456,2805.722,9927.055,2812.760,0.2255,0.0454,0.1316,0.4656,0.1319,0.283,0.345
6800,6799563,Neutral,good,1333.2,3.1,0.0,6013.383,2116.203,1986.570,2886.308,454.540,0.4469,0.1573,0.1476,0.2145,0.0338,0.688,1.065
6801,6800562,Neutral,good,1332.8,3.1,0.0,1207.519,2928.333,1219.199,4888.670,5826.393,0.0751,0.1822,0.0759,0.3042,0.3626,0.249,2.402
6802,6801562,Neutral,good,1333.1,3.2,0.0,2219.842,1289.094,2803.878,3818.976,2294.691,0.1786,0.1037,0.2256,0.3073,0.1847,0.734,0.460
6803,6802562,Neutral,good,1332.7,3.1,0.0,591.449,1117.911,1133.010,6085.872,1585.551,0.0563,0.1063,0.1078,0.5788,0.1508,0.186,0.987
6804,6803562,Neutral,good,1332.9,3.5,0.0,9689.868,452.948,550.077,2305.042,2174.182,0.6387,0.0299,0.0363,0.1519,0.1433,0.239,0.823
6805,6804562,Neutral,good,1333.8,3.3,0.0,3774.111,4411.550,542.262,5125.926,3220.900,0.2210,0.2584,0.0318,0.3002,0.1886,0.106,8.135
6806,6805562,Neutral,good,1332.3,3.5,0.0,34636.301,27397.471,9380.556,8928.583,2924.833,0.4160,0.3290,0.1127,0.1072,0.0351,1.051,2.921
6807,6806562,Neutral,good,1332.8,3.2,0.0,12217.936,5386.225,1468.656,5780.100,2533.167,0.4461,0.1967,0.0536,0.2111,0.0925,0.254,3.667
6808,6807562,Neutral,good,1333.6,3.8,0.0,6907.800,7140.726,2595.399,4077.970,718.394,0.3222,0.3331,0.1211,0.1902,0.0335,0.636,2.751
6809,6808562,Neutral,good,1332.6,3.2,0.0,1283.571,2270.335,5035.154,2676.926,802.948,0.1064,0.1881,0.4172,0.2218,0.0665,1.881,0.451
6810,6809562,Neutral,good,1333.5,3.0,0.0,2776.814,2304.711,2598.795,4109.012,1896.705,0.2029,0.1684,0.1899,0.3002,0.1386,0.632,0.887
6811,6810562,Neutral,good,1333.1,3.6,0.0,593.095,108.737,8448.426,12065.209,1720.774,0.0259,0.0047,0.3683,0.5260,0.0750,0.700,0.013
6812,6811562,Neutral,good,1333.1,3.8,0.0,9333.034,12076.586,6676.110,4054.990,2298.522,0.2710,0.3507,0.1939,0.1177,0.0667,1.646,1.809
6813,6812562,Neutral,good,1333.2,3.4,0.0,8869.783,1861.196,969.280,4280.994,1184.257,0.5167,0.1084,0.0565,0.2494,0.0690,0.226,1.920
6814,6813562,Neutral,good,1332.9,2.9,0.0,14616.585,4354.611,1029.326,2815.798,4895.060,0.5275,0.1571,0.0371,0.1016,0.1766,0.366,4.231
6815,6814562,Neutral,good,1332.7,3.3,0.0,1400.309,1945.400,1408.677,3450.182,4387.187,0.1112,0.1545,0.1119,0.2740,0.3484,0.408,1.381
6816,6815562,Neutral,good,1333.2,4.2,0.0,970.353,550.697,1886.719,11541.696,2690.484,0.0550,0.0312,0.1070,0.6543,0.1525,0.163,0.292
6817,6816562,Neutral,good,1332.8,3.5,0.0,3251.319,1499.214,1661.750,13439.480,2431.758,0.1459,0.0673,0.0746,0.6031,0.1091,0.124,0.902
6818,6817561,Neutral,good,1332.6,2.9,0.0,6715.581,4062.289,4503.137,5185.445,2537.561,0.2919,0.1766,0.1958,0.2254,0.1103,0.868,0.902
6819,6818561,Neutral,good,1332.5,3.3,0.0,9534.870,2504.980,1795.697,5036.620,1081.119,0.4779,0.1255,0.0900,0.2524,0.0542,0.357,1.395
6820,6819561,Neutral,good,1333.2,2.9,0.0,4613.335,2749.655,3082.311,1328.449,245.953,0.3838,0.2288,0.2564,0.1105,0.0205,2.320,0.892
6821,6820561,Neutral,good,1333.2,3.4,0.0,402.239,2685.026,3960.604,17349.191,3015.380,0.0147,0.0979,0.1445,0.6329,0.1100,0.228,0.678
6822,6821561,Neutral,good,1332.7,2.9,0.0,2623.771,141.638,520.341,4252.899,400.032,0.3305,0.0178,0.0655,0.5357,0.0504,0.122,0.272
6823,6822561,Neutral,good,1333.6,2.6,0.0,1011.428,471.504,722.680,1261.758,561.525,0.2510,0.1170,0.1794,0.3132,0.1394,0.573,0.652
6824,6823561,Neutral,good,1333.4,3.5,0.0,703.376,804.774,1508.190,2249.324,2821.029,0.0870,0.0995,0.1865,0.2782,0.3488,0.671,0.534
6825,6824561,Neutral,good,1333.2,4.0,0.0,3197.818,5577.042,522.701,1798.942,2920.807,0.2281,0.3979,0.0373,0.1283,0.2084,0.291,10.670
6826,6825561,Neutral,good,1333.1,3.2,0.0,5620.604,361.494,458.202,3820.704,2293.388,0.4477,0.0288,0.0365,0.3043,0.1827,0.120,0.789
6827,6826561,Neutral,good,1332.4,3.6,0.0,7162.219,6332.941,1705.492,6907.701,1988.024,0.2972,0.2628,0.0708,0.2867,0.0825,0.247,3.713
6828,6827561,Neutral,good,1332.7,3.7,0.0,9485.519,9628.671,459.158,2148.476,3123.784,0.3818,0.3875,0.0185,0.0865,0.1257,0.214,20.970
6829,6828561,Neutral,good,1333.6,3.5,0.0,5764.264,5624.099,4570.022,8093.974,4335.979,0.2031,0.1981,0.1610,0.2851,0.1527,0.565,1.231
6830,6829561,Neutral,good,1333.3,3.3,0.0,4566.704,10429.978,8230.257,3134.233,2938.600,0.1559,0.3560,0.2809,0.1070,0.1003,2.626,1.267
6831,6830561,Neutral,good,1333.6,3.8,0.0,6285.999,1065.870,4256.663,10743.199,9418.166,0.1979,0.0335,0.1340,0.3382,0.2964,0.396,0.250
6832,6831561,Neutral,good,1333.6,3.5,0.0,4541.722,6942.619,5204.351,5920.757,1510.161,0.1883,0.2878,0.2158,0.2455,0.0626,0.879,1.334
6833,6832560,Neutral,good,1332.7,3.7,0.0,783.385,1348.357,7503.314,7348.736,7552.144,0.0319,0.0550,0.3058,0.2995,0.3078,1.021,0.180
6834,6833560,Neutral,good,1333.6,3.5,0.0,7831.360,5437.565,5145.549,3827.664,3212.348,0.3077,0.2136,0.2021,0.1504,0.1262,1.344,1.057
6835,6834560,Neutral,good,1333.8,3.3,0.0,2726.624,1211.342,762.835,6542.528,1927.517,0.2070,0.0920,0.0579,0.4967,0.1463,0.117,1.588
6836,6835560,Neutral,good,1332.7,3.4,0.0,3653.969,5401.277,2538.686,3098.505,775.655,0.2362,0.3492,0.1641,0.2003,0.0501,0.819,2.128
6837,6836560,Neutral,good,1333.7,3.5,0.0,5982.265,7033.892,1929.539,5281.982,2384.355,0.2646,0.3111,0.0853,0.2336,0.1054,0.365,3.645
6838,6837560,Neutral,good,1333.6,3.3,0.0,1814.239,2889.711,1477.279,1423.255,1954.357,0.1898,0.3023,0.1545,0.1489,0.2045,1.038,1.956
6839,6838560,Neutral,good,1333.7,3.3,0.0,4909.219,2836.866,2549.527,9246.596,1276.113,0.2358,0.1363,0.1225,0.4442,0.0613,0.276,1.113
6840,6839560,Neutral,good,1333.1,2.8,0.0,537.091,6362.931,3728.048,4866.838,498.616,0.0336,0.3978,0.2331,0.3043,0.0312,0.766,1.707
6841,6840560,Neutral,good,1334.6,3.8,0.0,12964.813,3061.630,2128.911,1720.959,3684.271,0.5503,0.1299,0.0904,0.0730,0.1564,1.237,1.438
6842,6841560,Neutral,good,1334.4,2.7,0.0,6723.329,7613.021,5290.718,2897.921,3676.862,0.2566,0.2906,0.2019,0.1106,0.1403,1.826,1.439
6843,6842560,Neutral,good,1333.1,3.4,0.0,938.255,2116.346,447.407,1469.557,1262.618,0.1505,0.3395,0.0718,0.2357,0.2025,0.304,4.730
6844,6843560,Neutral,good,1333.1,3.1,0.0,1417.333,1988.138,2365.052,4559.924,3119.483,0.1054,0.1478,0.1758,0.3390,0.2319,0.519,0.841
6845,6844560,Neutral,good,1333.7,3.0,0.0,1614.894,962.678,1353.394,2670.665,899.935,0.2153,0.1283,0.1804,0.3560,0.1200,0.507,0.711
6846,6845560,Neutral,good,1333.9,3.8,0.0,703.079,7991.334,5193.284,5150.943,4567.070,0.0298,0.3385,0.2200,0.2182,0.1935,1.008,1.539
6847,6846560,Neutral,good,1333.3,3.3,0.0,5175.291,8133.915,2719.360,1295.726,1278.816,0.2782,0.4372,0.1462,0.0697,0.0687,2.099,2.991
6848,6847559,Neutral,good,1333.6,3.7,0.0,2201.132,3423.358,1967.672,3702.008,2236.505,0.1627,0.2530,0.1454,0.2736,0.1653,0.532,1.740
6849,6848559,Neutral,good,1333.5,3.2,0.0,1929.056,1588.926,438.064,2423.440,1604.395,0.2416,0.1990,0.0549,0.3035,0.2010,0.181,3.627
6850,6849559,Neutral,good,1333.6,3.4,0.0,2756.368,2649.289,5426.609,4182.250,371.009,0.1792,0.1722,0.3527,0.2718,0.0241,1.298,0.488
6851,6850559,Neutral,good,1332.5,4.0,0.0,33251.660,14259.084,7335.192,2882.056,998.991,0.5662,0.2428,0.1249,0.0491,0.0170,2.545,1.944
6852,6851559,Neutral,good,1333.9,3.6,0.0,7670.678,4816.315,1006.032,4098.875,1623.421,0.3992,0.2506,0.0524,0.2133,0.0845,0.245,4.787
6853,6852559,Neutral,good,1333.0,3.3,0.0,2514.473,2301.189,2980.005,6095.447,981.809,0.1691,0.1547,0.2004,0.4098,0.0660,0.489,0.772
6854,6853559,Neutral,good,1333.8,3.6,0.0,958.694,397.811,7405.046,9393.862,4516.457,0.0423,0.0175,0.3266,0.4143,0.1992,0.788,0.054
6855,6854559,Neutral,good,1332.9,3.6,0.0,977.097,1846.181,615.414,2855.103,3401.443,0.1008,0.1904,0.0635,0.2945,0.3508,0.216,3.000
6856,6855559,Neutral,good,1333.0,3.6,0.0,3065.239,3801.465,1874.061,5692.321,979.141,0.1989,0.2467,0.1216,0.3693,0.0635,0.329,2.028
6857,6856559,Neutral,good,1333.3,3.6,0.0,4528.100,4487.449,1539.593,2457.915,2727.467,0.2877,0.2851,0.0978,0.1562,0.1733,0.626,2.915
6858,6857559,Neutral,good,1333.3,3.0,0.0,8313.779,10058.255,3835.738,4162.455,998.386,0.3038,0.3675,0.1402,0.1521,0.0365,0.922,2.622
6859,6858559,Neutral,good,1333.6,3.1,0.0,9040.616,3764.230,4188.337,3421.116,1851.401,0.4060,0.1691,0.1881,0.1536,0.0832,1.224,0.899
6860,6859559,Neutral,good,1334.6,2.9,0.0,1203.472,1106.967,816.227,2000.316,1361.933,0.1855,0.1706,0.1258,0.3083,0.2099,0.408,1.356
6861,6860559,Neutral,good,1333.2,3.3,0.0,5825.147,699.507,874.219,3335.439,6759.246,0.3330,0.0400,0.0500,0.1907,0.3864,0.262,0.800
6862,6861559,Neutral,good,1333.7,3.2,0.0,705.517,3833.377,4081.005,7479.456,1614.530,0.0398,0.2164,0.2304,0.4222,0.0911,0.546,0.939
6863,6862559,Neutral,good,1334.1,2.9,0.0,7248.583,4637.213,5677.893,5163.234,1223.469,0.3026,0.1936,0.2371,0.2156,0.0511,1.100,0.817
6864,6863558,Neutral,good,1333.5,3.3,0.0,18103.400,2708.318,865.720,1907.476,1584.961,0.7192,0.1076,0.0344,0.0758,0.0630,0.454,3.128
6865,6864558,Neutral,good,1332.9,3.5,0.0,2736.385,1010.686,1246.888,5365.968,1870.774,0.2237,0.0826,0.1019,0.4387,0.1530,0.232,0.811
6866,6865558,Neutral,good,1333.3,3.4,0.0,1450.670,1949.377,3461.917,4217.863,1074.505,0.1194,0.1604,0.2848,0.3470,0.0884,0.821,0.563
6867,6866558,Neutral,good,1333.8,3.8,0.0,5132.812,5457.917,1320.366,9137.673,10444.291,0.1630,0.1733,0.0419,0.2901,0.3316,0.144,4.134
6868,6867558,Neutral,good,1332.9,3.3,0.0,4028.900,1491.165,422.552,3570.723,3382.258,0.3124,0.1156,0.0328,0.2769,0.2623,0.118,3.529
6869,6868558,Neutral,good,1332.8,3.6,0.0,8920.539,13347.821,11661.819,2487.562,1331.527,0.2363,0.3536,0.3089,0.0659,0.0353,4.688,1.145
6870,6869558,Neutral,good,1333.8,3.9,0.0,8006.444,4100.552,1458.802,5450.830,2855.033,0.3661,0.1875,0.0667,0.2492,0.1305,0.268,2.811
6871,6870558,Neutral,good,1333.9,3.5,0.0,3267.351,15538.657,12328.312,6711.129,3396.887,0.0792,0.3768,0.2989,0.1627,0.0824,1.837,1.260
6872,6871558,Neutral,good,1332.5,3.5,0.0,959.338,4984.153,3520.987,3214.688,3220.867,0.0603,0.3135,0.2214,0.2022,0.2026,1.095,1.416
6873,6872558,Neutral,good,1332.4,3.3,0.0,17592.619,10993.613,6532.781,9176.771,2995.740,0.3720,0.2325,0.1381,0.1940,0.0633,0.712,1.683
6874,6873558,Neutral,good,1333.7,3.5,0.0,10344.085,4896.705,8258.303,4413.940,6462.046,0.3009,0.1424,0.2402,0.1284,0.1880,1.871,0.593
6875,6874558,Neutral,good,1333.3,4.0,0.0,1813.251,1655.258,4700.199,7083.069,1646.835,0.1073,0.0980,0.2781,0.4192,0.0975,0.664,0.352
6876,6875558,Neutral,good,1333.1,2.9,0.0,5885.336,1313.202,714.971,2556.408,1401.701,0.4957,0.1106,0.0602,0.2153,0.1181,0.280,1.837
6877,6876558,Neutral,good,1332.2,2.4,0.0,980.566,545.908,1962.129,4449.326,2928.439,0.0902,0.0502,0.1806,0.4095,0.2695,0.441,0.278
6878,6877557,Neutral,good,1332.3,2.9,0.0,19524.857,3077.007,504.124,4814.311,514.404,0.6867,0.1082,0.0177,0.1693,0.0181,0.105,6.104
6879,6878558,Neutral,good,1332.5,3.8,0.0,3140.751,288.886,709.384,3097.165,2200.115,0.3328,0.0306,0.0752,0.3282,0.2332,0.229,0.407
6880,6879557,Neutral,good,1332.5,3.2,0.0,4730.498,1533.086,2570.143,3556.920,636.870,0.3631,0.1177,0.1973,0.2730,0.0489,0.723,0.596
6881,6880557,Neutral,good,1332.7,3.5,0.0,1487.997,2421.733,3581.066,3931.103,2897.760,0.1039,0.1691,0.2501,0.2745,0.2024,0.911,0.676
6882,6881557,Neutral,good,1333.5,4.1,0.0,7224.627,9761.149,3765.692,14602.940,2614.867,0.1903,0.2571,0.0992,0.3846,0.0689,0.258,2.592
6883,6882557,Neutral,good,1332.5,3.5,0.0,4089.580,2976.364,3578.470,7192.438,3276.571,0.1937,0.1410,0.1695,0.3407,0.1552,0.498,0.832
6884,6883557,Neutral,good,1333.8,3.4,0.0,2289.922,7181.334,5486.534,1862.322,431.450,0.1327,0.4163,0.3180,0.1080,0.0250,2.946,1.309
6885,6884557,Neutral,good,1334.1,3.1,0.0,563.924,1084.529,423.700,976.170,1241.237,0.1315,0.2528,0.0988,0.2276,0.2894,0.434,2.560
6886,6885557,Neutral,good,1333.2,3.4,0.0,699.029,2035.540,1556.335,1500.101,2290.866,0.0865,0.2519,0.1926,0.1856,0.2835,1.037,1.308
6887,6886557,Neutral,good,1334.1,3.9,0.0,10034.527,7308.968,1578.789,5594.219,1717.736,0.3825,0.2786,0.0602,0.2132,0.0655,0.282,4.629
6888,6887557,Neutral,good,1333.3,3.2,0.0,1326.141,3817.381,1168.587,5717.539,2241.734,0.0929,0.2675,0.0819,0.4006,0.1571,0.204,3.267
6889,6888557,Neutral,good,1333.0,3.7,0.0,17202.711,21477.191,16100.058,8652.585,1221.813,0.2661,0.3322,0.2490,0.1338,0.0189,1.861,1.334
6890,6889557,Neutral,good,1333.2,4.5,0.0,3304.613,2836.285,6479.943,10039.577,9581.344,0.1025,0.0880,0.2010,0.3114,0.2972,0.645,0.438
6891,6890557,Neutral,good,1333.0,4.0,0.0,14561.814,9152.483,9586.100,5623.048,3301.810,0.3449,0.2168,0.2270,0.1332,0.0782,1.705,0.955
6892,6891557,Neutral,good,1332.6,3.5,0.0,2377.949,942.648,3628.313,5097.751,808.760,0.1850,0.0733,0.2822,0.3965,0.0629,0.712,0.260
6893,6892557,Neutral,good,1333.7,3.6,0.0,1443.065,8058.475,8921.504,5630.452,1049.753,0.0575,0.3210,0.3554,0.2243,0.0418,1.585,0.903
6894,6893556,Neutral,good,1333.7,3.5,0.0,717.851,558.261,1883.500,10162.149,4526.747,0.0402,0.0313,0.1055,0.5694,0.2536,0.185,0.296
6895,6894557,Neutral,good,1332.9,2.9,0.0,1754.958,4042.108,3831.378,8675.607,2086.858,0.0861,0.1982,0.1879,0.4255,0.1023,0.442,1.055
6896,6895556,Neutral,good,1332.7,3.4,0.0,14857.072,373.821,338.182,5546.607,3917.281,0.5935,0.0149,0.0135,0.2216,0.1565,0.061,1.105
6897,6896556,Neutral,good,1331.6,3.5,0.0,4518.438,4973.982,4147.277,5384.418,5023.952,0.1879,0.2068,0.1725,0.2239,0.2089,0.770,1.199
6898,6897556,Neutral,good,1331.6,3.3,0.0,1282.648,5140.919,8588.887,9128.616,735.430,0.0516,0.2067,0.3453,0.3670,0.0296,0.941,0.599
6899,6898556,Neutral,good,1331.7,2.7,0.0,2891.627,1292.523,1276.642,8702.455,2382.530,0.1748,0.0781,0.0772,0.5260,0.1440,0.147,1.012
6900,6899556,Neutral,good,1332.3,3.4,0.0,7037.194,4758.632,1465.684,5756.873,3130.693,0.3177,0.2148,0.0662,0.2599,0.1413,0.255,3.247
6901,6900556,Neutral,good,1332.8,3.2,0.0,4482.775,3503.037,386.027,6460.344,5959.776,0.2156,0.1685,0.0186,0.3107,0.2866,0.060,9.075
6902,6901556,Neutral,good,1333.7,3.0,0.0,1296.267,932.088,791.503,5130.490,2760.135,0.1188,0.0854,0.0725,0.4702,0.2530,0.154,1.178
6903,6902556,Neutral,good,1333.3,3.5,0.0,1609.252,2911.873,3098.535,14028.207,8948.354,0.0526,0.0952,0.1013,0.4585,0.2925,0.221,0.940
6904,6903556,Neutral,good,1332.6,3.7,0.0,2293.373,1621.030,5145.171,11908.654,537.514,0.1066,0.0754,0.2392,0.5537,0.0250,0.432,0.315
6905,6904556,Neutral,good,1332.7,3.1,0.0,3506.358,2185.129,245.744,3842.643,2962.812,0.2752,0.1715,0.0193,0.3016,0.2325,0.064,8.892
6906,6905556,Neutral,good,1332.1,3.6,0.0,12577.155,4584.928,3588.807,14622.724,4933.931,0.3120,0.1137,0.0890,0.3628,0.1224,0.245,1.278
6907,6906556,Neutral,good,1332.0,3.3,0.0,1938.407,556.313,1957.365,4972.808,1545.709,0.1767,0.0507,0.1784,0.4533,0.1409,0.394,0.284
6908,6907556,Neutral,good,1332.5,3.6,0.0,2979.687,6033.155,3064.396,12885.626,2514.650,0.1084,0.2196,0.1115,0.4690,0.0915,0.238,1.969
6909,6908556,Neutral,good,1332.7,3.3,0.0,8812.937,7431.691,3959.288,962.590,499.181,0.4068,0.3430,0.1827,0.0444,0.0230,4.113,1.877
6910,6909555,Neutral,good,1332.9,3.3,0.0,7039.932,8542.717,2011.411,1921.661,1305.772,0.3381,0.4103,0.0966,0.0923,0.0627,1.047,4.247
6911,6910555,Neutral,good,1331.9,3.9,0.0,16705.408,12035.486,8792.184,11378.438,2771.389,0.3232,0.2329,0.1701,0.2202,0.0536,0.773,1.369
6912,6911555,Neutral,good,1332.7,3.4,0.0,3473.807,3540.915,1543.992,5056.743,2643.203,0.2137,0.2178,0.0950,0.3110,0.1626,0.305,2.293
6913,6912555,Neutral,good,1333.5,3.7,0.0,360.764,2205.583,1232.200,6828.666,875.392,0.0314,0.1917,0.1071,0.5937,0.0761,0.180,1.790
6914,6913555,Neutral,good,1333.6,3.9,0.0,6707.449,4207.022,2696.370,9224.009,2006.052,0.2700,0.1694,0.1085,0.3713,0.0808,0.292,1.560
6915,6914555,Neutral,good,1333.1,3.2,0.0,4704.707,887.445,623.290,1858.667,2509.380,0.4445,0.0839,0.0589,0.1756,0.2371,0.335,1.424
6916,6915555,Neutral,good,1333.2,3.5,0.0,4991.886,4987.646,3120.323,3132.800,5495.512,0.2297,0.2295,0.1436,0.1442,0.2529,0.996,1.598
6917,6916555,Neutral,good,1333.5,4.1,0.0,6115.765,10617.707,12491.298,7898.600,3200.825,0.1517,0.2633,0.3098,0.1959,0.0794,1.581,0.850
6918,6917555,Neutral,good,1333.8,3.8,0.0,13486.977,10023.238,2859.548,3390.753,2328.921,0.4203,0.3124,0.0891,0.1057,0.0726,0.843,3.505
6919,6918555,Neutral,good,1332.5,3.3,0.0,4750.629,14436.428,13517.741,18390.629,2192.737,0.0891,0.2709,0.2537,0.3451,0.0411,0.735,1.068
6920,6919555,Neutral,good,1332.6,3.0,0.0,1893.627,4343.315,4528.414,4521.887,3262.964,0.1021,0.2341,0.2441,0.2438,0.1759,1.001,0.959
6921,6920555,Neutral,good,1331.8,3.0,0.0,1163.741,6406.000,3786.908,2683.250,1564.753,0.0746,0.4105,0.2427,0.1720,0.1003,1.411,1.692
6922,6921555,Neutral,good,1332.9,3.5,0.0,4951.617,2393.707,2018.330,4069.253,2727.358,0.3064,0.1481,0.1249,0.2518,0.1688,0.496,1.186
6923,6922555,Neutral,good,1333.3,3.3,0.0,11611.451,10094.661,3140.861,3321.297,2890.342,0.3739,0.3250,0.1011,0.1069,0.0931,0.946,3.214
6924,6923555,Neutral,good,1333.2,3.4,0.0,2531.074,2840.601,3093.648,3213.715,1118.286,0.1978,0.2220,0.2417,0.2511,0.0874,0.963,0.918
6925,6924555,Neutral,good,1332.2,2.9,0.0,3644.993,2445.088,3218.008,2257.224,1299.072,0.2833,0.1901,0.2501,0.1755,0.1010,1.426,0.760
6926,6925554,Neutral,good,1333.5,4.1,0.0,11587.400,12451.597,8777.941,10344.458,1523.922,0.2593,0.2787,0.1964,0.2315,0.0341,0.849,1.419
6927,6926554,Neutral,good,1334.1,4.0,0.0,8384.618,4062.200,1427.834,14797.175,7262.458,0.2333,0.1130,0.0397,0.4118,0.2021,0.096,2.845
6928,6927554,Neutral,good,1332.4,3.1,0.0,2534.680,1444.164,958.406,2808.201,1425.969,0.2764,0.1575,0.1045,0.3062,0.1555,0.341,1.507
6929,6928554,Neutral,good,1332.3,3.3,0.0,1164.799,4020.564,12260.761,15332.641,756.035,0.0347,0.1199,0.3656,0.4572,0.0225,0.800,0.328
6930,6929554,Neutral,good,1331.2,3.2,0.0,1198.923,3084.350,2365.484,3441.824,3136.231,0.0906,0.2332,0.1788,0.2602,0.2371,0.687,1.304
6931,6930554,Neutral,good,1330.6,3.6,0.0,11940.346,1781.010,3417.027,10475.280,3522.762,0.3835,0.0572,0.1097,0.3364,0.1131,0.326,0.521
6932,6931554,Neutral,good,1330.2,3.0,0.0,882.916,1974.741,2857.134,3335.906,1065.237,0.0873,0.1952,0.2824,0.3298,0.1053,0.856,0.691
6933,6932554,Neutral,good,1329.4,3.1,0.0,5044.623,10867.614,7039.128,3850.484,432.116,0.1852,0.3990,0.2585,0.1414,0.0159,1.828,1.544
6934,6933554,Neutral,good,1330.4,3.0,0.0,2316.834,266.660,2683.759,5664.422,1820.813,0.1817,0.0209,0.2104,0.4442,0.1428,0.474,0.099
6935,6934554,Neutral,good,1331.1,4.5,0.0,26632.744,1269.386,1240.887,6461.220,7081.614,0.6239,0.0297,0.0291,0.1514,0.1659,0.192,1.023
6936,6935554,Neutral,good,1331.7,3.1,0.0,1977.223,8230.084,2955.034,2196.479,1542.943,0.1170,0.4869,0.1748,0.1300,0.0913,1.345,2.785
6937,6936554,Neutral,good,1331.5,3.3,0.0,1890.214,3322.273,4169.418,6539.504,591.456,0.1145,0.2012,0.2525,0.3960,0.0358,0.638,0.797
6938,6937554,Neutral,good,1331.0,3.6,0.0,22177.176,7392.521,1335.048,3444.594,1242.235,0.6231,0.2077,0.0375,0.0968,0.0349,0.388,5.537
6939,6938554,Neutral,good,1331.1,3.1,0.0,1935.661,3716.379,2369.588,5047.979,1667.167,0.1313,0.2522,0.1608,0.3425,0.1131,0.469,1.568
6940,6939554,Neutral,good,1332.4,3.7,0.0,14196.657,4301.494,1653.932,6040.426,8489.369,0.4093,0.1240,0.0477,0.1742,0.2448,0.274,2.601
6941,6940554,Neutral,good,1331.8,3.2,0.0,5372.046,5148.813,1038.922,4094.056,4241.346,0.2700,0.2588,0.0522,0.2058,0.2132,0.254,4.956
6942,6941553,Neutral,good,1332.3,3.3,0.0,5450.646,14996.596,11844.759,10400.360,2516.096,0.1206,0.3317,0.2620,0.2301,0.0557,1.139,1.266
6943,6942553,Neutral,good,1331.4,3.3,0.0,799.011,3642.971,4478.869,3679.237,1456.324,0.0568,0.2592,0.3186,0.2617,0.1036,1.217,0.813
6944,6943553,Neutral,good,1332.4,3.9,0.0,8110.297,2850.745,1846.292,13993.857,2819.804,0.2738,0.0962,0.0623,0.4724,0.0952,0.132,1.544
6945,6944553,Neutral,good,1331.8,3.7,0.0,2137.353,1053.094,2529.447,4863.591,1250.887,0.1806,0.0890,0.2137,0.4110,0.1057,0.520,0.416
6946,6945553,Neutral,good,1332.2,2.9,0.0,1845.980,734.174,655.100,3573.459,1272.983,0.2284,0.0908,0.0811,0.4422,0.1575,0.183,1.121
6947,6946553,Neutral,good,1331.7,4.2,0.0,9024.819,13442.207,4483.725,4745.566,1510.265,0.2718,0.4048,0.1350,0.1429,0.0455,0.945,2.998
6948,6947553,Neutral,good,1332.2,3.1,0.0,938.094,2031.294,1853.966,7190.721,2440.149,0.0649,0.1405,0.1283,0.4975,0.1688,0.258,1.096
6949,6948553,Neutral,good,1331.9,3.9,0.0,1055.188,2666.173,1228.024,4757.479,4319.099,0.0752,0.1901,0.0876,0.3392,0.3079,0.258,2.171
6950,6949553,Neutral,good,1331.9,3.0,0.0,4748.805,8513.697,8970.086,3992.966,3197.675,0.1614,0.2894,0.3049,0.1357,0.1087,2.246,0.949
6951,6950553,Neutral,good,1333.0,3.9,0.0,8426.002,6963.797,1139.571,15230.521,2941.534,0.2428,0.2007,0.0328,0.4389,0.0848,0.075,6.111
6952,6951553,Neutral,good,1332.6,3.5,0.0,3070.487,3459.322,1687.632,3531.117,1378.214,0.2339,0.2635,0.1286,0.2690,0.1050,0.478,2.050
6953,6952553,Neutral,good,1331.5,4.2,0.0,5684.385,17270.291,21058.566,8048.953,1391.975,0.1063,0.3231,0.3940,0.1506,0.0260,2.616,0.820
6954,6953553,Neutral,good,1331.9,3.4,0.0,1571.971,775.119,929.377,2500.934,1372.504,0.2199,0.1084,0.1300,0.3498,0.1920,0.372,0.834
6955,6954553,Neutral,good,1332.3,3.6,0.0,6590.103,5542.398,6562.259,12846.313,4499.470,0.1829,0.1538,0.1821,0.3564,0.1248,0.511,0.845
6956,6955553,Neutral,good,1332.7,3.9,0.0,3394.817,5729.795,3186.983,2973.422,1708.509,0.1998,0.3372,0.1875,0.1750,0.1005,1.072,1.798
6957,6956552,Neutral,good,1332.9,3.7,0.0,7548.698,9661.664,3684.223,5877.426,3025.831,0.2533,0.3242,0.1236,0.1972,0.1015,0.627,2.622
6958,6957552,Neutral,good,1332.4,3.1,0.0,1654.021,1686.646,698.872,7023.114,1346.579,0.1333,0.1359,0.0563,0.5660,0.1085,0.100,2.413
6959,6958552,Neutral,good,1332.8,3.0,0.0,583.095,1837.218,1765.012,3831.498,1920.854,0.0587,0.1849,0.1776,0.3856,0.1933,0.461,1.041
6960,6959552,Neutral,good,1332.1,4.1,0.0,19892.633,8981.676,3720.392,4018.659,1665.228,0.5197,0.2346,0.0972,0.1050,0.0435,0.926,2.414
6961,6960552,Neutral,good,1332.3,3.3,0.0,6972.316,243.335,4520.871,4831.653,1726.239,0.3811,0.0133,0.2471,0.2641,0.0944,0.936,0.054
6962,6961552,Neutral,good,1331.5,3.2,0.0,4074.467,5049.426,2219.659,2696.021,633.130,0.2777,0.3441,0.1513,0.1837,0.0432,0.823,2.275
6963,6962552,Neutral,good,1332.8,3.7,0.0,3420.900,4398.672,1754.459,4693.869,1780.431,0.2132,0.2741,0.1093,0.2925,0.1109,0.374,2.507
6964,6963552,Neutral,good,1332.7,3.5,0.0,1671.006,492.060,1881.178,3722.799,1148.640,0.1874,0.0552,0.2110,0.4176,0.1288,0.505,0.262
6965,6964552,Neutral,good,1332.6,4.1,0.0,4657.172,4470.747,2830.557,4089.985,4128.480,0.2308,0.2216,0.1403,0.2027,0.2046,0.692,1.579
6966,6965552,Neutral,good,1333.2,3.8,0.0,1350.779,3561.415,2981.418,10483.624,5156.433,0.0574,0.1513,0.1267,0.4455,0.2191,0.284,1.195
6967,6966552,Neutral,good,1332.5,3.3,0.0,2876.249,3186.539,3692.585,2262.812,4395.184,0.1752,0.1941,0.2250,0.1379,0.2678,1.632,0.863
6968,6967552,Neutral,good,1333.2,3.1,0.0,838.712,442.024,1451.364,4842.021,4090.664,0.0719,0.0379,0.1244,0.4151,0.3507,0.300,0.305
6969,6968552,Neutral,good,1332.7,4.2,0.0,12681.080,1016.989,4100.160,7696.420,3269.100,0.4409,0.0354,0.1425,0.2676,0.1137,0.533,0.248
6970,6969552,Neutral,good,1332.7,3.3,0.0,3935.202,5677.470,2406.284,8142.456,1896.236,0.1784,0.2574,0.1091,0.3691,0.0860,0.296,2.359
6971,6970552,Neutral,good,1333.2,4.1,0.0,5399.602,5265.393,2028.518,5642.666,3976.314,0.2420,0.2360,0.0909,0.2529,0.1782,0.359,2.596
6972,6971552,Neutral,good,1332.7,2.5,0.0,5528.550,1586.218,592.630,3116.977,781.659,0.4764,0.1367,0.0511,0.2686,0.0673,0.190,2.677
6973,6972552,Neutral,good,1332.5,3.2,0.0,412.353,376.611,2030.843,3746.032,591.343,0.0576,0.0526,0.2837,0.5234,0.0826,0.542,0.185
6974,6973551,Neutral,good,1332.2,3.3,0.0,10429.505,6141.636,448.472,5634.837,1125.530,0.4386,0.2583,0.0189,0.2370,0.0473,0.080,13.695
6975,6974551,Neutral,good,1332.1,3.5,0.0,1533.631,2275.217,7531.423,18128.029,5904.327,0.0434,0.0643,0.2129,0.5125,0.1669,0.415,0.302
6976,6975551,Neutral,good,1332.2,3.4,0.0,7949.212,6077.092,4385.204,4107.698,463.572,0.3459,0.2644,0.1908,0.1787,0.0202,1.068,1.386
6977,6976551,Neutral,good,1332.9,3.7,0.0,4149.683,3476.741,5199.081,2354.994,1664.615,0.2463,0.2064,0.3086,0.1398,0.0988,2.208,0.669
6978,6977551,Neutral,good,1332.7,3.1,0.0,687.228,3793.847,3543.749,6580.479,574.260,0.0453,0.2499,0.2335,0.4335,0.0378,0.539,1.071
6979,6978551,Neutral,good,1332.9,3.9,0.0,4400.415,2941.272,3795.785,16526.736,4217.887,0.1380,0.0923,0.1191,0.5184,0.1323,0.230,0.775
6980,6979551,Neutral,good,1332.3,4.0,0.0,4282.784,4478.238,656.366,2980.512,1398.672,0.3104,0.3246,0.0476,0.2160,0.1014,0.220,6.823
6981,6980551,Neutral,good,1332.4,3.5,0.0,7003.869,1669.195,1022.474,6048.133,1698.899,0.4015,0.0957,0.0586,0.3467,0.0974,0.169,1.633
6982,6981551,Neutral,good,1333.3,2.9,0.0,5668.443,1983.966,1966.859,7406.112,4207.117,0.2670,0.0934,0.0926,0.3488,0.1981,0.266,1.009
6983,6982551,Neutral,good,1332.6,3.6,0.0,1763.472,9762.136,9496.402,23282.328,2841.082,0.0374,0.2071,0.2014,0.4938,0.0603,0.408,1.028
6984,6983551,Neutral,good,1332.8,3.6,0.0,8479.804,20346.029,17471.654,10079.668,1302.996,0.1470,0.3527,0.3029,0.1748,0.0226,1.733,1.165
6985,6984551,Neutral,good,1333.2,3.2,0.0,12418.201,5796.021,4063.521,4473.101,2284.798,0.4277,0.1996,0.1399,0.1541,0.0787,0.908,1.426
6986,6985551,Neutral,good,1332.9,3.5,0.0,1399.048,8849.580,9299.538,6906.812,7309.445,0.0414,0.2621,0.2754,0.2046,0.2165,1.346,0.952
6987,6986551,Neutral,good,1332.4,3.6,0.0,7687.792,6615.825,1302.602,2980.245,3513.486,0.3479,0.2994,0.0589,0.1349,0.1590,0.437,5.079
6988,6987550,Neutral,good,1333.0,3.9,0.0,958.748,2114.049,3448.547,9629.521,5197.430,0.0449,0.0990,0.1615,0.4511,0.2435,0.358,0.613
6989,6988550,Neutral,good,1332.1,2.7,0.0,4226.352,1106.459,1715.910,3660.455,3426.474,0.2990,0.0783,0.1214,0.2590,0.2424,0.469,0.645
6990,6989550,Neutral,good,1332.2,3.1,0.0,1643.784,372.216,2573.140,3653.249,449.229,0.1891,0.0428,0.2960,0.4203,0.0517,0.704,0.145
6991,6990550,Neutral,good,1333.9,3.5,0.0,3178.607,5794.250,7975.283,4459.840,1474.437,0.1389,0.2532,0.3485,0.1949,0.0644,1.788,0.727
6992,6991550,Neutral,good,1333.0,3.9,0.0,1319.712,5359.650,7522.887,6292.453,8914.973,0.0449,0.1822,0.2558,0.2140,0.3031,1.196,0.712
6993,6992550,Neutral,good,1333.2,3.3,0.0,4427.993,1947.539,1163.311,2217.474,419.837,0.4351,0.1914,0.1143,0.2179,0.0413,0.525,1.674
6994,6993550,Neutral,good,1332.8,3.3,0.0,2325.800,1407.977,1295.233,11912.090,3631.776,0.1131,0.0684,0.0630,0.5790,0.1765,0.109,1.087
6995,6994550,Neutral,good,1332.5,3.1,0.0,2877.927,2507.931,6057.882,20153.971,2203.945,0.0851,0.0742,0.1792,0.5962,0.0652,0.301,0.414
6996,6995550,Neutral,good,1333.0,3.5,0.0,20028.338,8584.938,4751.751,7680.792,1683.314,0.4687,0.2009,0.1112,0.1798,0.0394,0.619,1.807
6997,6996550,Neutral,good,1333.0,3.1,0.0,14140.749,2203.736,687.728,4285.405,2258.387,0.5998,0.0935,0.0292,0.1818,0.0958,0.160,3.204
6998,6997550,Neutral,good,1333.4,3.2,0.0,770.056,1814.832,1215.738,12377.000,1565.398,0.0434,0.1023,0.0685,0.6976,0.0882,0.098,1.493
6999,6998550,Neutral,good,1332.8,3.4,0.0,3662.895,2618.995,1280.461,11257.856,2371.976,0.1728,0.1236,0.0604,0.5312,0.1119,0.114,2.045
7000,6999550,Neutral,good,1333.3,4.2,0.0,7829.090,18871.285,12642.526,6278.610,2075.050,0.1641,0.3957,0.2651,0.1316,0.0435,2.014,1.493
7001,7000550,Neutral,good,1332.9,3.3,0.0,30616.262,12009.439,1405.752,1453.705,939.468,0.6595,0.2587,0.0303,0.0313,0.0202,0.967,8.543
7002,7001550,Neutral,good,1332.8,3.6,0.0,3699.827,3601.275,593.150,3519.793,3125.064,0.2545,0.2477,0.0408,0.2421,0.2149,0.169,6.071
7003,7002550,Neutral,good,1333.3,3.9,0.0,727.661,1560.437,1589.731,9620.934,1945.080,0.0471,0.1010,0.1029,0.6230,0.1259,0.165,0.982
7004,7003549,Neutral,good,1333.1,4.4,0.0,2747.325,657.024,2067.290,2508.321,1095.917,0.3027,0.0724,0.2278,0.2764,0.1208,0.824,0.318
7005,7004549,Neutral,good,1332.7,3.7,0.0,1062.496,538.275,11302.893,4490.265,929.474,0.0580,0.0294,0.6169,0.2451,0.0507,2.517,0.048
7006,7005549,Neutral,good,1332.7,3.6,0.0,3096.438,3853.297,568.814,3883.989,1855.710,0.2335,0.2906,0.0429,0.2929,0.1400,0.146,6.774
7007,7006549,Neutral,good,1332.8,3.4,0.0,2199.403,1260.442,1708.800,2899.244,1269.762,0.2355,0.1350,0.1830,0.3105,0.1360,0.589,0.738
7008,7007549,Neutral,good,1331.8,4.3,0.0,7052.872,3347.333,588.547,6165.725,5833.067,0.3068,0.1456,0.0256,0.2682,0.2537,0.095,5.687
7009,7008549,Neutral,good,1333.0,4.2,0.0,6201.689,9231.461,2461.579,6414.604,9035.360,0.1860,0.2768,0.0738,0.1924,0.2710,0.384,3.750
7010,7009549,Neutral,good,1331.8,3.9,0.0,5449.994,13224.057,8478.827,4566.426,9537.440,0.1321,0.3205,0.2055,0.1107,0.2312,1.857,1.560
7011,7010549,Neutral,good,1333.0,3.5,0.0,1983.131,6094.339,4121.380,8203.375,5341.577,0.0770,0.2367,0.1601,0.3187,0.2075,0.502,1.479
7012,7011549,Neutral,good,1332.7,3.8,0.0,8204.379,8520.536,4223.953,6748.168,1848.853,0.2777,0.2884,0.1430,0.2284,0.0626,0.626,2.017
7013,7012549,Neutral,good,1332.0,3.2,0.0,5629.074,4376.843,237.704,4493.761,3633.571,0.3064,0.2382,0.0129,0.2446,0.1978,0.053,18.413
7014,7013549,Neutral,good,1332.3,2.9,0.0,2381.428,5326.646,5709.175,1359.512,3394.307,0.1311,0.2931,0.3142,0.0748,0.1868,4.199,0.933
7015,7014549,Neutral,good,1333.3,3.9,0.0,9346.904,7564.273,3892.839,3073.089,3100.233,0.3465,0.2804,0.1443,0.1139,0.1149,1.267,1.943
7016,7015549,Neutral,good,1332.6,3.5,0.0,713.176,1478.547,3921.772,7632.702,321.785,0.0507,0.1051,0.2788,0.5426,0.0229,0.514,0.377
7017,7016549,Neutral,good,1332.7,3.0,0.0,2996.482,1146.093,1374.052,11445.309,1019.168,0.1666,0.0637,0.0764,0.6365,0.0567,0.120,0.834
7018,7017549,Neutral,good,1332.0,3.5,0.0,4680.271,3091.978,4153.885,4046.499,584.314,0.2827,0.1867,0.2509,0.2444,0.0353,1.027,0.744
7019,7018549,Neutral,good,1332.2,3.6,0.0,6283.188,19740.346,14746.968,6148.498,2479.704,0.1272,0.3996,0.2985,0.1245,0.0502,2.398,1.339
7020,7019548,Neutral,good,1333.0,3.6,0.0,3924.917,1600.220,2107.384,5218.340,3368.187,0.2420,0.0987,0.1299,0.3217,0.2077,0.404,0.759
7021,7020548,Neutral,good,1332.4,2.6,0.0,2033.772,1612.844,1376.019,1877.565,984.879,0.2579,0.2045,0.1745,0.2381,0.1249,0.733,1.172
7022,7021548,Neutral,good,1333.0,3.6,0.0,2737.114,2211.661,1624.139,3728.665,2854.276,0.2081,0.1681,0.1235,0.2834,0.2170,0.436,1.362
7023,7022548,Neutral,good,1332.7,3.5,0.0,7468.814,4491.019,3395.531,3836.138,2234.361,0.3486,0.2096,0.1585,0.1790,0.1043,0.885,1.323
7024,7023548,Neutral,good,1332.3,3.5,0.0,2035.113,1366.284,891.690,2474.435,1388.439,0.2495,0.1675,0.1093,0.3034,0.1702,0.360,1.532
7025,7024548,Neutral,good,1332.9,4.5,0.0,5813.826,5597.137,10198.419,36951.301,824.253,0.0979,0.0943,0.1717,0.6222,0.0139,0.276,0.549
7026,7025548,Neutral,good,1332.4,3.8,0.0,2773.162,3805.913,4024.893,15917.838,7122.352,0.0824,0.1131,0.1196,0.4731,0.2117,0.253,0.946
7027,7026548,Neutral,good,1332.9,3.2,0.0,6202.562,3834.699,3708.756,8140.318,4114.535,0.2386,0.1475,0.1426,0.3131,0.1582,0.456,1.034
7028,7027548,Neutral,good,1332.1,4.0,0.0,6868.054,4570.213,5067.320,4475.083,1901.285,0.3002,0.1997,0.2215,0.1956,0.0831,1.132,0.902
7029,7028548,Neutral,good,1333.3,3.4,0.0,2141.893,6870.812,8186.011,1914.883,4286.960,0.0915,0.2936,0.3498,0.0818,0.1832,4.275,0.839
7030,7029548,Neutral,good,1332.4,3.4,0.0,4345.039,1293.939,4401.562,8170.089,3190.799,0.2030,0.0605,0.2057,0.3818,0.1491,0.539,0.294
7031,7030548,Neutral,good,1332.1,3.0,0.0,377.860,3721.980,3968.159,6137.595,3860.693,0.0209,0.2060,0.2196,0.3397,0.2137,0.647,0.938
7032,7031548,Neutral,good,1332.3,3.6,0.0,6610.387,1162.705,63.249,4905.809,2367.465,0.4375,0.0770,0.0042,0.3247,0.1567,0.013,18.383
7033,7032548,Neutral,good,1332.6,3.1,0.0,5448.190,1669.391,1718.769,2273.254,859.464,0.4552,0.1395,0.1436,0.1899,0.0718,0.756,0.971
7034,7033548,Neutral,good,1332.6,4.2,0.0,11270.214,371.544,2172.152,4710.203,4659.767,0.4861,0.0160,0.0937,0.2032,0.2010,0.461,0.171
7035,7034547,Neutral,good,1332.5,3.6,0.0,13555.283,4789.822,8621.144,13149.442,4091.944,0.3066,0.1083,0.1950,0.2974,0.0926,0.656,0.556
7036,7035547,Neutral,good,1332.2,3.1,0.0,3504.064,5225.253,10687.295,4283.233,1178.697,0.1408,0.2100,0.4296,0.1722,0.0474,2.495,0.489
7037,7036547,Neutral,good,1332.2,3.4,0.0,1080.270,3003.905,2170.103,3753.799,2208.649,0.0884,0.2459,0.1776,0.3073,0.1808,0.578,1.384
7038,7037547,Neutral,good,1332.0,3.3,0.0,3134.337,1490.184,4735.523,6888.063,872.722,0.1831,0.0870,0.2766,0.4023,0.0510,0.687,0.315
7039,7038547,Neutral,good,1332.0,4.0,0.0,9191.302,6637.940,4002.023,31379.395,5177.928,0.1630,0.1177,0.0710,0.5565,0.0918,0.128,1.659
7040,7039547,Neutral,good,1332.3,3.7,0.0,18313.453,10788.286,3871.504,1484.381,1125.817,0.5147,0.3032,0.1088,0.0417,0.0316,2.608,2.787
7041,7040547,Neutral,good,1332.4,3.6,0.0,2079.101,2548.654,2872.421,3965.103,2485.471,0.1490,0.1827,0.2059,0.2842,0.1782,0.724,0.887
7042,7041547,Neutral,good,1332.7,3.6,0.0,15843.950,2610.452,2771.835,5080.474,983.918,0.5806,0.0957,0.1016,0.1862,0.0361,0.546,0.942
7043,7042547,Neutral,good,1332.4,3.5,0.0,2801.191,6505.497,5404.783,11368.759,2594.068,0.0977,0.2269,0.1885,0.3965,0.0905,0.475,1.204
7044,7043547,Neutral,good,1332.0,3.5,0.0,8216.062,4040.162,2742.257,2018.813,1073.730,0.4542,0.2233,0.1516,0.1116,0.0594,1.358,1.473
7045,7044547,Neutral,good,1332.6,3.1,0.0,807.338,2959.922,2921.328,2384.783,789.254,0.0819,0.3001,0.2962,0.2418,0.0800,1.225,1.013
7046,7045547,Neutral,good,1333.1,3.5,0.0,3226.487,1640.594,2356.277,6968.104,2514.247,0.1931,0.0982,0.1410,0.4171,0.1505,0.338,0.696
7047,7046547,Neutral,good,1333.7,3.3,0.0,279.683,944.435,2860.313,1898.779,1898.470,0.0355,0.1198,0.3629,0.2409,0.2409,1.506,0.330
7048,7047547,Neutral,good,1333.7,3.7,0.0,880.683,694.600,391.649,4281.941,4766.273,0.0800,0.0631,0.0356,0.3887,0.4327,0.091,1.774
7049,7048547,Neutral,good,1332.8,3.3,0.0,618.875,4506.542,5955.322,6671.765,1859.840,0.0316,0.2298,0.3037,0.3402,0.0948,0.893,0.757
7050,7049547,Neutral,good,1332.7,3.4,0.0,4740.525,6189.830,5199.739,5331.490,2136.307,0.2009,0.2623,0.2203,0.2259,0.0905,0.975,1.190
7051,7050546,Neutral,good,1333.1,3.0,0.0,6633.677,3194.721,3689.001,2973.537,2583.570,0.3478,0.1675,0.1934,0.1559,0.1354,1.241,0.866
7052,7051546,Neutral,good,1332.9,3.0,0.0,1136.674,867.981,1137.342,5388.060,2277.843,0.1052,0.0803,0.1052,0.4985,0.2108,0.211,0.763
7053,7052546,Neutral,good,1333.0,3.1,0.0,6214.662,1852.392,1254.376,5354.181,2918.569,0.3532,0.1053,0.0713,0.3043,0.1659,0.234,1.477
7054,7053546,Neutral,good,1333.1,2.9,0.0,3793.926,3312.383,3562.812,5257.320,2017.411,0.2114,0.1846,0.1986,0.2930,0.1124,0.678,0.930
7055,7054546,Neutral,good,1332.3,3.3,0.0,6440.174,7872.987,4393.533,3086.838,1013.058,0.2824,0.3452,0.1926,0.1353,0.0444,1.423,1.792
7056,7055546,Neutral,good,1332.3,3.6,0.0,15693.389,2496.181,3377.158,10121.674,9713.596,0.3790,0.0603,0.0816,0.2445,0.2346,0.334,0.739
7057,7056546,Neutral,good,1333.1,4.0,0.0,2361.061,601.358,1140.981,5013.148,3390.179,0.1888,0.0481,0.0912,0.4008,0.2711,0.228,0.527
7058,7057546,Neutral,good,1332.6,3.5,0.0,4361.116,947.539,3732.404,9028.225,3032.031,0.2067,0.0449,0.1769,0.4279,0.1437,0.413,0.254
7059,7058546,Neutral,good,1332.7,3.5,0.0,9384.448,1454.334,1889.988,7740.928,1736.134,0.4226,0.0655,0.0851,0.3486,0.0782,0.244,0.769
7060,7059546,Neutral,good,1332.9,2.9,0.0,3524.669,3588.591,3707.795,12728.985,4979.649,0.1235,0.1258,0.1300,0.4462,0.1745,0.291,0.968
7061,7060546,Neutral,good,1333.8,4.0,0.0,3500.910,5000.586,3881.680,5862.440,2923.179,0.1654,0.2362,0.1834,0.2769,0.1381,0.662,1.288
7062,7061546,Neutral,good,1332.7,4.2,0.0,4647.607,5846.473,4606.388,7072.231,1413.677,0.1970,0.2479,0.1953,0.2998,0.0599,0.651,1.269
7063,7062546,Neutral,good,1333.6,3.4,0.0,1887.545,941.702,5961.163,10470.982,2951.432,0.0850,0.0424,0.2684,0.4714,0.1329,0.569,0.158
7064,7063546,Neutral,good,1333.6,2.9,0.0,5045.131,4518.923,2287.022,4225.284,1939.327,0.2800,0.2508,0.1269,0.2345,0.1076,0.541,1.976
7065,7064546,Neutral,good,1333.7,3.7,0.0,228.908,968.452,3508.574,5422.772,1710.122,0.0193,0.0818,0.2964,0.4580,0.1445,0.647,0.276
7066,7065546,Neutral,good,1332.7,4.0,0.0,4137.986,5927.177,6423.156,10145.817,2058.636,0.1442,0.2066,0.2239,0.3536,0.0717,0.633,0.923
7067,7066545,Neutral,good,1332.8,3.0,0.0,2562.141,3590.858,1838.184,3738.228,1037.582,0.2007,0.2813,0.1440,0.2928,0.0813,0.492,1.953
7068,7067545,Neutral,good,1333.0,3.9,0.0,7170.758,7578.665,5088.539,6194.642,1940.850,0.2563,0.2709,0.1819,0.2214,0.0694,0.821,1.489
7069,7068545,Neutral,good,1332.9,3.4,0.0,3952.434,3256.829,1312.224,1698.138,2260.853,0.3167,0.2610,0.1051,0.1361,0.1812,0.773,2.482
7070,7069545,Neutral,good,1333.2,3.6,0.0,7500.313,4201.711,2778.197,8486.580,1198.380,0.3104,0.1739,0.1150,0.3512,0.0496,0.327,1.512
7071,7070545,Neutral,good,1333.0,2.6,0.0,13325.561,2218.409,2602.440,5259.232,1454.145,0.5360,0.0892,0.1047,0.2116,0.0585,0.495,0.852
7072,7071545,Neutral,good,1335.1,3.7,0.0,7448.815,950.899,398.214,5690.041,1815.444,0.4569,0.0583,0.0244,0.3490,0.1114,0.070,2.388
7073,7072545,Neutral,good,1333.0,3.2,0.0,2237.707,3029.001,3656.241,4238.377,722.139,0.1612,0.2182,0.2634,0.3053,0.0520,0.863,0.828
7074,7073545,Neutral,good,1333.2,2.9,0.0,4960.062,1950.444,1326.777,3950.544,1874.938,0.3527,0.1387,0.0943,0.2809,0.1333,0.336,1.470
7075,7074545,Neutral,good,1333.3,4.0,0.0,2044.854,1216.322,2550.691,9962.792,4448.631,0.1011,0.0601,0.1261,0.4926,0.2200,0.256,0.477
7076,7075545,Neutral,good,1332.8,3.4,0.0,840.131,3451.670,4865.012,5863.867,5213.378,0.0415,0.1706,0.2404,0.2898,0.2577,0.830,0.709
7077,7076545,Neutral,good,1333.6,4.1,0.0,26708.727,3070.487,4248.261,9058.737,2842.169,0.5815,0.0669,0.0925,0.1972,0.0619,0.469,0.723
7078,7077545,Neutral,good,1333.3,3.7,0.0,6952.687,5798.116,4754.357,2365.581,1669.854,0.3228,0.2692,0.2207,0.1098,0.0775,2.010,1.220
7079,7078545,Neutral,good,1333.3,3.5,0.0,388.828,5517.087,5060.757,4734.556,4046.179,0.0197,0.2794,0.2563,0.2398,0.2049,1.069,1.090
7080,7079545,Neutral,good,1333.0,3.4,0.0,2484.345,3629.109,5878.963,12919.980,3164.843,0.0885,0.1293,0.2094,0.4602,0.1127,0.455,0.617
7081,7080545,Neutral,good,1333.3,3.3,0.0,15443.656,1947.103,1758.128,4591.708,1482.345,0.6123,0.0772,0.0697,0.1820,0.0588,0.383,1.107
7082,7081545,Neutral,good,1332.9,3.3,0.0,13088.042,16804.896,2934.547,2380.866,683.132,0.3647,0.4682,0.0818,0.0663,0.0190,1.233,5.727
7083,7082544,Neutral,good,1333.1,4.5,0.0,24896.746,4280.606,10164.846,20867.029,3378.504,0.3915,0.0673,0.1599,0.3282,0.0531,0.487,0.421
7084,7083544,Neutral,good,1332.9,4.0,0.0,7269.505,4824.988,1689.952,3092.709,845.179,0.4102,0.2723,0.0954,0.1745,0.0477,0.546,2.855
7085,7084544,Neutral,good,1333.9,3.8,0.0,5790.537,9041.946,3221.033,6680.288,6375.133,0.1861,0.2907,0.1035,0.2147,0.2049,0.482,2.807
7086,7085544,Neutral,good,1332.7,3.6,0.0,4545.935,1570.316,2530.243,3622.439,3038.008,0.2970,0.1026,0.1653,0.2367,0.1985,0.698,0.621
7087,7086544,Neutral,good,1331.9,3.5,0.0,4867.549,878.247,862.565,3521.927,2727.865,0.3786,0.0683,0.0671,0.2739,0.2122,0.245,1.018
7088,7087544,Neutral,good,1332.6,3.4,0.0,9015.067,6508.969,3811.409,4916.831,1146.009,0.3549,0.2563,0.1501,0.1936,0.0451,0.775,1.708
7089,7088544,Neutral,good,1332.2,3.4,0.0,3314.619,8437.358,8096.199,3610.622,10858.439,0.0966,0.2459,0.2359,0.1052,0.3164,2.242,1.042
7090,7089544,Neutral,good,1332.4,3.7,0.0,4251.864,6973.555,4824.274,2719.099,5151.740,0.1777,0.2915,0.2017,0.1137,0.2154,1.774,1.446
7091,7090544,Neutral,good,1331.7,3.9,0.0,3695.663,3609.228,2552.119,5859.168,6537.242,0.1661,0.1622,0.1147,0.2633,0.2938,0.436,1.414
7092,7091544,Neutral,good,1332.1,3.3,0.0,815.159,879.072,1187.336,7512.428,2360.914,0.0639,0.0689,0.0931,0.5890,0.1851,0.158,0.740
7093,7092544,Neutral,good,1332.9,3.5,0.0,6773.997,11938.595,6336.177,1969.729,762.748,0.2438,0.4297,0.2281,0.0709,0.0275,3.217,1.884
7094,7093544,Neutral,good,1333.5,3.3,0.0,5777.229,861.235,1852.931,8629.453,2979.810,0.2874,0.0428,0.0922,0.4293,0.1482,0.215,0.465
7095,7094544,Neutral,good,1332.7,4.0,0.0,5380.297,3833.424,2538.803,6152.978,1645.914,0.2752,0.1961,0.1299,0.3147,0.0842,0.413,1.510
7096,7095544,Neutral,good,1333.6,3.1,0.0,2437.592,1509.592,3836.767,7816.037,648.470,0.1500,0.0929,0.2361,0.4810,0.0399,0.491,0.393
7097,7096544,Neutral,good,1333.3,3.2,0.0,421.520,496.371,3314.981,7118.514,2917.968,0.0295,0.0348,0.2323,0.4989,0.2045,0.466,0.150
7098,7097543,Neutral,good,1333.4,2.8,0.0,5911.411,3212.679,1984.301,3785.653,1701.579,0.3562,0.1936,0.1196,0.2281,0.1025,0.524,1.619
7099,7098543,Neutral,good,1332.4,3.4,0.0,822.533,1472.524,3423.446,6619.743,3414.446,0.0522,0.0935,0.2173,0.4202,0.2168,0.517,0.430
7100,7099543,Neutral,good,1333.2,3.4,0.0,1388.770,2531.896,2479.570,766.648,877.489,0.1726,0.3147,0.3082,0.0953,0.1091,3.234,1.021
7101,7100543,Neutral,good,1333.5,3.9,0.0,4409.606,4457.936,5065.226,7128.284,4361.184,0.1735,0.1754,0.1992,0.2804,0.1715,0.711,0.880
7102,7101543,Neutral,good,1332.6,3.1,0.0,8276.795,4481.062,3014.328,4680.106,576.289,0.3936,0.2131,0.1433,0.2226,0.0274,0.644,1.487
7103,7102543,Neutral,good,1333.9,3.3,0.0,1889.686,3071.127,1923.716,5747.020,1933.322,0.1297,0.2109,0.1321,0.3946,0.1327,0.335,1.596
7104,7103543,Neutral,good,1334.1,2.9,0.0,8280.779,4344.500,823.777,2415.143,1589.433,0.4744,0.2489,0.0472,0.1384,0.0911,0.341,5.274
7105,7104543,Neutral,good,1334.1,3.2,0.0,717.669,1753.744,2255.569,8729.516,3492.805,0.0423,0.1035,0.1331,0.5150,0.2061,0.258,0.778
7106,7105543,Neutral,good,1334.0,3.2,0.0,9392.332,517.672,1909.861,7519.083,2164.455,0.4368,0.0241,0.0888,0.3497,0.1007,0.254,0.271
7107,7106543,Neutral,good,1332.9,3.0,0.0,7629.418,5447.259,1220.783,5460.599,2115.155,0.3488,0.2490,0.0558,0.2496,0.0967,0.224,4.462
7108,7107543,Neutral,good,1333.2,2.6,0.0,2705.716,3066.445,2039.847,2293.561,1566.443,0.2318,0.2627,0.1748,0.1965,0.1342,0.889,1.503
7109,7108543,Neutral,good,1333.0,3.4,0.0,8057.460,7342.965,9327.089,10703.785,992.332,0.2212,0.2016,0.2561,0.2939,0.0272,0.871,0.787
7110,7109543,Neutral,good,1333.6,2.7,0.0,1883.557,1221.888,640.651,2238.198,817.151,0.2769,0.1797,0.0942,0.3291,0.1201,0.286,1.907
7111,7110543,Neutral,good,1332.7,3.2,0.0,6602.309,6023.230,6267.959,3052.563,1153.757,0.2858,0.2607,0.2713,0.1321,0.0499,2.053,0.961
7112,7111543,Neutral,good,1332.7,3.7,0.0,2610.982,4313.486,3303.327,1912.335,1249.093,0.1950,0.3222,0.2467,0.1428,0.0933,1.727,1.306
7113,7112542,Neutral,good,1332.5,2.7,0.0,1717.854,2607.807,2223.203,3264.486,1254.316,0.1552,0.2356,0.2009,0.2950,0.1133,0.681,1.173
7114,7113542,Neutral,good,1332.6,3.1,0.0,312.984,1813.125,2266.260,4703.787,2421.379,0.0272,0.1574,0.1968,0.4084,0.2102,0.482,0.800
7115,7114542,Neutral,good,1333.1,3.5,0.0,1847.715,960.874,1208.045,3596.916,2319.708,0.1860,0.0967,0.1216,0.3621,0.2335,0.336,0.795
7116,7115542,Neutral,good,1332.5,3.5,0.0,3856.594,1742.476,885.459,3328.706,2098.263,0.3238,0.1463,0.0743,0.2795,0.1762,0.266,1.968
7117,7116542,Neutral,good,1333.2,3.5,0.0,2694.188,2258.404,1447.172,1235.779,1011.663,0.3116,0.2612,0.1674,0.1429,0.1170,1.171,1.561
7118,7117542,Neutral,good,1332.4,3.2,0.0,3966.920,4446.960,4752.307,5478.376,4652.795,0.1703,0.1909,0.2040,0.2352,0.1997,0.867,0.936
7119,7118542,Neutral,good,1333.0,3.9,0.0,13139.199,9543.013,2619.920,3726.434,525.485,0.4446,0.3229,0.0886,0.1261,0.0178,0.703,3.642
7120,7119542,Neutral,good,1333.1,4.0,0.0,2119.973,4019.071,6059.526,6030.204,3637.764,0.0970,0.1838,0.2771,0.2758,0.1664,1.005,0.663
7121,7120542,Neutral,good,1333.3,3.6,0.0,9342.066,1063.849,2756.244,5548.449,1755.958,0.4565,0.0520,0.1347,0.2711,0.0858,0.497,0.386
7122,7121542,Neutral,good,1332.9,3.6,0.0,1863.645,7925.147,7693.294,4099.321,4710.855,0.0709,0.3014,0.2926,0.1559,0.1792,1.877,1.030
7123,7122542,Neutral,good,1333.2,3.2,0.0,1287.324,1346.603,657.921,2941.442,2327.672,0.1504,0.1573,0.0769,0.3436,0.2719,0.224,2.047
7124,7123542,Neutral,good,1333.1,3.4,0.0,2605.911,2724.499,1693.352,2653.085,451.532,0.2573,0.2690,0.1672,0.2619,0.0446,0.638,1.609
7125,7124542,Neutral,good,1333.1,3.3,0.0,1991.898,541.945,2273.513,2506.615,1689.421,0.2212,0.0602,0.2525,0.2784,0.1876,0.907,0.238
7126,7125542,Neutral,good,1332.3,4.0,0.0,465.776,2684.132,5130.962,8307.192,3984.136,0.0226,0.1305,0.2494,0.4038,0.1937,0.618,0.523
7127,7126542,Neutral,good,1332.7,2.9,0.0,3915.128,3632.448,2018.947,3231.418,1524.434,0.2734,0.2536,0.1410,0.2256,0.1064,0.625,1.799
7128,7127542,Neutral,good,1332.3,3.8,0.0,1966.485,2662.666,4652.178,10347.557,3492.777,0.0850,0.1152,0.2012,0.4475,0.1511,0.450,0.572
7129,7128541,Neutral,good,1332.6,3.5,0.0,7108.222,360.635,1446.308,11764.464,1366.155,0.3224,0.0164,0.0656,0.5336,0.0620,0.123,0.249
7130,7129541,Neutral,good,1332.5,3.9,0.0,12838.900,5764.629,2469.591,11894.664,1641.723,0.3710,0.1666,0.0714,0.3437,0.0474,0.208,2.334
7131,7130541,Neutral,good,1332.7,3.9,0.0,3793.676,1312.273,4410.650,4016.285,1977.212,0.2446,0.0846,0.2844,0.2589,0.1275,1.098,0.298
7132,7131541,Neutral,good,1333.3,3.7,0.0,5482.538,4504.000,295.618,8290.048,4071.055,0.2421,0.1989,0.0131,0.3661,0.1798,0.036,15.236
7133,7132541,Neutral,good,1333.7,3.7,0.0,15041.187,2580.621,2222.634,3624.830,4177.097,0.5441,0.0933,0.0804,0.1311,0.1511,0.613,1.161
7134,7133541,Neutral,good,1332.9,3.8,0.0,2437.483,5499.137,4875.648,10273.392,2664.586,0.0947,0.2136,0.1893,0.3990,0.1035,0.475,1.128
7135,7134541,Neutral,good,1333.0,3.0,0.0,5053.345,6058.268,1156.952,408.010,511.997,0.3832,0.4594,0.0877,0.0309,0.0388,2.836,5.236
7136,7135541,Neutral,good,1332.5,3.6,0.0,2737.612,5989.714,4633.099,10653.395,2538.188,0.1031,0.2256,0.1745,0.4012,0.0956,0.435,1.293
7137,7136541,Neutral,good,1333.6,3.2,0.0,1020.061,1707.581,4053.572,3643.198,486.845,0.0935,0.1565,0.3715,0.3339,0.0446,1.113,0.421
7138,7137541,Neutral,good,1332.8,3.3,0.0,6682.183,4953.137,2332.802,5744.810,581.518,0.3293,0.2441,0.1149,0.2831,0.0287,0.406,2.123
7139,7138541,Neutral,good,1332.3,3.0,0.0,1102.752,1952.063,819.376,2331.176,2425.624,0.1278,0.2262,0.0949,0.2701,0.2810,0.351,2.382
7140,7139541,Neutral,good,1332.8,3.0,0.0,2792.607,711.598,2377.103,4964.254,2777.261,0.2050,0.0522,0.1745,0.3644,0.2039,0.479,0.299
7141,7140541,Neutral,good,1332.5,3.1,0.0,5371.013,3435.838,1685.409,5679.249,3723.744,0.2700,0.1727,0.0847,0.2855,0.1872,0.297,2.039
7142,7141541,Neutral,good,1332.8,3.7,0.0,3474.150,3942.721,3867.310,4465.019,9393.214,0.1382,0.1568,0.1538,0.1776,0.3736,0.866,1.019
7143,7142541,Neutral,good,1333.1,3.9,0.0,1637.181,245.392,180.768,1341.580,983.409,0.3731,0.0559,0.0412,0.3057,0.2241,0.135,1.358
7144,7143541,Neutral,good,1332.8,3.3,0.0,10009.240,11679.962,3307.703,12691.242,3215.207,0.2447,0.2856,0.0809,0.3103,0.0786,0.261,3.531
7145,7144540,Neutral,good,1332.8,3.2,0.0,4172.994,5533.545,3550.635,11843.405,5966.593,0.1343,0.1781,0.1143,0.3812,0.1921,0.300,1.558
7146,7145540,Neutral,good,1333.4,4.0,0.0,22499.555,4630.792,3763.667,3674.331,5682.861,0.5590,0.1150,0.0935,0.0913,0.1412,1.024,1.230
7147,7146540,Neutral,good,1333.4,3.3,0.0,2878.548,2445.550,1182.888,4064.729,922.870,0.2504,0.2128,0.1029,0.3536,0.0803,0.291,2.067
7148,7147540,Neutral,good,1333.6,3.4,0.0,567.426,4019.171,4118.467,6889.650,1285.349,0.0336,0.2381,0.2440,0.4082,0.0761,0.598,0.976
7149,7148540,Neutral,good,1333.7,3.5,0.0,3312.580,5276.920,5022.246,13607.675,2442.168,0.1117,0.1779,0.1693,0.4588,0.0823,0.369,1.051
7150,7149540,Neutral,good,1332.7,3.8,0.0,3609.800,5801.052,2861.206,8127.736,1064.705,0.1682,0.2703,0.1333,0.3787,0.0496,0.352,2.027
7151,7150540,Neutral,good,1333.3,4.1,0.0,10006.936,7154.240,9196.435,8437.464,5535.938,0.2481,0.1774,0.2280,0.2092,0.1373,1.090,0.778
7152,7151540,Neutral,good,1333.1,3.2,0.0,1686.946,1763.524,2660.247,2442.497,1380.426,0.1698,0.1775,0.2678,0.2459,0.1390,1.089,0.663
7153,7152540,Neutral,good,1333.1,4.1,0.0,4166.665,2373.315,3224.298,11959.658,2022.769,0.1755,0.0999,0.1358,0.5036,0.0852,0.270,0.736
7154,7153540,Neutral,good,1332.0,3.6,0.0,5200.840,3726.521,4043.145,12320.046,7752.735,0.1574,0.1128,0.1224,0.3728,0.2346,0.328,0.922
7155,7154540,Neutral,good,1332.4,4.2,0.0,5720.695,18108.199,13898.853,21634.389,15955.774,0.0760,0.2404,0.1845,0.2872,0.2118,0.642,1.303
7156,7155540,Neutral,good,1333.1,3.4,0.0,420.682,634.361,433.472,4377.268,4358.577,0.0411,0.0620,0.0424,0.4281,0.4263,0.099,1.463
7157,7156540,Neutral,good,1332.5,3.8,0.0,9265.457,6822.512,2191.744,15331.767,2868.191,0.2540,0.1870,0.0601,0.4203,0.0786,0.143,3.113
7158,7157540,Neutral,good,1332.0,3.5,0.0,1389.232,4564.245,4740.623,4849.825,710.077,0.0855,0.2808,0.2917,0.2984,0.0437,0.977,0.963
7159,7158540,Neutral,good,1333.5,3.8,0.0,3171.508,6389.451,6775.862,13824.191,1504.407,0.1002,0.2018,0.2140,0.4366,0.0475,0.490,0.943
7160,7159540,Neutral,good,1332.9,3.2,0.0,17120.625,5320.994,6916.628,16234.027,482.844,0.3716,0.1155,0.1501,0.3523,0.0105,0.426,0.769
7161,7160539,Neutral,good,1333.3,2.8,0.0,1952.332,2402.650,1602.501,3733.905,588.213,0.1899,0.2337,0.1559,0.3632,0.0572,0.429,1.499
7162,7161539,Neutral,good,1332.5,3.1,0.0,4276.973,1891.894,1821.655,4663.670,1276.129,0.3070,0.1358,0.1308,0.3348,0.0916,0.391,1.039
7163,7162539,Neutral,good,1332.2,3.2,0.0,3818.382,6523.734,6815.817,5314.523,4763.886,0.1402,0.2395,0.2502,0.1951,0.1749,1.282,0.957
7164,7163539,Neutral,good,1332.1,3.2,0.0,3303.563,3062.808,2664.347,1109.324,3126.652,0.2490,0.2309,0.2008,0.0836,0.2357,2.402,1.150
7165,7164539,Neutral,good,1333.0,3.5,0.0,13267.697,3523.214,3134.390,2536.939,3475.666,0.5115,0.1358,0.1208,0.0978,0.1340,1.236,1.124
7166,7165539,Neutral,good,1333.1,3.1,0.0,2680.656,1187.440,1761.593,5220.793,1940.132,0.2096,0.0928,0.1377,0.4082,0.1517,0.337,0.674
7167,7166539,Neutral,good,1333.3,2.8,0.0,2323.349,3460.864,1462.936,1951.711,1562.102,0.2159,0.3216,0.1359,0.1814,0.1452,0.750,2.366
7168,7167539,Neutral,good,1333.3,3.1,0.0,1526.531,436.319,1001.717,16731.748,8068.240,0.0550,0.0157,0.0361,0.6026,0.2906,0.060,0.436
7169,7168539,Neutral,good,1333.2,3.5,0.0,3220.885,2540.905,2792.927,3927.285,2809.138,0.2106,0.1662,0.1827,0.2568,0.1837,0.711,0.910
7170,7169539,Neutral,good,1332.9,3.3,0.0,11564.577,5558.754,3377.821,16494.256,5169.315,0.2743,0.1318,0.0801,0.3912,0.1226,0.205,1.646
7171,7170539,Neutral,good,1333.2,3.0,0.0,4048.430,912.867,3257.699,2971.449,970.233,0.3329,0.0751,0.2679,0.2443,0.0798,1.096,0.280
7172,7171539,Neutral,good,1333.8,3.0,0.0,2946.142,963.925,1470.674,5728.514,459.048,0.2547,0.0833,0.1271,0.4952,0.0397,0.257,0.655
7173,7172539,Neutral,good,1333.7,2.9,0.0,5362.916,1048.765,1864.758,6832.739,2868.113,0.2983,0.0583,0.1037,0.3801,0.1595,0.273,0.562
7174,7173539,Neutral,good,1333.1,3.4,0.0,14365.929,6305.027,4240.414,7818.245,1573.293,0.4188,0.1838,0.1236,0.2279,0.0459,0.542,1.487
7175,7174539,Neutral,good,1332.4,3.4,0.0,2224.060,4550.052,1405.648,2124.684,2440.520,0.1745,0.3570,0.1103,0.1667,0.1915,0.662,3.237
7176,7175538,Neutral,good,1332.1,2.9,0.0,1981.530,3119.477,1264.765,1838.863,713.543,0.2222,0.3498,0.1418,0.2062,0.0800,0.688,2.466
7177,7176538,Neutral,good,1332.6,3.5,0.0,2122.224,1472.446,11275.629,11320.838,1773.349,0.0759,0.0527,0.4032,0.4048,0.0634,0.996,0.131
7178,7177538,Neutral,good,1332.6,3.7,0.0,4714.138,7413.005,15635.769,3773.084,1834.023,0.1413,0.2221,0.4686,0.1131,0.0550,4.144,0.474
7179,7178538,Neutral,good,1333.1,3.8,0.0,1115.149,1038.702,1084.458,4506.753,2287.861,0.1111,0.1035,0.1081,0.4492,0.2280,0.241,0.958
7180,7179538,Neutral,good,1333.8,3.5,0.0,9360.086,5894.107,3020.350,1254.160,448.985,0.4685,0.2950,0.1512,0.0628,0.0225,2.408,1.951
7181,7180538,Neutral,good,1332.8,4.5,0.0,5399.569,4670.577,1915.149,5050.161,4147.732,0.2549,0.2205,0.0904,0.2384,0.1958,0.379,2.439
7182,7181538,Neutral,good,1333.5,4.3,0.0,9064.043,5708.394,4092.636,6551.889,2663.798,0.3228,0.2033,0.1457,0.2333,0.0949,0.625,1.395
7183,7182538,Neutral,good,1334.2,2.8,0.0,4125.276,3192.117,1793.439,2298.331,1561.765,0.3180,0.2461,0.1383,0.1772,0.1204,0.780,1.780
7184,7183538,Neutral,good,1333.2,4.1,0.0,9034.919,9384.833,2478.598,17686.340,2638.177,0.2192,0.2277,0.0601,0.4290,0.0640,0.140,3.786
7185,7184538,Neutral,good,1332.9,3.7,0.0,13859.181,13414.338,3081.673,10382.663,1201.221,0.3305,0.3199,0.0735,0.2476,0.0286,0.297,4.353
7186,7185538,Neutral,good,1333.0,3.3,0.0,2728.918,5173.393,4639.262,1573.702,1831.699,0.1711,0.3244,0.2909,0.0987,0.1149,2.948,1.115
7187,7186538,Neutral,good,1333.0,3.2,0.0,5153.456,3942.224,210.861,6471.693,666.960,0.3134,0.2397,0.0128,0.3935,0.0406,0.033,18.696
7188,7187538,Neutral,good,1331.9,3.4,0.0,19703.805,10573.378,1055.519,7641.722,6545.252,0.4329,0.2323,0.0232,0.1679,0.1438,0.138,10.017
7189,7188538,Neutral,good,1331.9,3.3,0.0,4545.521,4973.945,787.029,3380.843,880.203,0.3120,0.3414,0.0540,0.2321,0.0604,0.233,6.320
7190,7189538,Neutral,good,1331.9,3.8,0.0,865.249,952.905,2294.228,11786.808,3952.116,0.0436,0.0480,0.1156,0.5938,0.1991,0.195,0.415
7191,7190538,Neutral,good,1332.7,3.0,0.0,6274.349,3089.917,2718.587,5440.927,1230.576,0.3346,0.1648,0.1450,0.2901,0.0656,0.500,1.137
7192,7191537,Neutral,good,1332.3,3.9,0.0,33058.102,2968.488,1070.581,2983.836,2818.346,0.7706,0.0692,0.0250,0.0696,0.0657,0.359,2.773
7193,7192537,Neutral,good,1333.3,3.6,0.0,3581.283,4261.880,3964.201,6232.225,6102.066,0.1483,0.1765,0.1642,0.2582,0.2528,0.636,1.075
7194,7193537,Neutral,good,1333.2,3.5,0.0,4988.825,4249.041,3353.334,4274.083,6450.169,0.2140,0.1822,0.1438,0.1833,0.2766,0.785,1.267
7195,7194537,Neutral,good,1333.3,3.5,0.0,2522.651,3313.647,1310.548,5061.892,3937.652,0.1562,0.2052,0.0812,0.3135,0.2439,0.259,2.528
7196,7195537,Neutral,good,1332.1,3.0,0.0,2975.256,2788.539,1705.155,3863.140,1241.269,0.2366,0.2218,0.1356,0.3072,0.0987,0.441,1.635
7197,7196537,Neutral,good,1332.6,3.1,0.0,7234.560,13908.832,11716.700,3951.876,544.316,0.1937,0.3723,0.3136,0.1058,0.0146,2.965,1.187
7198,7197537,Neutral,good,1332.0,3.0,0.0,3322.192,3214.163,2687.766,2898.158,1554.001,0.2429,0.2350,0.1965,0.2119,0.1136,0.927,1.196
7199,7198537,Neutral,good,1332.6,3.6,0.0,1278.851,8397.143,12561.077,2739.672,1654.371,0.0480,0.3153,0.4717,0.1029,0.0621,4.585,0.669
7200,7199537,Neutral,good,1332.5,3.6,0.0,8644.623,8194.301,1210.514,1300.812,896.046,0.4270,0.4047,0.0598,0.0642,0.0443,0.931,6.769
7201,7200537,Neutral,good,1332.9,3.7,0.0,6706.635,5363.395,3489.921,3127.440,1975.248,0.3246,0.2596,0.1689,0.1514,0.0956,1.116,1.537
7202,7201537,Neutral,good,1332.5,3.4,0.0,1760.563,7031.811,3762.441,3320.314,1373.460,0.1021,0.4077,0.2181,0.1925,0.0796,1.133,1.869
7203,7202537,Neutral,good,1332.6,4.0,0.0,1461.386,3767.624,4242.080,13340.596,4276.644,0.0539,0.1391,0.1566,0.4925,0.1579,0.318,0.888
7204,7203537,Neutral,good,1333.6,3.5,0.0,8336.104,4725.987,3379.701,3325.969,1459.292,0.3927,0.2226,0.1592,0.1567,0.0687,1.016,1.398
7205,7204537,Neutral,good,1332.6,3.9,0.0,7379.038,8935.299,5202.734,4760.395,876.346,0.2717,0.3291,0.1916,0.1753,0.0323,1.093,1.717
7206,7205537,Neutral,good,1332.5,3.3,0.0,3085.712,4869.736,3398.709,3237.731,1501.116,0.1917,0.3026,0.2112,0.2012,0.0933,1.050,1.433
7207,7206536,Neutral,good,1332.4,3.4,0.0,3546.965,3101.567,2475.073,3095.870,522.468,0.2784,0.2434,0.1942,0.2430,0.0410,0.799,1.253
7208,7207536,Neutral,good,1332.5,3.4,0.0,11684.240,4796.570,2183.623,1788.503,1435.769,0.5338,0.2191,0.0998,0.0817,0.0656,1.221,2.197
7209,7208536,Neutral,good,1332.6,3.4,0.0,3795.513,2537.478,2065.429,15914.853,1961.859,0.1445,0.0966,0.0786,0.6057,0.0747,0.130,1.229
7210,7209536,Neutral,good,1332.2,3.0,0.0,1519.435,4248.059,4050.073,2376.341,1303.118,0.1126,0.3147,0.3001,0.1761,0.0965,1.704,1.049
7211,7210536,Neutral,good,1332.8,3.6,0.0,1971.943,466.855,565.077,2635.967,2044.997,0.2566,0.0608,0.0735,0.3430,0.2661,0.214,0.826
7212,7211536,Neutral,good,1334.1,3.9,0.0,7761.626,6860.991,588.160,4290.020,2113.194,0.3591,0.3174,0.0272,0.1985,0.0978,0.137,11.665
7213,7212536,Neutral,good,1333.0,4.3,0.0,14670.631,12064.077,4964.483,5413.160,4898.382,0.3492,0.2872,0.1182,0.1289,0.1166,0.917,2.430
7214,7213536,Neutral,good,1333.3,3.4,0.0,4320.848,3326.416,2157.252,2011.158,4136.763,0.2709,0.2085,0.1352,0.1261,0.2593,1.073,1.542
7215,7214536,Neutral,good,1334.0,3.6,0.0,7054.484,4031.991,8017.053,7755.652,1327.542,0.2503,0.1430,0.2844,0.2752,0.0471,1.034,0.503
7216,7215536,Neutral,good,1334.3,3.9,0.0,1017.062,5207.475,8896.546,4765.454,3382.823,0.0437,0.2238,0.3823,0.2048,0.1454,1.867,0.585
7217,7216536,Neutral,good,1333.8,3.5,0.0,4963.541,3573.955,2411.558,7084.166,1434.550,0.2550,0.1836,0.1239,0.3639,0.0737,0.340,1.482
7218,7217536,Neutral,good,1334.0,2.9,0.0,3614.405,1318.913,1307.394,4004.498,1403.190,0.3103,0.1132,0.1122,0.3438,0.1205,0.326,1.009
7219,7218536,Neutral,good,1332.4,3.4,0.0,1009.697,383.943,4104.971,15528.568,1133.419,0.0456,0.0173,0.1852,0.7007,0.0511,0.264,0.094
7220,7219536,Neutral,good,1332.9,2.9,0.0,3695.036,2840.350,918.442,3509.338,2014.534,0.2847,0.2189,0.0708,0.2704,0.1552,0.262,3.093
7221,7220536,Neutral,good,1333.7,3.9,0.0,13574.933,7951.702,6889.522,7608.983,3190.892,0.3462,0.2028,0.1757,0.1940,0.0814,0.905,1.154
7222,7221536,Neutral,good,1333.0,3.3,0.0,7648.694,5136.104,2565.066,6005.511,1276.645,0.3380,0.2269,0.1133,0.2654,0.0564,0.427,2.002
7223,7222536,Neutral,good,1333.8,3.4,0.0,8328.196,8032.764,6695.498,12934.728,1672.344,0.2211,0.2133,0.1778,0.3434,0.0444,0.518,1.200
7224,7223535,Neutral,good,1333.7,3.5,0.0,4782.076,5766.498,2284.346,3746.577,956.029,0.2727,0.3288,0.1303,0.2137,0.0545,0.610,2.524
7225,7224535,Neutral,good,1333.5,3.7,0.0,1997.469,1024.699,1396.153,2502.386,273.456,0.2777,0.1424,0.1941,0.3478,0.0380,0.558,0.734
7226,7225535,Neutral,good,1333.5,4.3,0.0,21183.088,5086.127,8800.076,7064.875,4079.098,0.4584,0.1101,0.1904,0.1529,0.0883,1.246,0.578
7227,7226535,Neutral,good,1334.8,3.3,0.0,22616.801,2480.604,1310.730,5881.898,1320.762,0.6729,0.0738,0.0390,0.1750,0.0393,0.223,1.893
7228,7227535,Neutral,good,1333.4,4.1,0.0,2599.451,24647.621,20085.902,5803.938,1617.191,0.0475,0.4502,0.3668,0.1060,0.0295,3.461,1.227
7229,7228535,Neutral,good,1333.7,3.2,0.0,3757.015,1014.632,3246.750,5771.475,3368.602,0.2190,0.0591,0.1892,0.3364,0.1963,0.563,0.313
7230,7229535,Neutral,good,1333.5,3.3,0.0,3145.709,2495.204,1495.330,2040.680,2208.454,0.2763,0.2192,0.1313,0.1792,0.1940,0.733,1.669
7231,7230535,Neutral,good,1333.2,3.7,0.0,9021.288,12110.102,8749.408,1691.967,1683.135,0.2713,0.3641,0.2631,0.0509,0.0506,5.171,1.384
7232,7231535,Neutral,good,1332.8,3.5,0.0,2392.250,1939.722,1935.315,5429.621,4568.418,0.1471,0.1193,0.1190,0.3338,0.2809,0.356,1.002
7233,7232535,Neutral,good,1333.5,3.4,0.0,5529.014,6469.086,4073.753,2394.790,1947.942,0.2708,0.3169,0.1996,0.1173,0.0954,1.701,1.588
7234,7233535,Neutral,good,1333.9,3.2,0.0,3596.438,6161.301,3571.114,4400.447,2019.899,0.1821,0.3120,0.1808,0.2228,0.1023,0.812,1.725
7235,7234535,Neutral,good,1332.7,3.5,0.0,1285.963,681.027,1530.288,2553.549,1578.255,0.1686,0.0893,0.2006,0.3347,0.2069,0.599,0.445
7236,7235535,Neutral,good,1331.9,3.1,0.0,8514.327,7339.720,7034.812,1185.495,227.526,0.3504,0.3020,0.2895,0.0488,0.0094,5.934,1.043
7237,7236535,Neutral,good,1332.4,3.1,0.0,8149.817,6369.843,2730.887,3441.027,2386.852,0.3531,0.2760,0.1183,0.1491,0.1034,0.794,2.333
7238,7237535,Neutral,good,1332.9,3.3,0.0,3215.636,1876.932,1291.891,1452.224,2434.891,0.3131,0.1827,0.1258,0.1414,0.2371,0.890,1.453
7239,7238534,Neutral,good,1332.5,3.1,0.0,7754.855,1292.171,1879.120,3167.720,2367.177,0.4711,0.0785,0.1142,0.1924,0.1438,0.593,0.688
7240,7239534,Neutral,good,1333.0,3.7,0.0,1016.749,9258.019,7464.253,2244.523,1959.621,0.0463,0.4219,0.3402,0.1023,0.0893,3.326,1.240
7241,7240534,Neutral,good,1332.8,3.5,0.0,2347.133,7553.620,9075.120,16046.082,2389.925,0.0627,0.2019,0.2426,0.4289,0.0639,0.566,0.832
7242,7241534,Neutral,good,1332.0,3.7,0.0,8614.779,6727.678,743.330,2771.928,169.130,0.4528,0.3536,0.0391,0.1457,0.0089,0.268,9.051
7243,7242534,Neutral,good,1331.4,4.0,0.0,1564.627,6618.092,3651.559,10610.298,1840.862,0.0644,0.2725,0.1504,0.4369,0.0758,0.344,1.812
7244,7243534,Neutral,good,1330.7,3.6,0.0,820.746,1581.000,3930.041,6066.793,2815.157,0.0539,0.1039,0.2583,0.3988,0.1850,0.648,0.402
7245,7244534,Neutral,good,1332.0,3.6,0.0,38164.633,15752.398,1577.858,4609.232,1625.089,0.6183,0.2552,0.0256,0.0747,0.0263,0.342,9.983
7246,7245534,Neutral,good,1332.8,3.2,0.0,4345.599,5527.913,5982.985,782.630,1098.383,0.2450,0.3117,0.3373,0.0441,0.0619,7.645,0.924
7247,7246534,Neutral,good,1332.0,3.8,0.0,4941.455,6070.491,6144.542,6689.940,2538.031,0.1873,0.2301,0.2329,0.2536,0.0962,0.918,0.988
7248,7247534,Neutral,good,1332.9,3.0,0.0,4401.330,3043.599,2472.785,3028.114,827.581,0.3196,0.2210,0.1795,0.2199,0.0601,0.817,1.231
7249,7248534,Neutral,good,1332.5,3.4,0.0,2161.568,5573.050,3172.404,2083.248,2368.355,0.1407,0.3629,0.2066,0.1356,0.1542,1.523,1.757
7250,7249534,Neutral,good,1333.7,2.8,0.0,822.334,171.001,1785.630,4237.880,1151.785,0.1007,0.0209,0.2186,0.5188,0.1410,0.421,0.096
7251,7250534,Neutral,good,1332.6,3.5,0.0,3104.257,4266.722,2022.909,4612.897,2349.556,0.1898,0.2609,0.1237,0.2820,0.1436,0.439,2.109
7252,7251534,Neutral,good,1333.6,2.9,0.0,3806.688,2894.259,2357.180,2041.490,711.382,0.3223,0.2450,0.1996,0.1728,0.0602,1.155,1.228
7253,7252534,Neutral,good,1333.4,3.8,0.0,12009.004,11816.760,8068.433,3868.003,2144.670,0.3168,0.3117,0.2128,0.1020,0.0566,2.086,1.465
7254,7253533,Neutral,good,1333.1,2.4,0.0,10890.779,2947.957,3454.438,3474.973,1101.845,0.4980,0.1348,0.1580,0.1589,0.0504,0.994,0.853
7255,7254533,Neutral,good,1333.1,3.4,0.0,1479.125,6287.778,3529.136,1301.221,1358.806,0.1060,0.4505,0.2529,0.0932,0.0974,2.712,1.782
7256,7255533,Neutral,good,1333.3,3.8,0.0,2150.607,6733.173,7320.150,13478.248,4039.461,0.0638,0.1997,0.2171,0.3997,0.1198,0.543,0.920
7257,7256533,Neutral,good,1333.5,3.6,0.0,3982.617,1939.088,1382.110,8364.184,4060.185,0.2019,0.0983,0.0701,0.4240,0.2058,0.165,1.403
7258,7257533,Neutral,good,1334.0,3.9,0.0,3475.580,4245.711,4458.522,7195.455,2867.488,0.1563,0.1909,0.2004,0.3235,0.1289,0.620,0.952
7259,7258533,Neutral,good,1333.1,2.9,0.0,5761.999,1863.006,887.375,2563.566,320.023,0.5056,0.1635,0.0779,0.2250,0.0281,0.346,2.099
7260,7259533,Neutral,good,1333.1,3.6,0.0,13981.432,23545.131,8510.150,6222.167,2006.077,0.2577,0.4339,0.1568,0.1147,0.0370,1.368,2.767
7261,7260533,Neutral,good,1333.4,3.0,0.0,2267.255,2772.555,3688.388,1289.870,597.638,0.2136,0.2612,0.3474,0.1215,0.0563,2.860,0.752
7262,7261533,Neutral,good,1333.6,3.7,0.0,4205.799,1459.361,480.945,882.409,931.088,0.5284,0.1833,0.0604,0.1109,0.1170,0.545,3.034
7263,7262533,Neutral,good,1333.5,3.7,0.0,5087.337,3056.167,11841.405,14214.363,1520.026,0.1424,0.0856,0.3315,0.3979,0.0426,0.833,0.258
7264,7263533,Neutral,good,1333.8,4.0,0.0,920.395,5239.521,3994.364,8886.506,1435.839,0.0449,0.2559,0.1951,0.4340,0.0701,0.449,1.312
7265,7264533,Neutral,good,1332.9,3.5,0.0,1605.699,10048.071,9195.966,4538.151,1247.104,0.0603,0.3773,0.3453,0.1704,0.0468,2.026,1.093
7266,7265533,Neutral,good,1333.5,3.5,0.0,2932.972,6167.368,9990.215,17133.557,3524.863,0.0738,0.1552,0.2513,0.4310,0.0887,0.583,0.617
7267,7266533,Neutral,good,1332.9,3.2,0.0,6490.383,6532.457,2124.053,4237.128,3102.216,0.2886,0.2905,0.0945,0.1884,0.1380,0.501,3.075
7268,7267533,Neutral,good,1333.5,3.7,0.0,4329.037,5080.180,1026.103,9633.063,8529.354,0.1514,0.1776,0.0359,0.3368,0.2983,0.107,4.951
7269,7268532,Neutral,good,1332.5,3.5,0.0,4254.851,4291.223,2108.289,1631.360,4396.944,0.2550,0.2572,0.1264,0.0978,0.2636,1.292,2.035
7270,7269532,Neutral,good,1333.0,3.2,0.0,9946.077,8927.151,4545.504,2542.337,1419.329,0.3633,0.3260,0.1660,0.0929,0.0518,1.788,1.964
7271,7270532,Neutral,good,1332.4,2.7,0.0,4083.484,1695.054,1862.039,2170.595,2682.156,0.3269,0.1357,0.1490,0.1737,0.2147,0.858,0.910
7272,7271532,Neutral,good,1333.0,3.6,0.0,5524.689,2940.413,2825.554,5782.938,2291.228,0.2853,0.1518,0.1459,0.2986,0.1183,0.489,1.041
7273,7272532,Neutral,good,1333.2,3.2,0.0,506.433,3219.629,6369.099,6401.544,1185.044,0.0286,0.1821,0.3602,0.3620,0.0670,0.995,0.506
7274,7273532,Neutral,good,1333.1,3.6,0.0,16296.329,9134.651,6549.367,4874.710,1552.512,0.4243,0.2378,0.1705,0.1269,0.0404,1.344,1.395
7275,7274532,Neutral,good,1333.3,2.9,0.0,2030.481,834.848,725.513,2009.473,1689.585,0.2785,0.1145,0.0995,0.2757,0.2318,0.361,1.151
7276,7275532,Neutral,good,1333.0,3.4,0.0,2465.361,2278.369,2144.658,2950.409,1282.748,0.2217,0.2049,0.1928,0.2653,0.1153,0.727,1.062
7277,7276532,Neutral,good,1333.0,3.4,0.0,8060.733,7132.750,1511.124,1478.492,1445.314,0.4107,0.3634,0.0770,0.0753,0.0736,1.022,4.720
7278,7277532,Neutral,good,1332.8,4.1,0.0,1848.903,1914.541,1376.055,1099.182,736.496,0.2651,0.2745,0.1973,0.1576,0.1056,1.252,1.391
7279,7278532,Neutral,good,1331.4,3.5,0.0,2590.833,2921.511,2248.791,7523.395,2803.314,0.1432,0.1615,0.1243,0.4159,0.1550,0.299,1.299
7280,7279532,Neutral,good,1331.0,3.1,0.0,4241.127,5449.148,3441.686,3695.557,1395.292,0.2327,0.2990,0.1889,0.2028,0.0766,0.931,1.583
7281,7280532,Neutral,good,1330.7,3.3,0.0,7981.203,6604.662,8273.380,3997.345,3429.085,0.2635,0.2181,0.2732,0.1320,0.1132,2.070,0.798
7282,7281532,Neutral,good,1330.3,3.2,0.0,2159.246,2171.544,5346.566,3873.544,2853.939,0.1316,0.1324,0.3259,0.2361,0.1740,1.380,0.406
7283,7282532,Neutral,good,1331.4,3.3,0.0,2002.279,5134.828,1549.460,2353.663,2131.464,0.1520,0.3898,0.1176,0.1787,0.1618,0.658,3.314
7284,7283532,Neutral,good,1332.2,3.2,0.0,3720.504,959.712,2177.630,15022.930,2055.274,0.1554,0.0401,0.0910,0.6276,0.0859,0.145,0.441
7285,7284531,Neutral,good,1332.6,3.2,0.0,2233.979,2197.215,1756.843,1867.037,1591.114,0.2316,0.2278,0.1821,0.1936,0.1649,0.941,1.251
7286,7285531,Neutral,good,1332.2,2.7,0.0,512.428,976.969,666.352,2327.912,627.720,0.1003,0.1911,0.1304,0.4554,0.1228,0.286,1.466
7287,7286531,Neutral,good,1333.1,3.9,0.0,1877.876,8368.547,5220.765,6326.406,1445.078,0.0808,0.3601,0.2247,0.2722,0.0622,0.825,1.603
7288,7287531,Neutral,good,1332.3,4.0,0.0,1590.323,1727.677,3409.066,2432.784,1406.786,0.1505,0.1635,0.3226,0.2302,0.1331,1.401,0.507
7289,7288531,Neutral,good,1333.0,3.3,0.0,1547.880,10530.911,13651.606,4474.753,2951.967,0.0467,0.3176,0.4117,0.1350,0.0890,3.051,0.771
7290,7289531,Neutral,good,1333.3,3.9,0.0,5310.428,3911.333,355.374,2900.434,1727.887,0.3738,0.2753,0.0250,0.2042,0.1216,0.123,11.006
7291,7290531,Neutral,good,1333.2,3.5,0.0,9110.487,10869.344,3259.421,4780.202,1198.722,0.3118,0.3720,0.1116,0.1636,0.0410,0.682,3.335
7292,7291531,Neutral,good,1333.5,3.7,0.0,5197.465,15505.151,12991.699,3418.521,6964.505,0.1179,0.3518,0.2947,0.0776,0.1580,3.800,1.193
7293,7292531,Neutral,good,1334.1,3.2,0.0,1359.090,1343.825,2488.838,5914.104,2495.519,0.0999,0.0988,0.1830,0.4348,0.1835,0.421,0.540
7294,7293531,Neutral,good,1333.5,3.2,0.0,692.868,4278.162,2405.772,3070.855,974.418,0.0607,0.3746,0.2106,0.2689,0.0853,0.783,1.778
7295,7294531,Neutral,good,1333.2,2.5,0.0,8776.241,8396.142,1753.316,1314.664,342.738,0.4264,0.4079,0.0852,0.0639,0.0167,1.334,4.789
7296,7295531,Neutral,good,1332.0,3.6,0.0,22559.521,12878.749,11836.110,16830.943,1263.090,0.3451,0.1970,0.1811,0.2575,0.0193,0.703,1.088
7297,7296531,Neutral,good,1333.3,3.2,0.0,4843.298,3336.526,281.969,2880.539,1550.973,0.3756,0.2588,0.0219,0.2234,0.1203,0.098,11.833
7298,7297531,Neutral,good,1332.6,3.7,0.0,319.725,2475.293,3634.176,3129.603,2926.240,0.0256,0.1983,0.2911,0.2507,0.2344,1.161,0.681
7299,7298531,Neutral,good,1332.8,3.3,0.0,1783.557,2976.383,2174.913,5939.424,800.883,0.1304,0.2176,0.1590,0.4343,0.0586,0.366,1.369
7300,7299531,Neutral,good,1332.9,3.2,0.0,1761.753,5446.918,3196.446,1566.339,772.748,0.1382,0.4274,0.2508,0.1229,0.0606,2.041,1.704
7301,7300530,Neutral,good,1333.5,3.5,0.0,7072.762,3205.953,1320.409,4628.441,2259.494,0.3826,0.1734,0.0714,0.2504,0.1222,0.285,2.428
7302,7301530,Neutral,good,1334.0,3.7,0.0,4829.180,2278.876,1998.850,10007.472,4481.341,0.2047,0.0966,0.0847,0.4241,0.1899,0.200,1.140
7303,7302530,Neutral,good,1333.0,3.4,0.0,1887.661,2707.670,1196.110,2544.823,1898.067,0.1844,0.2646,0.1169,0.2487,0.1855,0.470,2.264
7304,7303530,Neutral,good,1333.0,3.1,0.0,10474.711,1602.182,1735.182,2091.393,1658.468,0.5964,0.0912,0.0988,0.1191,0.0944,0.830,0.923
7305,7304530,Neutral,good,1333.4,4.2,0.0,4577.238,2466.867,705.287,4226.753,1594.051,0.3373,0.1818,0.0520,0.3115,0.1175,0.167,3.498
7306,7305530,Neutral,good,1333.3,3.4,0.0,5287.667,5866.111,7052.190,4437.049,4352.226,0.1959,0.2173,0.2612,0.1644,0.1612,1.589,0.832
7307,7306530,Neutral,good,1332.8,3.7,0.0,2268.615,1844.546,9464.167,7904.074,2177.420,0.0959,0.0780,0.4000,0.3341,0.0920,1.197,0.195
7308,7307530,Neutral,good,1334.4,3.8,0.0,3051.246,2452.121,4659.017,9921.949,4890.352,0.1222,0.0982,0.1865,0.3973,0.1958,0.470,0.526
7309,7308530,Neutral,good,1334.1,3.8,0.0,3994.576,1634.917,1620.011,3620.799,6102.291,0.2354,0.0963,0.0954,0.2133,0.3595,0.447,1.009
7310,7309530,Neutral,good,1333.0,3.2,0.0,6403.470,3677.058,1702.723,4387.322,3869.970,0.3195,0.1835,0.0850,0.2189,0.1931,0.388,2.160
7311,7310530,Neutral,good,1333.7,2.6,0.0,515.273,1721.059,792.173,3626.969,2734.757,0.0549,0.1833,0.0844,0.3862,0.2912,0.218,2.173
7312,7311530,Neutral,good,1333.1,3.0,0.0,8378.193,9120.895,3495.422,1816.677,2820.647,0.3269,0.3558,0.1364,0.0709,0.1100,1.924,2.609
7313,7312530,Neutral,good,1333.9,3.3,0.0,10629.890,13225.929,1449.200,9305.986,3661.171,0.2777,0.3456,0.0379,0.2432,0.0957,0.156,9.126
7314,7313530,Neutral,good,1334.0,3.3,0.0,9703.668,7350.556,1992.832,6811.409,2416.415,0.3432,0.2600,0.0705,0.2409,0.0855,0.293,3.688
7315,7314530,Neutral,good,1333.1,3.1,0.0,5604.486,1621.370,5825.822,9988.656,2211.248,0.2219,0.0642,0.2307,0.3956,0.0876,0.583,0.278
7316,7315530,Neutral,good,1332.2,3.5,0.0,4055.995,2857.779,2923.442,3459.973,6591.428,0.2039,0.1437,0.1470,0.1740,0.3314,0.845,0.978
7317,7316529,Neutral,good,1332.5,4.7,0.0,4386.722,1956.530,3738.678,4111.577,1728.069,0.2755,0.1229,0.2348,0.2582,0.1085,0.909,0.523
7318,7317529,Neutral,good,1332.4,3.3,0.0,3099.475,2320.147,483.215,9221.140,4755.921,0.1559,0.1167,0.0243,0.4638,0.2392,0.052,4.801
7319,7318529,Neutral,good,1332.9,3.5,0.0,751.177,1294.743,1022.422,4073.576,3308.294,0.0719,0.1239,0.0978,0.3898,0.3166,0.251,1.266
7320,7319529,Neutral,good,1332.4,2.8,0.0,4494.224,5580.319,1549.387,5165.474,2683.853,0.2308,0.2866,0.0796,0.2653,0.1378,0.300,3.602
7321,7320529,Neutral,good,1332.8,2.7,0.0,1598.528,1982.075,227.552,1609.922,1474.598,0.2319,0.2876,0.0330,0.2336,0.2139,0.141,8.710
7322,7321529,Neutral,good,1334.4,3.8,0.0,2540.433,821.941,2824.708,4736.803,2975.896,0.1828,0.0591,0.2032,0.3408,0.2141,0.596,0.291
7323,7322529,Neutral,good,1333.4,3.3,0.0,1494.061,602.965,260.823,4976.954,1370.052,0.1716,0.0693,0.0300,0.5717,0.1574,0.052,2.312
7324,7323529,Neutral,good,1332.8,3.3,0.0,7444.624,1870.357,3431.993,2276.237,1380.265,0.4538,0.1140,0.2092,0.1388,0.0841,1.508,0.545
7325,7324529,Neutral,good,1333.3,3.3,0.0,579.593,2364.231,3143.989,3497.435,2685.604,0.0472,0.1927,0.2562,0.2850,0.2189,0.899,0.752
7326,7325529,Neutral,good,1332.3,3.4,0.0,2695.097,8195.036,3751.581,9268.919,6756.882,0.0879,0.2672,0.1223,0.3022,0.2203,0.405,2.184
7327,7326529,Neutral,good,1333.3,3.0,0.0,5571.975,16604.760,12942.779,2538.756,181.817,0.1473,0.4388,0.3420,0.0671,0.0048,5.098,1.283
7328,7327529,Neutral,good,1332.4,3.2,0.0,3996.652,3368.879,3726.181,3501.010,1858.464,0.2429,0.2048,0.2265,0.2128,0.1130,1.064,0.904
7329,7328529,Neutral,good,1332.3,3.6,0.0,16087.856,927.564,906.984,8184.844,1372.638,0.5854,0.0338,0.0330,0.2978,0.0500,0.111,1.023
7330,7329529,Neutral,good,1332.2,3.7,0.0,2240.094,11900.690,4947.108,2162.216,1173.657,0.0999,0.5307,0.2206,0.0964,0.0523,2.288,2.406
7331,7330529,Neutral,good,1332.2,3.4,0.0,3395.385,528.234,2669.708,3149.177,1617.870,0.2989,0.0465,0.2350,0.2772,0.1424,0.848,0.198
7332,7331529,Neutral,good,1332.8,2.9,0.0,243.757,995.721,1470.433,4973.099,1243.062,0.0273,0.1116,0.1647,0.5571,0.1393,0.296,0.677
7333,7332528,Neutral,good,1332.6,4.2,0.0,5344.242,4713.120,5371.130,8391.252,2278.971,0.2048,0.1806,0.2058,0.3215,0.0873,0.640,0.877
7334,7333528,Neutral,good,1332.1,3.2,0.0,4620.994,4909.489,394.857,4953.709,2054.746,0.2729,0.2899,0.0233,0.2925,0.1213,0.080,12.434
7335,7334528,Neutral,good,1333.9,3.6,0.0,9073.420,201.720,321.543,3559.487,3079.887,0.5588,0.0124,0.0198,0.2192,0.1897,0.090,0.627
7336,7335528,Neutral,good,1333.1,3.6,0.0,793.758,1059.924,2726.548,3768.451,2696.996,0.0719,0.0960,0.2468,0.3412,0.2442,0.724,0.389
7337,7336528,Neutral,good,1332.1,3.9,0.0,3961.476,2070.000,1756.134,2613.396,1990.327,0.3197,0.1671,0.1417,0.2109,0.1606,0.672,1.179
7338,7337528,Neutral,good,1333.0,3.2,0.0,1674.965,833.265,625.869,3433.429,1963.662,0.1963,0.0977,0.0734,0.4025,0.2302,0.182,1.331
7339,7338528,Neutral,good,1332.9,3.6,0.0,3407.405,2459.031,3082.660,11669.984,904.675,0.1583,0.1142,0.1432,0.5422,0.0420,0.264,0.798
7340,7339528,Neutral,good,1333.6,2.7,0.0,322.238,1929.365,2657.741,7140.411,1379.021,0.0240,0.1437,0.1979,0.5317,0.1027,0.372,0.726
7341,7340528,Neutral,good,1332.4,2.9,0.0,1686.234,322.779,873.451,2421.391,1648.515,0.2425,0.0464,0.1256,0.3483,0.2371,0.361,0.370
7342,7341528,Neutral,good,1333.2,3.5,0.0,3954.071,4927.731,3371.244,4746.216,3308.838,0.1947,0.2426,0.1660,0.2337,0.1629,0.710,1.462
7343,7342528,Neutral,good,1333.5,3.8,0.0,1082.785,6475.823,4430.238,3353.423,5728.625,0.0514,0.3073,0.2103,0.1591,0.2719,1.321,1.462
7344,7343528,Neutral,good,1333.3,3.3,0.0,11261.962,1047.865,2477.002,6693.609,1955.597,0.4805,0.0447,0.1057,0.2856,0.0834,0.370,0.423
7345,7344528,Neutral,good,1332.5,2.9,0.0,1150.269,3891.703,4936.189,5184.949,348.457,0.0742,0.2509,0.3182,0.3343,0.0225,0.952,0.788
7346,7345528,Neutral,good,1333.6,3.5,0.0,7815.531,7704.983,2777.337,17815.609,3536.181,0.1971,0.1943,0.0700,0.4493,0.0892,0.156,2.774
7347,7346528,Neutral,good,1333.2,3.9,0.0,720.334,1486.653,2069.154,8259.300,894.876,0.0536,0.1107,0.1541,0.6150,0.0666,0.251,0.718
7348,7347528,Neutral,good,1333.1,4.1,0.0,6953.045,1184.146,2204.287,4531.365,2717.887,0.3953,0.0673,0.1253,0.2576,0.1545,0.486,0.537
7349,7348527,Neutral,good,1333.7,3.6,0.0,5018.043,13285.091,9507.590,8924.736,1995.636,0.1296,0.3430,0.2455,0.2304,0.0515,1.065,1.397
7350,7349527,Neutral,good,1332.9,3.9,0.0,10597.976,2248.772,2786.776,18725.736,1865.888,0.2926,0.0621,0.0769,0.5169,0.0515,0.149,0.807
7351,7350527,Neutral,good,1333.0,3.4,0.0,1017.080,1382.266,1512.688,7258.995,1367.591,0.0811,0.1102,0.1206,0.5789,0.1091,0.208,0.914
7352,7351527,Neutral,good,1333.8,3.4,0.0,6418.977,7337.718,6876.295,2403.492,2473.049,0.2516,0.2876,0.2696,0.0942,0.0969,2.861,1.067
7353,7352527,Neutral,good,1333.4,3.6,0.0,2495.890,4295.413,2101.191,5496.050,6500.220,0.1195,0.2056,0.1006,0.2631,0.3112,0.382,2.044
7354,7353527,Neutral,good,1332.7,3.2,0.0,2062.173,412.634,171.918,1686.231,627.322,0.4157,0.0832,0.0347,0.3399,0.1265,0.102,2.400
7355,7354527,Neutral,good,1333.7,3.9,0.0,3187.987,273.517,740.676,3336.246,1045.199,0.3714,0.0319,0.0863,0.3887,0.1218,0.222,0.369
7356,7355527,Neutral,good,1333.2,2.9,0.0,455.834,1024.476,731.156,3212.939,2405.661,0.0582,0.1308,0.0934,0.4103,0.3072,0.228,1.401
7357,7356527,Neutral,good,1332.4,3.1,0.0,2569.489,1446.322,1481.155,3574.020,920.702,0.2572,0.1448,0.1482,0.3577,0.0921,0.414,0.976
7358,7357527,Neutral,good,1333.0,3.7,0.0,6517.659,3112.796,1441.548,4680.117,1748.042,0.3724,0.1779,0.0824,0.2674,0.0999,0.308,2.159
7359,7358527,Neutral,good,1332.3,2.8,0.0,3474.487,3332.647,3433.425,1171.376,1710.015,0.2648,0.2540,0.2617,0.0893,0.1303,2.931,0.971
7360,7359527,Neutral,good,1333.4,3.9,0.0,3307.258,4667.389,2544.693,5070.277,1593.372,0.1925,0.2716,0.1481,0.2951,0.0927,0.502,1.834
7361,7360527,Neutral,good,1332.6,3.9,0.0,3264.540,5103.464,3229.711,3700.256,2798.409,0.1804,0.2820,0.1785,0.2045,0.1546,0.873,1.580
7362,7361527,Neutral,good,1333.1,3.9,0.0,8521.880,23444.717,16928.537,8179.328,3410.357,0.1409,0.3876,0.2799,0.1352,0.0564,2.070,1.385
7363,7362527,Neutral,good,1333.0,3.6,0.0,1437.328,5196.861,6981.570,10320.468,2232.119,0.0549,0.1986,0.2668,0.3944,0.0853,0.676,0.744
7364,7363526,Neutral,good,1333.3,4.0,0.0,1185.568,3601.400,3473.543,4920.056,2136.846,0.0774,0.2351,0.2268,0.3212,0.1395,0.706,1.037
7365,7364526,Neutral,good,1333.0,3.0,0.0,4876.707,4718.401,1855.058,3910.857,3267.911,0.2618,0.2533,0.0996,0.2099,0.1754,0.474,2.544
7366,7365526,Neutral,good,1333.1,3.2,0.0,8416.433,11679.040,4800.774,2667.649,515.885,0.2997,0.4159,0.1710,0.0950,0.0184,1.800,2.433
7367,7366526,Neutral,good,1332.9,3.0,0.0,5227.300,8440.250,4419.876,5003.438,823.518,0.2186,0.3529,0.1848,0.2092,0.0344,0.883,1.910
7368,7367526,Neutral,good,1333.1,3.6,0.0,2677.709,1058.285,1465.401,8355.440,720.495,0.1875,0.0741,0.1026,0.5852,0.0505,0.175,0.722
7369,7368526,Neutral,good,1333.0,3.4,0.0,1384.537,6213.238,7112.571,3240.404,1933.517,0.0696,0.3125,0.3577,0.1630,0.0972,2.195,0.874
7370,7369526,Neutral,good,1333.5,3.3,0.0,7934.723,4015.815,3128.319,5035.354,2132.007,0.3567,0.1805,0.1406,0.2263,0.0958,0.621,1.284
7371,7370526,Neutral,good,1333.6,3.5,0.0,4631.583,4903.622,1214.035,5073.271,2061.954,0.2590,0.2742,0.0679,0.2837,0.1153,0.239,4.039
7372,7371526,Neutral,good,1333.5,3.7,0.0,7654.508,11449.229,6156.844,7394.935,2045.209,0.2206,0.3299,0.1774,0.2131,0.0589,0.833,1.860
7373,7372526,Neutral,good,1333.3,3.8,0.0,8036.136,7889.121,3396.772,2791.572,1998.776,0.3333,0.3272,0.1409,0.1158,0.0829,1.217,2.323
7374,7373526,Neutral,good,1333.0,3.2,0.0,1146.346,3884.969,6133.024,3381.441,3613.488,0.0631,0.2139,0.3377,0.1862,0.1990,1.814,0.633
7375,7374526,Neutral,good,1332.9,4.0,0.0,6536.503,3933.800,1944.722,4255.388,3577.986,0.3228,0.1943,0.0960,0.2102,0.1767,0.457,2.023
7376,7375526,Neutral,good,1332.7,2.9,0.0,6632.570,2911.237,1707.191,6823.273,501.321,0.3571,0.1567,0.0919,0.3673,0.0270,0.250,1.705
7377,7376526,Neutral,good,1332.7,3.1,0.0,425.668,3070.039,2813.790,3091.117,433.177,0.0433,0.3122,0.2861,0.3143,0.0440,0.910,1.091
7378,7377526,Neutral,good,1332.9,3.9,0.0,7409.648,12221.982,4019.499,3675.916,1158.580,0.2601,0.4291,0.1411,0.1290,0.0407,1.093,3.041
7379,7378525,Neutral,good,1332.4,3.1,0.0,2329.369,1747.247,2047.387,6072.621,5532.262,0.1314,0.0986,0.1155,0.3425,0.3120,0.337,0.853
7380,7379525,Neutral,good,1332.3,3.1,0.0,2951.896,2486.634,1540.061,1987.413,1128.584,0.2924,0.2463,0.1526,0.1969,0.1118,0.775,1.615
7381,7380525,Neutral,good,1332.8,3.3,0.0,2373.741,2792.743,2842.233,4069.369,1983.597,0.1688,0.1986,0.2021,0.2894,0.1411,0.698,0.983
7382,7381525,Neutral,good,1332.9,3.6,0.0,1935.742,1554.267,1196.206,802.727,1838.716,0.2642,0.2121,0.1632,0.1095,0.2509,1.490,1.299
7383,7382525,Neutral,good,1333.3,3.5,0.0,1966.024,4069.574,2483.802,12759.762,2063.772,0.0842,0.1743,0.1064,0.5466,0.0884,0.195,1.638
7384,7383525,Neutral,good,1333.2,2.7,0.0,5994.332,3994.848,936.099,3009.748,1969.446,0.3769,0.2512,0.0589,0.1892,0.1238,0.311,4.268
7385,7384525,Neutral,good,1333.4,2.9,0.0,1978.665,2502.465,2037.742,1311.753,2836.683,0.1855,0.2346,0.1910,0.1230,0.2659,1.553,1.228
7386,7385525,Neutral,good,1333.8,3.9,0.0,4953.932,4288.815,3222.615,2828.878,2240.701,0.2825,0.2446,0.1838,0.1613,0.1278,1.139,1.331
7387,7386525,Neutral,good,1333.6,4.1,0.0,8563.813,3669.281,4034.900,12388.637,6923.744,0.2407,0.1031,0.1134,0.3482,0.1946,0.326,0.909
7388,7387525,Neutral,good,1333.1,3.2,0.0,991.968,1137.285,3085.407,3571.483,627.335,0.1054,0.1208,0.3278,0.3794,0.0666,0.864,0.369
7389,7388525,Neutral,good,1332.7,3.7,0.0,3905.585,6515.969,1522.271,9735.993,1438.361,0.1689,0.2819,0.0658,0.4211,0.0622,0.156,4.280
7390,7389525,Neutral,good,1334.0,3.3,0.0,1927.852,1744.484,2553.634,3275.875,1693.951,0.1722,0.1558,0.2281,0.2926,0.1513,0.780,0.683
7391,7390525,Neutral,good,1333.2,3.7,0.0,9226.911,10557.050,11842.874,9308.602,1871.702,0.2155,0.2466,0.2767,0.2175,0.0437,1.272,0.891
7392,7391525,Neutral,good,1332.4,3.1,0.0,4401.416,4430.146,462.511,3651.221,3270.167,0.2714,0.2732,0.0285,0.2252,0.2017,0.127,9.578
7393,7392525,Neutral,good,1333.3,4.5,0.0,10272.559,5631.506,3479.381,12892.230,1185.463,0.3070,0.1683,0.1040,0.3853,0.0354,0.270,1.619
7394,7393525,Neutral,good,1334.2,3.8,0.0,5939.956,8666.729,3681.446,9736.188,3946.313,0.1858,0.2711,0.1152,0.3045,0.1234,0.378,2.354
7395,7394524,Neutral,good,1334.1,3.5,0.0,4915.113,2180.331,3303.710,5015.755,2546.129,0.2737,0.1214,0.1839,0.2793,0.1418,0.659,0.660
7396,7395524,Neutral,good,1333.0,4.0,0.0,13426.097,20511.875,13372.752,13995.884,1653.102,0.2132,0.3258,0.2124,0.2223,0.0263,0.955,1.534
7397,7396524,Neutral,good,1333.0,3.7,0.0,3011.199,2475.110,2595.646,3466.938,1173.165,0.2367,0.1946,0.2040,0.2725,0.0922,0.749,0.954
7398,7397524,Neutral,good,1333.6,3.7,0.0,5506.931,7918.832,6540.547,2830.424,1857.892,0.2234,0.3212,0.2653,0.1148,0.0754,2.311,1.211
7399,7398524,Neutral,good,1332.9,2.5,0.0,1502.667,1526.205,1172.283,1876.733,888.049,0.2157,0.2191,0.1683,0.2694,0.1275,0.625,1.302
7400,7399524,Neutral,good,1332.6,3.4,0.0,1416.350,1470.975,1624.659,6825.622,843.854,0.1163,0.1208,0.1334,0.5603,0.0693,0.238,0.905
7401,7400524,Neutral,good,1333.2,4.6,0.0,16335.299,11574.618,10272.775,13675.835,808.740,0.3102,0.2198,0.1951,0.2597,0.0154,0.751,1.127
7402,7401524,Neutral,good,1333.7,3.4,0.0,8047.556,6026.955,5379.809,9438.923,1404.960,0.2656,0.1989,0.1776,0.3115,0.0464,0.570,1.120
7403,7402524,Neutral,good,1333.3,3.3,0.0,595.871,341.577,2355.492,5526.548,4020.167,0.0464,0.0266,0.1835,0.4304,0.3131,0.426,0.145
7404,7403524,Neutral,good,1332.9,3.3,0.0,10960.078,6640.932,4342.914,8144.649,4210.450,0.3195,0.1936,0.1266,0.2375,0.1228,0.533,1.529
7405,7404524,Neutral,good,1328.4,6.8,0.0,71270.531,19160.211,4905.290,5416.326,4996.007,0.6740,0.1812,0.0464,0.0512,0.0472,0.906,3.906
