epoch,ms,label,quality,raw_rms,filt_rms,hum_pct,D_abs,T_abs,A_abs,B_abs,G_abs,D_rel,T_rel,A_rel,B_rel,G_rel,A_B_ratio,T_A_ratio
257,256981,Neutral,good,913.7,2.4,0.0,877.414,3264.120,4708.775,1151.597,493.851,0.0836,0.3110,0.4486,0.1097,0.0471,4.089,0.693
258,257981,Neutral,good,913.7,2.3,0.0,182.318,2201.582,1135.404,2156.534,532.734,0.0294,0.3546,0.1829,0.3473,0.0858,0.526,1.939
259,258981,Neutral,good,913.3,2.4,0.0,3431.546,1552.742,4428.544,4571.375,1555.725,0.2208,0.0999,0.2850,0.2942,0.1001,0.969,0.351
260,259981,Neutral,good,912.0,2.7,0.0,2986.712,4255.743,2737.068,2982.135,1620.269,0.2048,0.2919,0.1877,0.2045,0.1111,0.918,1.555
261,260981,Neutral,good,911.8,3.6,0.0,3420.026,4264.325,6279.945,4475.121,1104.869,0.1750,0.2182,0.3213,0.2290,0.0565,1.403,0.679
262,261981,Neutral,good,911.0,4.3,0.0,16513.395,12678.768,6774.972,5780.454,1171.146,0.3848,0.2954,0.1579,0.1347,0.0273,1.172,1.871
263,262981,Neutral,good,904.4,8.7,0.0,17072.939,5221.003,15886.423,12840.760,757.543,0.3297,0.1008,0.3068,0.2480,0.0146,1.237,0.329
264,263981,Neutral,good,910.6,35.3,0.0,2326033.500,397931.594,93175.117,120974.062,25456.846,0.7849,0.1343,0.0314,0.0408,0.0086,0.770,4.271
265,264981,Neutral,good,844.6,85.6,0.0,2844153.500,3219710.750,1768217.875,1042801.062,122821.219,0.3161,0.3578,0.1965,0.1159,0.0137,1.696,1.821
266,265981,Neutral,good,882.3,38.0,0.0,2989578.000,56102.719,12850.807,6632.526,2987.484,0.9744,0.0183,0.0042,0.0022,0.0010,1.938,4.366
267,266981,Neutral,good,882.3,23.9,0.0,292940.938,134652.062,16555.766,59369.938,4402.620,0.5767,0.2651,0.0326,0.1169,0.0087,0.279,8.133
268,267981,Neutral,good,879.5,13.4,0.0,399049.906,61174.398,8961.735,13075.619,1355.213,0.8251,0.1265,0.0185,0.0270,0.0028,0.685,6.826
269,268981,Neutral,good,891.8,11.7,0.0,102632.992,5719.630,1094.955,6298.647,1604.211,0.8746,0.0487,0.0093,0.0537,0.0137,0.174,5.224
270,269981,Neutral,good,889.8,2.8,0.0,2940.938,4477.440,3824.081,1277.046,456.030,0.2267,0.3451,0.2947,0.0984,0.0351,2.994,1.171
271,270980,Neutral,good,897.0,3.3,0.0,1642.694,7777.296,8833.816,724.418,1897.759,0.0787,0.3725,0.4232,0.0347,0.0909,12.194,0.880
272,271980,Neutral,good,901.3,3.5,0.0,1597.990,4663.099,6399.819,5131.641,433.422,0.0877,0.2558,0.3511,0.2816,0.0238,1.247,0.729
273,272980,Neutral,good,909.9,3.6,0.0,7342.249,3900.385,1890.718,4672.569,474.301,0.4016,0.2134,0.1034,0.2556,0.0259,0.405,2.063
274,273980,Neutral,good,912.9,3.1,0.0,3349.044,2207.659,4369.984,2192.642,888.042,0.2575,0.1697,0.3360,0.1686,0.0683,1.993,0.505
275,274980,Neutral,good,917.0,3.1,0.0,4071.057,2509.756,4133.166,8540.806,1001.515,0.2010,0.1239,0.2040,0.4216,0.0494,0.484,0.607
276,275980,Neutral,good,918.9,3.6,0.0,15769.396,1122.019,2132.522,1535.370,295.061,0.7562,0.0538,0.1023,0.0736,0.0141,1.389,0.526
277,276980,Neutral,good,917.2,5.2,0.0,32662.867,7914.687,4030.080,2069.979,1117.160,0.6834,0.1656,0.0843,0.0433,0.0234,1.947,1.964
278,277980,Neutral,good,916.9,4.0,0.0,6735.506,6898.639,13942.889,8145.024,371.388,0.1866,0.1911,0.3863,0.2257,0.0103,1.712,0.495
279,278980,Neutral,good,917.0,3.2,0.0,2463.556,2541.325,1596.837,3057.140,2273.697,0.2065,0.2130,0.1338,0.2562,0.1905,0.522,1.591
280,279980,Neutral,good,916.3,3.1,0.0,564.501,2853.876,4378.500,2581.834,810.836,0.0504,0.2550,0.3913,0.2307,0.0725,1.696,0.652
281,280980,Neutral,good,912.3,3.6,0.0,29074.650,12317.563,5281.093,3833.543,4454.771,0.5290,0.2241,0.0961,0.0697,0.0811,1.378,2.332
282,281980,Neutral,good,911.7,2.8,0.0,5616.564,3282.304,7319.517,5234.035,714.508,0.2534,0.1481,0.3302,0.2361,0.0322,1.398,0.448
283,282980,Neutral,good,910.1,3.1,0.0,1496.909,3396.661,3087.461,5190.250,4094.501,0.0867,0.1967,0.1788,0.3006,0.2371,0.595,1.100
284,283980,Neutral,good,909.7,3.6,0.0,8130.388,5273.933,773.684,3722.203,1482.031,0.4195,0.2721,0.0399,0.1920,0.0765,0.208,6.817
285,284980,Neutral,good,914.2,5.5,0.0,26505.645,4903.951,7470.677,3989.110,1629.353,0.5956,0.1102,0.1679,0.0896,0.0366,1.873,0.656
286,285979,Neutral,good,915.0,3.3,0.0,6824.606,1012.305,973.424,2137.688,868.048,0.5776,0.0857,0.0824,0.1809,0.0735,0.455,1.040
287,286979,Neutral,good,916.7,3.0,0.0,12760.093,3980.567,4067.488,1828.958,1272.442,0.5337,0.1665,0.1701,0.0765,0.0532,2.224,0.979
288,287979,Neutral,good,917.6,3.3,0.0,1725.713,5814.391,3807.150,4621.732,1048.484,0.1014,0.3417,0.2237,0.2716,0.0616,0.824,1.527
289,288979,Neutral,good,917.6,3.0,0.0,670.815,2028.417,5599.205,2953.691,830.501,0.0555,0.1679,0.4634,0.2445,0.0687,1.896,0.362
290,289979,Neutral,good,919.1,2.7,0.0,2035.671,5238.909,1645.099,5133.151,1252.165,0.1330,0.3423,0.1075,0.3354,0.0818,0.320,3.185
291,290979,Neutral,good,917.1,3.6,0.0,9687.431,2232.602,7542.758,4292.554,1462.046,0.3842,0.0885,0.2991,0.1702,0.0580,1.757,0.296
292,291979,Neutral,good,907.2,11.4,0.0,380319.594,18224.982,2014.345,2337.854,667.724,0.9424,0.0452,0.0050,0.0058,0.0017,0.862,9.048
293,292979,Neutral,good,871.5,29.9,0.0,2743730.000,211309.797,6447.173,27230.748,18023.391,0.9125,0.0703,0.0021,0.0091,0.0060,0.237,32.776
294,293979,Neutral,good,880.4,6.7,0.0,87839.734,2888.268,1470.746,2309.323,914.371,0.9205,0.0303,0.0154,0.0242,0.0096,0.637,1.964
295,294979,Neutral,good,881.0,11.5,0.0,249331.656,5610.000,6997.333,4012.856,1760.239,0.9313,0.0210,0.0261,0.0150,0.0066,1.744,0.802
296,295979,Neutral,good,882.3,11.2,0.0,204010.016,3285.043,2889.007,3581.722,3175.197,0.9404,0.0151,0.0133,0.0165,0.0146,0.807,1.137
297,296979,Neutral,good,883.0,7.6,0.0,50171.000,1599.519,3491.892,2984.167,224.324,0.8581,0.0274,0.0597,0.0510,0.0038,1.170,0.458
298,297979,Neutral,good,883.3,4.2,0.0,9636.580,2891.523,1076.493,2707.202,1057.231,0.5548,0.1665,0.0620,0.1559,0.0609,0.398,2.686
299,298979,Neutral,good,883.7,2.8,0.0,1251.929,384.449,2263.900,2329.900,988.144,0.1734,0.0533,0.3136,0.3228,0.1369,0.972,0.170
300,299979,Neutral,good,884.3,3.2,0.0,2210.342,9483.620,7187.076,5414.848,735.084,0.0883,0.3789,0.2871,0.2163,0.0294,1.327,1.320
301,300978,Neutral,good,890.3,5.7,0.0,51546.117,3622.106,6008.679,7218.569,2144.822,0.7307,0.0513,0.0852,0.1023,0.0304,0.832,0.603
302,301978,Neutral,good,897.2,4.7,0.0,10452.411,5585.021,4617.219,4473.345,3723.598,0.3623,0.1936,0.1600,0.1550,0.1291,1.032,1.210
303,302978,Neutral,good,898.7,2.8,0.0,3932.373,4717.203,1197.016,2801.450,384.871,0.3017,0.3619,0.0918,0.2150,0.0295,0.427,3.941
304,303978,Neutral,good,902.3,3.2,0.0,2203.590,5459.055,5709.401,1878.597,1396.645,0.1324,0.3279,0.3430,0.1128,0.0839,3.039,0.956
305,304978,Neutral,good,903.5,3.7,0.0,10913.983,3335.853,2526.077,2033.638,1008.938,0.5507,0.1683,0.1275,0.1026,0.0509,1.242,1.321
306,305978,Neutral,good,903.4,4.0,0.0,15135.927,2724.161,5552.898,3465.375,784.569,0.5472,0.0985,0.2007,0.1253,0.0284,1.602,0.491
307,306978,Neutral,good,903.7,3.8,0.0,7176.802,8156.615,3048.004,3091.030,1511.002,0.3123,0.3549,0.1326,0.1345,0.0657,0.986,2.676
308,307978,Neutral,good,904.8,2.9,0.0,1815.101,2138.155,3889.985,1889.858,1341.836,0.1639,0.1931,0.3512,0.1706,0.1212,2.058,0.550
309,308978,Neutral,good,905.2,2.6,0.0,1078.119,7513.676,3585.416,8659.105,692.253,0.0501,0.3490,0.1665,0.4022,0.0322,0.414,2.096
310,309978,Neutral,good,905.6,2.8,0.0,1834.845,1176.632,3149.370,1431.657,1926.597,0.1928,0.1236,0.3308,0.1504,0.2024,2.200,0.374
311,310978,Neutral,good,905.9,3.0,0.0,1335.120,4475.078,2890.959,2722.605,2558.281,0.0955,0.3201,0.2068,0.1947,0.1830,1.062,1.548
312,311978,Neutral,good,906.1,2.5,0.0,1208.093,491.951,1922.546,1945.230,648.884,0.1943,0.0791,0.3093,0.3129,0.1044,0.988,0.256
313,312978,Neutral,good,906.4,2.7,0.0,988.717,1349.189,1091.809,2753.981,1399.236,0.1304,0.1779,0.1440,0.3632,0.1845,0.396,1.236
314,313978,Neutral,good,906.1,3.1,0.0,2143.145,2931.572,3311.028,3698.152,1009.606,0.1637,0.2239,0.2529,0.2824,0.0771,0.895,0.885
315,314978,Neutral,good,906.5,2.9,0.0,723.155,6665.849,4891.617,2213.862,1317.020,0.0457,0.4216,0.3094,0.1400,0.0833,2.210,1.363
316,315977,Neutral,good,906.6,2.7,0.0,3247.158,1067.688,4306.662,2660.494,217.042,0.2824,0.0929,0.3745,0.2314,0.0189,1.619,0.248
317,316977,Neutral,good,907.0,3.0,0.0,9700.445,4159.409,2250.057,1963.940,558.623,0.5206,0.2232,0.1208,0.1054,0.0300,1.146,1.849
318,317977,Neutral,good,907.6,2.8,0.0,607.057,737.505,1023.796,4231.021,930.629,0.0806,0.0979,0.1360,0.5619,0.1236,0.242,0.720
319,318977,Neutral,good,908.0,2.7,0.0,1359.161,1373.809,2772.825,2737.159,2863.468,0.1224,0.1237,0.2497,0.2464,0.2578,1.013,0.495
320,319977,Neutral,good,907.9,3.0,0.0,381.876,2321.744,1455.058,3974.610,269.771,0.0454,0.2763,0.1732,0.4730,0.0321,0.366,1.596
321,320977,Neutral,good,907.7,3.0,0.0,581.218,9382.809,9655.438,3004.031,996.123,0.0246,0.3972,0.4088,0.1272,0.0422,3.214,0.972
322,321977,Neutral,good,907.4,2.7,0.0,92.914,2689.659,1362.591,2786.375,745.857,0.0121,0.3503,0.1775,0.3629,0.0971,0.489,1.974
323,322977,Neutral,good,907.9,2.8,0.0,1860.727,4596.401,7425.097,4414.465,625.693,0.0983,0.2429,0.3924,0.2333,0.0331,1.682,0.619
324,323977,Neutral,good,907.5,2.4,0.0,738.160,1399.050,632.295,2947.927,942.294,0.1108,0.2101,0.0949,0.4426,0.1415,0.214,2.213
325,324977,Neutral,good,907.4,2.8,0.0,2688.782,1144.962,3750.220,2476.960,715.317,0.2495,0.1062,0.3480,0.2299,0.0664,1.514,0.305
326,325977,Neutral,good,908.0,2.9,0.0,6220.510,4402.852,2194.138,4381.847,274.800,0.3560,0.2520,0.1256,0.2508,0.0157,0.501,2.007
327,326977,Neutral,good,907.4,2.5,0.0,7256.964,4924.620,3605.621,2516.422,1300.760,0.3702,0.2512,0.1839,0.1284,0.0664,1.433,1.366
328,327977,Neutral,good,907.5,2.8,0.0,1465.718,3074.827,927.032,2424.412,773.142,0.1692,0.3549,0.1070,0.2798,0.0892,0.382,3.317
329,328977,Neutral,good,907.3,3.0,0.0,3194.312,1945.411,2390.413,1276.278,607.670,0.3393,0.2066,0.2539,0.1356,0.0645,1.873,0.814
330,329977,Neutral,good,907.4,2.9,0.0,833.188,1889.732,3287.490,9005.150,1931.073,0.0492,0.1115,0.1940,0.5314,0.1140,0.365,0.575
331,330977,Neutral,good,908.2,2.5,0.0,2101.849,1234.922,827.426,1955.489,370.095,0.3239,0.1903,0.1275,0.3013,0.0570,0.423,1.492
332,331976,Neutral,good,908.8,2.9,0.0,3465.864,3295.116,2299.129,2645.406,606.289,0.2815,0.2676,0.1867,0.2149,0.0492,0.869,1.433
333,332976,Neutral,good,908.6,2.9,0.0,1297.300,1570.041,1668.923,1303.836,565.398,0.2025,0.2451,0.2605,0.2035,0.0883,1.280,0.941
334,333976,Neutral,good,908.2,2.9,0.0,632.726,9678.842,10497.999,2751.050,1277.922,0.0255,0.3897,0.4226,0.1108,0.0514,3.816,0.922
335,334976,Neutral,good,907.4,2.9,0.0,1790.246,1297.415,1832.723,7441.490,1641.541,0.1278,0.0926,0.1309,0.5314,0.1172,0.246,0.708
336,335976,Neutral,good,907.4,3.0,0.0,1012.074,3102.462,5046.339,2780.173,599.657,0.0807,0.2474,0.4024,0.2217,0.0478,1.815,0.615
337,336976,Neutral,good,907.6,3.0,0.0,3785.809,4263.140,3075.511,6588.549,558.392,0.2072,0.2333,0.1683,0.3606,0.0306,0.467,1.386
338,337976,Neutral,good,906.6,3.1,0.0,3445.036,10367.049,5806.932,3789.663,566.052,0.1437,0.4324,0.2422,0.1581,0.0236,1.532,1.785
339,338976,Neutral,good,906.4,2.9,0.0,2277.254,2835.545,3335.022,2997.255,1352.138,0.1779,0.2216,0.2606,0.2342,0.1057,1.113,0.850
340,339976,Neutral,good,907.4,2.9,0.0,2004.468,1913.235,3817.353,2156.736,473.818,0.1934,0.1846,0.3683,0.2081,0.0457,1.770,0.501
341,340976,Neutral,good,907.5,3.0,0.0,963.756,4337.948,2451.581,3396.539,950.330,0.0796,0.3585,0.2026,0.2807,0.0785,0.722,1.769
342,341976,Neutral,good,907.2,3.2,0.0,6031.835,3708.918,5293.418,3538.979,1158.420,0.3057,0.1880,0.2683,0.1794,0.0587,1.496,0.701
343,342976,Neutral,good,907.5,2.6,0.0,2235.285,4936.219,3134.594,4525.563,973.218,0.1414,0.3123,0.1983,0.2863,0.0616,0.693,1.575
344,343976,Neutral,good,908.8,3.0,0.0,979.063,434.700,1949.296,2160.477,2199.749,0.1268,0.0563,0.2524,0.2797,0.2848,0.902,0.223
345,344976,Neutral,good,908.1,2.5,0.0,114.023,4013.517,2862.095,1655.791,660.633,0.0123,0.4313,0.3076,0.1779,0.0710,1.729,1.402
346,345976,Neutral,good,908.5,2.9,0.0,1070.474,214.445,2256.776,1445.869,1559.371,0.1635,0.0328,0.3447,0.2208,0.2382,1.561,0.095
347,346975,Neutral,good,908.1,3.1,0.0,1869.979,2818.919,2345.703,4930.331,1002.056,0.1442,0.2174,0.1809,0.3802,0.0773,0.476,1.202
348,347975,Neutral,good,907.7,3.2,0.0,3910.129,4563.401,1857.740,6549.987,1252.878,0.2156,0.2516,0.1024,0.3612,0.0691,0.284,2.456
349,348975,Neutral,good,908.3,3.1,0.0,6342.475,14902.733,9301.734,2830.527,1283.279,0.1830,0.4300,0.2684,0.0817,0.0370,3.286,1.602
350,349975,Neutral,good,908.5,2.9,0.0,1231.478,2045.080,1486.477,1197.970,572.592,0.1885,0.3130,0.2275,0.1834,0.0876,1.241,1.376
351,350975,Neutral,good,908.4,2.9,0.0,10601.132,4864.244,1920.297,2388.308,891.121,0.5130,0.2354,0.0929,0.1156,0.0431,0.804,2.533
352,351975,Neutral,good,908.9,2.7,0.0,651.058,354.951,3198.152,4799.116,931.382,0.0655,0.0357,0.3219,0.4831,0.0938,0.666,0.111
353,352975,Neutral,good,908.7,2.5,0.0,1756.036,7440.350,8281.116,1067.671,273.324,0.0933,0.3954,0.4401,0.0567,0.0145,7.756,0.898
354,353975,Neutral,good,907.9,2.3,0.0,1103.297,528.642,816.763,1110.863,533.182,0.2696,0.1292,0.1996,0.2714,0.1303,0.735,0.647
355,354975,Neutral,good,904.4,5.1,0.0,63676.820,20537.117,26013.672,3886.326,843.133,0.5539,0.1787,0.2263,0.0338,0.0073,6.694,0.789
356,355975,Neutral,good,884.4,34.3,0.0,48115.852,15305.056,7998.948,4220.137,1460.815,0.6241,0.1985,0.1037,0.0547,0.0189,1.895,1.913
357,356975,Neutral,good,1042.8,123.5,0.0,15417889.000,911091.375,303066.750,407318.906,51753.500,0.9021,0.0533,0.0177,0.0238,0.0030,0.744,3.006
358,357975,Neutral,good,1137.6,95.8,0.0,11850129.000,356450.969,49144.691,49402.336,16299.202,0.9617,0.0289,0.0040,0.0040,0.0013,0.995,7.253
359,358975,Neutral,good,1176.3,110.3,0.0,73143432.000,2154014.000,405980.000,236885.000,47667.262,0.9626,0.0283,0.0053,0.0031,0.0006,1.714,5.306
360,359975,Neutral,good,1197.6,59.8,0.0,3370493.500,18988.414,24857.342,34102.953,4012.231,0.9763,0.0055,0.0072,0.0099,0.0012,0.729,0.764
362,361975,Neutral,good,1189.1,42.1,0.0,6437639.500,70773.539,77241.508,12287.855,2035.656,0.9754,0.0107,0.0117,0.0019,0.0003,6.286,0.916
363,362975,Neutral,good,1234.9,28.1,0.0,1348105.625,29555.738,14616.077,18240.615,1743.308,0.9546,0.0209,0.0103,0.0129,0.0012,0.801,2.022
364,363974,Neutral,good,1253.3,10.6,0.0,110247.891,15973.443,9722.381,7113.144,1647.941,0.7619,0.1104,0.0672,0.0492,0.0114,1.367,1.643
365,364974,Neutral,good,1265.3,8.4,0.0,122824.727,5500.528,2400.924,2465.733,1543.544,0.9116,0.0408,0.0178,0.0183,0.0115,0.974,2.291
366,365974,Neutral,good,1269.0,17.0,0.0,462817.281,13357.852,9381.690,16384.963,2966.841,0.9166,0.0265,0.0186,0.0325,0.0059,0.573,1.424
367,366974,Neutral,good,1272.0,17.5,0.0,416711.125,7372.333,3695.274,3593.185,1228.979,0.9633,0.0170,0.0085,0.0083,0.0028,1.028,1.995
368,367974,Neutral,good,1273.3,13.8,0.0,199630.188,10537.534,3658.458,2270.112,992.840,0.9196,0.0485,0.0169,0.0105,0.0046,1.612,2.880
369,368974,Neutral,good,1274.1,8.8,0.0,113891.898,5000.070,4842.394,6076.432,933.610,0.8711,0.0382,0.0370,0.0465,0.0071,0.797,1.033
370,369974,Neutral,good,1276.5,3.7,0.0,6061.615,1365.109,2021.774,2152.999,495.662,0.5011,0.1128,0.1671,0.1780,0.0410,0.939,0.675
371,370974,Neutral,good,1277.2,3.1,0.0,1810.559,8932.023,6051.499,3169.393,1538.865,0.0842,0.4154,0.2814,0.1474,0.0716,1.909,1.476
372,371974,Neutral,good,1277.2,3.1,0.0,1049.436,1177.453,2355.754,6844.462,3032.963,0.0726,0.0814,0.1629,0.4733,0.2097,0.344,0.500
373,372974,Neutral,good,1279.5,3.9,0.0,3550.209,2975.263,2726.756,2364.867,547.935,0.2918,0.2446,0.2241,0.1944,0.0450,1.153,1.091
374,373974,Neutral,good,1285.1,4.8,0.0,10468.873,262.882,427.641,2159.685,1254.490,0.7183,0.0180,0.0293,0.1482,0.0861,0.198,0.615
375,374974,Neutral,good,1288.3,3.5,0.0,2255.031,891.909,2570.396,2413.245,1536.145,0.2333,0.0923,0.2659,0.2496,0.1589,1.065,0.347
376,375974,Neutral,good,1289.8,3.3,0.0,3513.765,6304.111,5118.789,5650.133,1975.093,0.1557,0.2794,0.2269,0.2504,0.0875,0.906,1.232
377,376974,Neutral,good,1290.4,3.8,0.0,5614.944,10085.008,5461.612,11108.998,2726.407,0.1604,0.2882,0.1561,0.3174,0.0779,0.492,1.847
378,377973,Neutral,good,1291.9,3.4,0.0,2061.863,1548.401,3640.746,12475.435,800.060,0.1004,0.0754,0.1774,0.6078,0.0390,0.292,0.425
379,378974,Neutral,good,1292.7,2.7,0.0,8311.572,1765.348,905.732,2854.188,769.799,0.5690,0.1209,0.0620,0.1954,0.0527,0.317,1.949
380,379973,Neutral,good,1293.9,3.0,0.0,3118.501,6266.504,3494.530,2784.198,622.016,0.1915,0.3848,0.2146,0.1710,0.0382,1.255,1.793
381,380973,Neutral,good,1295.0,2.9,0.0,5594.168,2761.599,450.962,2381.565,206.342,0.4909,0.2424,0.0396,0.2090,0.0181,0.189,6.124
382,381973,Neutral,good,1295.8,3.3,0.0,4584.031,1987.973,1127.404,1944.936,1084.634,0.4273,0.1853,0.1051,0.1813,0.1011,0.580,1.763
383,382973,Neutral,good,1298.0,3.3,0.0,8422.566,6668.041,589.104,1322.053,6653.396,0.3561,0.2819,0.0249,0.0559,0.2813,0.446,11.319
384,383973,Neutral,good,1298.0,3.3,0.0,5181.974,3809.239,1669.559,3713.436,1669.794,0.3230,0.2374,0.1041,0.2315,0.1041,0.450,2.282
385,384973,Neutral,good,1299.1,2.9,0.0,3482.037,5920.998,2230.038,1449.865,522.420,0.2559,0.4352,0.1639,0.1066,0.0384,1.538,2.655
386,385973,Neutral,good,1298.9,3.5,0.0,2121.417,935.317,661.359,5501.613,3016.398,0.1734,0.0764,0.0540,0.4496,0.2465,0.120,1.414
387,386973,Neutral,good,1300.1,3.5,0.0,1951.906,7271.770,10500.625,9291.686,1585.766,0.0638,0.2376,0.3431,0.3036,0.0518,1.130,0.693
388,387973,Neutral,good,1299.5,2.9,0.0,4017.338,12035.834,9534.850,517.577,626.405,0.1503,0.4502,0.3567,0.0194,0.0234,18.422,1.262
389,388973,Neutral,good,1299.9,2.8,0.0,5364.473,791.015,125.949,8244.120,2935.517,0.3072,0.0453,0.0072,0.4721,0.1681,0.015,6.280
390,389973,Neutral,good,1300.5,3.5,0.0,3683.702,11657.925,4163.475,1643.744,2099.039,0.1585,0.5015,0.1791,0.0707,0.0903,2.533,2.800
391,390973,Neutral,good,1300.4,2.7,0.0,7175.222,3313.405,1610.961,2113.804,906.169,0.4746,0.2191,0.1065,0.1398,0.0599,0.762,2.057
392,391973,Neutral,good,1300.8,2.7,0.0,574.213,2317.836,2196.911,4739.424,1096.191,0.0526,0.2122,0.2011,0.4338,0.1003,0.464,1.055
393,392973,Neutral,good,1301.0,3.0,0.0,3151.901,1712.486,3412.836,3772.635,2329.582,0.2192,0.1191,0.2373,0.2624,0.1620,0.905,0.502
394,393973,Neutral,good,1300.9,3.0,0.0,1767.048,4499.021,4968.425,2595.932,2283.460,0.1097,0.2792,0.3083,0.1611,0.1417,1.914,0.906
395,394972,Neutral,good,1301.9,2.7,0.0,1023.919,774.871,780.253,1195.471,892.265,0.2194,0.1660,0.1672,0.2562,0.1912,0.653,0.993
396,395972,Neutral,good,1302.0,2.4,0.0,534.712,1956.016,2620.633,4192.451,596.637,0.0540,0.1976,0.2647,0.4235,0.0603,0.625,0.746
397,396972,Neutral,good,1302.0,3.2,0.0,5358.166,2950.835,1055.146,3067.550,1517.836,0.3841,0.2115,0.0756,0.2199,0.1088,0.344,2.797
398,397972,Neutral,good,1302.1,2.5,0.0,342.116,476.328,666.081,3088.531,705.887,0.0648,0.0902,0.1262,0.5851,0.1337,0.216,0.715
399,398972,Neutral,good,1302.3,2.8,0.0,771.245,2063.555,2219.305,1729.515,729.259,0.1027,0.2747,0.2954,0.2302,0.0971,1.283,0.930
400,399972,Neutral,good,1302.9,2.9,0.0,7004.756,8731.467,5761.354,2748.599,649.735,0.2814,0.3507,0.2314,0.1104,0.0261,2.096,1.516
401,400972,Neutral,good,1303.2,2.9,0.0,884.282,1579.629,1333.300,1604.992,2439.005,0.1128,0.2015,0.1700,0.2047,0.3110,0.831,1.185
402,401972,Neutral,good,1302.8,3.0,0.0,1996.469,10121.095,9592.207,1355.670,2871.658,0.0770,0.3902,0.3698,0.0523,0.1107,7.076,1.055
403,402972,Neutral,good,1303.1,2.6,0.0,1326.103,8164.548,3560.132,2944.291,1596.532,0.0754,0.4641,0.2024,0.1674,0.0908,1.209,2.293
404,403972,Neutral,good,1302.9,2.9,0.0,5791.168,11258.999,5445.383,2466.493,1888.099,0.2157,0.4193,0.2028,0.0919,0.0703,2.208,2.068
405,404972,Neutral,good,1303.7,2.5,0.0,3066.226,2185.031,464.702,1578.208,1828.026,0.3361,0.2395,0.0509,0.1730,0.2004,0.294,4.702
406,405972,Neutral,good,1302.8,3.1,0.0,1735.999,182.151,689.616,3513.297,917.356,0.2466,0.0259,0.0980,0.4992,0.1303,0.196,0.264
407,406972,Neutral,good,1303.6,2.7,0.0,1879.104,843.829,2069.129,2268.488,581.131,0.2459,0.1104,0.2708,0.2969,0.0760,0.912,0.408
408,407972,Neutral,good,1303.8,2.7,0.0,5298.375,347.439,1150.539,854.703,485.198,0.6512,0.0427,0.1414,0.1050,0.0596,1.346,0.302
409,408972,Neutral,good,1304.3,3.0,0.0,563.626,3470.085,5407.583,5966.494,2953.375,0.0307,0.1890,0.2945,0.3250,0.1608,0.906,0.642
410,409971,Neutral,good,1304.4,3.3,0.0,1557.099,1940.145,1113.423,4039.710,255.233,0.1748,0.2179,0.1250,0.4536,0.0287,0.276,1.743
411,410971,Neutral,good,1304.7,2.8,0.0,6558.134,3444.351,3392.251,2277.835,805.348,0.3980,0.2090,0.2059,0.1382,0.0489,1.489,1.015
412,411971,Neutral,good,1304.5,3.2,0.0,1764.306,474.822,1673.380,2642.325,1217.115,0.2270,0.0611,0.2153,0.3400,0.1566,0.633,0.284
413,412971,Neutral,good,1304.7,3.6,0.0,6353.650,5691.724,5890.111,7946.881,4008.813,0.2126,0.1904,0.1971,0.2659,0.1341,0.741,0.966
414,413971,Neutral,good,1304.4,2.8,0.0,2770.584,3775.439,700.371,918.122,924.928,0.3048,0.4154,0.0771,0.1010,0.1018,0.763,5.391
415,414971,Neutral,good,1304.0,3.5,0.0,1632.962,694.835,330.447,4954.493,4716.901,0.1324,0.0564,0.0268,0.4018,0.3826,0.067,2.103
416,415971,Neutral,good,1304.1,2.6,0.0,1001.781,2402.256,2562.773,2831.511,727.112,0.1052,0.2522,0.2690,0.2973,0.0763,0.905,0.937
417,416971,Neutral,good,1304.6,3.5,0.0,2275.260,4705.674,4839.814,2562.265,2239.903,0.1369,0.2831,0.2912,0.1541,0.1347,1.889,0.972
418,417971,Neutral,good,1304.9,2.8,0.0,1570.442,2275.128,2018.681,584.589,393.129,0.2295,0.3325,0.2950,0.0854,0.0575,3.453,1.127
419,418971,Neutral,good,1305.3,3.2,0.0,4884.033,6556.565,3239.173,5499.454,574.352,0.2353,0.3159,0.1561,0.2650,0.0277,0.589,2.024
420,419971,Neutral,good,1304.6,3.4,0.0,4558.708,9000.041,4090.874,2157.157,2346.625,0.2058,0.4063,0.1847,0.0974,0.1059,1.896,2.200
421,420971,Neutral,good,1305.0,3.3,0.0,3673.053,3587.234,3614.048,8739.846,1008.580,0.1781,0.1739,0.1752,0.4238,0.0489,0.414,0.993
422,421971,Neutral,good,1304.2,2.8,0.0,6882.991,6395.584,4864.545,1307.653,1213.727,0.3331,0.3095,0.2354,0.0633,0.0587,3.720,1.315
423,422971,Neutral,good,1305.2,2.7,0.0,2623.256,5082.643,6599.833,7205.417,1190.850,0.1156,0.2239,0.2907,0.3174,0.0525,0.916,0.770
424,423971,Neutral,good,1304.5,3.1,0.0,3730.452,5243.172,4584.285,7372.869,2805.548,0.1572,0.2209,0.1931,0.3106,0.1182,0.622,1.144
425,424970,Neutral,good,1304.6,2.9,0.0,2871.692,4220.376,3439.410,7980.081,1202.615,0.1457,0.2141,0.1745,0.4048,0.0610,0.431,1.227
426,425971,Neutral,good,1305.3,2.7,0.0,1731.756,3018.164,1440.711,1067.791,1140.811,0.2062,0.3593,0.1715,0.1271,0.1358,1.349,2.095
427,426970,Neutral,good,1305.5,3.1,0.0,23790.074,3396.862,858.343,3617.323,1027.879,0.7277,0.1039,0.0263,0.1107,0.0314,0.237,3.957
428,427970,Neutral,good,1305.1,2.7,0.0,917.935,2632.352,2226.355,6370.015,1234.565,0.0686,0.1967,0.1664,0.4760,0.0923,0.350,1.182
429,428970,Neutral,good,1306.3,2.7,0.0,1359.818,2323.273,3998.637,8038.771,2061.547,0.0765,0.1307,0.2249,0.4521,0.1159,0.497,0.581
430,429970,Neutral,good,1305.4,3.0,0.0,9663.801,7727.836,2226.530,3714.185,812.554,0.4002,0.3201,0.0922,0.1538,0.0337,0.599,3.471
431,430970,Neutral,good,1305.7,2.7,0.0,4650.222,6556.736,6400.826,7587.359,1277.233,0.1757,0.2477,0.2418,0.2866,0.0482,0.844,1.024
432,431970,Neutral,good,1305.3,2.6,0.0,179.591,4178.856,3477.429,1051.208,1457.917,0.0174,0.4039,0.3361,0.1016,0.1409,3.308,1.202
433,432970,Neutral,good,1305.5,2.7,0.0,238.839,2718.251,2375.920,3706.059,1022.729,0.0237,0.2702,0.2361,0.3683,0.1016,0.641,1.144
434,433970,Neutral,good,1305.5,2.8,0.0,618.269,695.201,1579.828,2711.825,2064.034,0.0806,0.0906,0.2060,0.3536,0.2691,0.583,0.440
435,434970,Neutral,good,1305.5,2.7,0.0,2179.279,4978.684,3403.994,4945.236,559.978,0.1356,0.3099,0.2119,0.3078,0.0349,0.688,1.463
436,435970,Neutral,good,1305.7,3.1,0.0,2057.760,4206.384,3303.614,3926.047,3073.410,0.1242,0.2539,0.1994,0.2370,0.1855,0.841,1.273
437,436970,Neutral,good,1305.8,3.5,0.0,4503.521,6528.215,3369.309,2272.487,876.489,0.2566,0.3720,0.1920,0.1295,0.0499,1.483,1.938
438,437970,Neutral,good,1306.4,3.0,0.0,2810.228,1085.787,731.002,1946.385,4112.067,0.2630,0.1016,0.0684,0.1822,0.3848,0.376,1.485
439,438970,Neutral,good,1304.7,3.7,0.0,1717.454,2036.765,4710.728,6364.817,1877.711,0.1028,0.1219,0.2820,0.3810,0.1124,0.740,0.432
440,439970,Neutral,good,1304.4,3.1,0.0,1472.133,3472.225,5283.707,1956.587,601.895,0.1151,0.2716,0.4132,0.1530,0.0471,2.700,0.657
441,440970,Neutral,good,1305.0,3.2,0.0,2385.072,3937.645,5359.036,1716.756,225.684,0.1751,0.2890,0.3933,0.1260,0.0166,3.122,0.735
442,441969,Neutral,good,1304.5,2.9,0.0,4844.127,3764.911,745.894,5209.545,2491.526,0.2840,0.2207,0.0437,0.3054,0.1461,0.143,5.048
443,442969,Neutral,good,1304.3,3.2,0.0,21761.703,1762.922,1053.583,3804.963,1030.538,0.7398,0.0599,0.0358,0.1294,0.0350,0.277,1.673
444,443969,Neutral,good,1305.1,3.0,0.0,1808.223,4179.224,378.649,3468.856,2154.464,0.1508,0.3486,0.0316,0.2893,0.1797,0.109,11.037
445,444969,Neutral,good,1305.1,3.6,0.0,13136.695,17030.119,10413.515,7687.276,5968.864,0.2422,0.3140,0.1920,0.1417,0.1101,1.355,1.635
446,445969,Neutral,good,1305.6,2.9,0.0,4138.713,5196.850,2892.891,6806.816,441.228,0.2125,0.2668,0.1485,0.3495,0.0227,0.425,1.796
447,446969,Neutral,good,1305.4,3.0,0.0,1387.200,3845.180,2695.731,2808.913,616.859,0.1222,0.3387,0.2374,0.2474,0.0543,0.960,1.426
448,447969,Neutral,good,1305.2,2.8,0.0,3605.110,887.549,622.622,1854.532,647.700,0.4733,0.1165,0.0817,0.2435,0.0850,0.336,1.426
449,448969,Neutral,good,1305.6,3.2,0.0,4847.053,13804.966,7809.329,6519.247,926.458,0.1430,0.4071,0.2303,0.1923,0.0273,1.198,1.768
450,449969,Neutral,good,1305.7,3.3,0.0,1028.177,1880.755,6702.771,7315.736,2205.949,0.0537,0.0983,0.3503,0.3824,0.1153,0.916,0.281
451,450969,Neutral,good,1305.1,3.0,0.0,305.960,2132.569,2726.017,6517.598,1696.560,0.0229,0.1594,0.2038,0.4872,0.1268,0.418,0.782
452,451969,Neutral,good,1305.4,2.7,0.0,948.892,3684.140,2131.374,3137.397,1181.172,0.0856,0.3324,0.1923,0.2831,0.1066,0.679,1.729
453,452969,Neutral,good,1305.4,3.2,0.0,3071.606,4020.828,2207.057,3385.712,1137.449,0.2222,0.2909,0.1597,0.2449,0.0823,0.652,1.822
454,453969,Neutral,good,1306.5,3.7,0.0,9457.132,10197.107,4432.266,6105.480,4833.549,0.2700,0.2911,0.1265,0.1743,0.1380,0.726,2.301
455,454969,Neutral,good,1305.1,3.1,0.0,664.726,1549.849,3087.113,2657.615,451.144,0.0790,0.1843,0.3671,0.3160,0.0536,1.162,0.502
456,455969,Neutral,good,1304.6,3.5,0.0,3999.400,2923.251,2913.080,2242.945,708.128,0.3128,0.2286,0.2278,0.1754,0.0554,1.299,1.003
457,456968,Neutral,good,1305.7,3.2,0.0,1952.993,3200.186,12481.479,8196.396,10216.342,0.0542,0.0888,0.3463,0.2274,0.2834,1.523,0.256
458,457968,Neutral,good,1306.6,3.5,0.0,2150.962,8481.462,5627.413,3546.053,2424.757,0.0968,0.3815,0.2531,0.1595,0.1091,1.587,1.507
459,458968,Neutral,good,1306.7,3.5,0.0,10352.549,5989.222,6306.458,2348.530,1489.521,0.3909,0.2261,0.2381,0.0887,0.0562,2.685,0.950
460,459968,Neutral,good,1305.6,2.7,0.0,1623.793,4587.163,1848.176,5710.980,1462.066,0.1066,0.3011,0.1213,0.3749,0.0960,0.324,2.482
461,460968,Neutral,good,1305.8,2.7,0.0,2837.273,4951.439,4105.413,4388.596,508.786,0.1690,0.2949,0.2445,0.2614,0.0303,0.935,1.206
462,461968,Neutral,good,1305.3,3.3,0.0,732.957,1443.606,5520.147,14147.130,1669.106,0.0312,0.0614,0.2348,0.6017,0.0710,0.390,0.262
463,462968,Neutral,good,1305.5,2.9,0.0,13183.918,1787.019,3176.581,2643.562,5770.162,0.4964,0.0673,0.1196,0.0995,0.2172,1.202,0.563
464,463968,Neutral,good,1305.9,2.6,0.0,6268.014,3572.436,5866.888,3784.325,2350.947,0.2870,0.1636,0.2686,0.1733,0.1076,1.550,0.609
465,464968,Neutral,good,1306.1,2.5,0.0,1869.091,7634.679,3975.956,1821.736,826.393,0.1159,0.4734,0.2465,0.1130,0.0512,2.183,1.920
466,465968,Neutral,good,1306.3,2.7,0.0,8448.016,1358.674,1264.488,4901.130,759.673,0.5049,0.0812,0.0756,0.2929,0.0454,0.258,1.074
467,466968,Neutral,good,1306.9,2.9,0.0,5331.223,10373.716,1646.785,2896.434,1111.828,0.2496,0.4857,0.0771,0.1356,0.0521,0.569,6.299
468,467968,Neutral,good,1305.9,3.5,0.0,13356.581,1631.683,1896.028,7085.746,373.051,0.5487,0.0670,0.0779,0.2911,0.0153,0.268,0.861
469,468968,Neutral,good,1305.8,3.1,0.0,11495.388,3450.254,633.306,2668.601,3201.002,0.5360,0.1609,0.0295,0.1244,0.1492,0.237,5.448
470,469968,Neutral,good,1305.5,3.1,0.0,3165.666,5342.386,7452.730,6417.305,4572.255,0.1175,0.1982,0.2765,0.2381,0.1697,1.161,0.717
471,470968,Neutral,good,1305.0,2.6,0.0,1316.025,1622.798,1094.328,1613.176,1478.662,0.1847,0.2278,0.1536,0.2264,0.2075,0.678,1.483
472,471968,Neutral,good,1305.1,3.1,0.0,8794.468,354.560,1876.807,3178.107,1127.144,0.5736,0.0231,0.1224,0.2073,0.0735,0.591,0.189
473,472968,Neutral,good,1304.4,2.8,0.0,6244.089,539.138,663.527,6659.429,1154.393,0.4092,0.0353,0.0435,0.4364,0.0756,0.100,0.813
474,473967,Neutral,good,1304.4,3.6,0.0,9065.981,6794.149,1977.494,10599.531,1422.842,0.3036,0.2275,0.0662,0.3550,0.0477,0.187,3.436
475,474967,Neutral,good,1304.4,2.6,0.0,8949.037,2438.854,2024.894,1646.963,896.438,0.5609,0.1528,0.1269,0.1032,0.0562,1.229,1.204
476,475967,Neutral,good,1304.6,2.7,0.0,3401.478,1995.194,927.530,2490.891,1402.006,0.3329,0.1953,0.0908,0.2438,0.1372,0.372,2.151
477,476967,Neutral,good,1304.3,3.1,0.0,4403.409,1384.445,2029.748,2730.925,1781.235,0.3571,0.1123,0.1646,0.2215,0.1445,0.743,0.682
478,477967,Neutral,good,1304.6,2.9,0.0,193.417,1276.417,2693.766,4750.033,2711.240,0.0166,0.1098,0.2317,0.4086,0.2332,0.567,0.474
479,478967,Neutral,good,1304.4,2.4,0.0,1612.134,1225.743,692.910,3104.949,2273.943,0.1809,0.1376,0.0778,0.3485,0.2552,0.223,1.769
480,479967,Neutral,good,1304.5,2.6,0.0,3892.089,1347.055,831.846,2831.838,860.028,0.3987,0.1380,0.0852,0.2901,0.0881,0.294,1.619
481,480967,Neutral,good,1304.8,3.2,0.0,1977.180,712.814,1804.962,7328.029,2583.746,0.1372,0.0495,0.1253,0.5087,0.1793,0.246,0.395
482,481967,Neutral,good,1304.9,3.6,0.0,13578.217,6241.073,2656.524,15115.048,1612.318,0.3464,0.1592,0.0678,0.3856,0.0411,0.176,2.349
483,482967,Neutral,good,1305.0,2.7,0.0,269.420,1035.519,687.658,2503.340,1356.067,0.0460,0.1770,0.1175,0.4278,0.2317,0.275,1.506
484,483967,Neutral,good,1305.1,2.6,0.0,4956.869,1932.309,463.253,1858.356,1763.329,0.4517,0.1761,0.0422,0.1693,0.1607,0.249,4.171
485,484967,Neutral,good,1305.2,2.1,0.0,625.123,1124.488,696.800,1943.674,1205.620,0.1117,0.2010,0.1245,0.3474,0.2155,0.358,1.614
486,485967,Neutral,good,1305.3,2.5,0.0,2647.925,2332.400,1706.024,2871.831,862.417,0.2541,0.2238,0.1637,0.2756,0.0828,0.594,1.367
487,486967,Neutral,good,1305.6,3.1,0.0,6364.471,571.878,1959.241,8854.507,1053.191,0.3385,0.0304,0.1042,0.4709,0.0560,0.221,0.292
488,487967,Neutral,good,1306.7,2.9,0.0,1862.348,3666.876,8233.770,4401.624,768.242,0.0984,0.1937,0.4349,0.2325,0.0406,1.871,0.445
489,488966,Neutral,good,1306.0,2.9,0.0,7485.100,2821.207,1415.304,3644.848,7373.233,0.3292,0.1241,0.0622,0.1603,0.3242,0.388,1.993
490,489966,Neutral,good,1306.6,2.9,0.0,6290.109,5771.737,1767.936,2723.415,1524.298,0.3480,0.3193,0.0978,0.1507,0.0843,0.649,3.265
491,490966,Neutral,good,1306.7,2.7,0.0,927.611,452.444,782.093,3709.562,2223.185,0.1146,0.0559,0.0966,0.4583,0.2746,0.211,0.579
492,491966,Neutral,good,1306.4,2.4,0.0,9137.227,2787.166,1264.169,1253.894,1883.777,0.5597,0.1707,0.0774,0.0768,0.1154,1.008,2.205
493,492966,Neutral,good,1306.1,3.0,0.0,1943.530,5053.427,1787.515,1695.635,946.252,0.1701,0.4423,0.1564,0.1484,0.0828,1.054,2.827
494,493966,Neutral,good,1306.5,2.8,0.0,3344.088,6485.582,1463.367,909.004,1028.517,0.2528,0.4902,0.1106,0.0687,0.0777,1.610,4.432
495,494966,Neutral,good,1305.9,3.2,0.0,1504.016,5601.690,5604.909,2604.368,1119.327,0.0915,0.3409,0.3410,0.1585,0.0681,2.152,0.999
496,495966,Neutral,good,1305.2,2.7,0.0,466.449,727.539,849.370,5303.621,2417.358,0.0478,0.0745,0.0870,0.5432,0.2476,0.160,0.857
497,496966,Neutral,good,1305.4,2.5,0.0,6001.053,6584.578,1043.222,2551.498,964.478,0.3500,0.3841,0.0608,0.1488,0.0563,0.409,6.312
498,497966,Neutral,good,1305.4,3.0,0.0,3109.135,5895.827,4125.976,4144.053,928.253,0.1708,0.3239,0.2267,0.2277,0.0510,0.996,1.429
499,498966,Neutral,good,1306.3,2.8,0.0,2211.066,1317.204,1135.702,3612.059,311.983,0.2575,0.1534,0.1322,0.4206,0.0363,0.314,1.160
500,499966,Neutral,good,1305.8,3.1,0.0,3238.003,5079.232,4159.959,2142.909,1610.870,0.1995,0.3129,0.2563,0.1320,0.0992,1.941,1.221
501,500966,Neutral,good,1306.2,2.9,0.0,463.836,1731.109,1475.705,2496.123,3318.611,0.0489,0.1825,0.1556,0.2632,0.3499,0.591,1.173
502,501966,Neutral,good,1306.0,3.4,0.0,304.579,1345.745,3337.919,1509.650,1086.390,0.0402,0.1774,0.4401,0.1990,0.1432,2.211,0.403
503,502966,Neutral,good,1306.0,3.3,0.0,21852.586,5279.559,2315.648,10014.314,3655.874,0.5068,0.1224,0.0537,0.2323,0.0848,0.231,2.280
504,503965,Neutral,good,1305.3,3.2,0.0,1227.581,1924.211,4005.336,9370.157,2653.678,0.0640,0.1003,0.2088,0.4885,0.1383,0.427,0.480
505,504965,Neutral,good,1306.1,3.1,0.0,7630.871,8127.370,8743.086,7201.151,5052.301,0.2076,0.2211,0.2379,0.1959,0.1375,1.214,0.930
506,505965,Neutral,good,1305.6,3.2,0.0,8079.184,4535.292,2370.634,2821.101,4780.295,0.3577,0.2008,0.1050,0.1249,0.2116,0.840,1.913
507,506965,Neutral,good,1305.6,2.5,0.0,491.796,3283.124,2222.593,2888.167,1579.302,0.0470,0.3137,0.2124,0.2760,0.1509,0.770,1.477
508,507965,Neutral,good,1305.1,3.4,0.0,7308.267,7710.720,12035.181,8735.882,2858.572,0.1891,0.1995,0.3114,0.2260,0.0740,1.378,0.641
509,508965,Neutral,good,1306.9,3.7,0.0,15339.730,5375.473,1850.545,2972.384,1541.892,0.5665,0.1985,0.0683,0.1098,0.0569,0.623,2.905
510,509965,Neutral,good,1305.8,2.9,0.0,4615.013,1010.913,1520.150,4234.302,2203.373,0.3397,0.0744,0.1119,0.3117,0.1622,0.359,0.665
511,510965,Neutral,good,1305.4,2.9,0.0,4918.117,7068.833,5566.986,2659.176,1022.115,0.2316,0.3329,0.2622,0.1252,0.0481,2.094,1.270
512,511965,Neutral,good,1305.8,2.7,0.0,1292.697,1032.403,386.208,1296.161,669.729,0.2764,0.2207,0.0826,0.2771,0.1432,0.298,2.673
513,512965,Neutral,good,1305.7,2.4,0.0,1590.411,2418.937,2701.511,2944.115,1243.909,0.1459,0.2219,0.2479,0.2701,0.1141,0.918,0.895
514,513965,Neutral,good,1305.8,2.8,0.0,2920.050,1313.432,732.172,7568.006,3594.942,0.1810,0.0814,0.0454,0.4692,0.2229,0.097,1.794
515,514965,Neutral,good,1306.0,3.6,0.0,2546.594,2219.941,2012.845,3110.142,4316.308,0.1793,0.1563,0.1417,0.2189,0.3038,0.647,1.103
516,515965,Neutral,good,1305.2,2.7,0.0,841.795,979.942,98.989,1803.126,1410.330,0.1640,0.1909,0.0193,0.3512,0.2747,0.055,9.899
517,516965,Neutral,good,1305.3,3.5,0.0,705.287,1552.419,1047.630,2530.592,1406.130,0.0974,0.2144,0.1447,0.3494,0.1942,0.414,1.482
518,517965,Neutral,good,1305.6,2.8,0.0,6546.177,5729.185,1560.464,2692.637,1950.519,0.3542,0.3100,0.0844,0.1457,0.1056,0.580,3.671
519,518964,Neutral,good,1306.3,3.1,0.0,5378.318,2300.946,2605.732,5467.656,1012.821,0.3208,0.1372,0.1554,0.3261,0.0604,0.477,0.883
520,519964,Neutral,good,1306.4,3.0,0.0,6345.505,2999.403,238.422,2139.576,692.933,0.5111,0.2416,0.0192,0.1723,0.0558,0.111,12.580
521,520964,Neutral,good,1306.4,2.9,0.0,3147.161,6241.577,7101.242,5469.678,1545.632,0.1339,0.2655,0.3021,0.2327,0.0658,1.298,0.879
522,521964,Neutral,good,1306.2,3.6,0.0,13102.048,4018.969,2970.100,6999.892,1348.373,0.4607,0.1413,0.1044,0.2461,0.0474,0.424,1.353
523,522964,Neutral,good,1306.3,2.6,0.0,2431.910,634.021,2663.614,1808.669,717.996,0.2946,0.0768,0.3226,0.2191,0.0870,1.473,0.238
524,523964,Neutral,good,1306.9,3.2,0.0,783.738,2627.640,1960.378,4119.192,1873.091,0.0690,0.2312,0.1725,0.3625,0.1648,0.476,1.340
525,524964,Neutral,good,1305.9,3.3,0.0,11700.854,1824.253,1201.574,3635.003,1600.728,0.5861,0.0914,0.0602,0.1821,0.0802,0.331,1.518
526,525964,Neutral,good,1307.3,3.2,0.0,5642.594,11603.225,8861.305,5998.606,1718.128,0.1668,0.3430,0.2620,0.1773,0.0508,1.477,1.309
527,526964,Neutral,good,1307.4,2.8,0.0,2499.118,5297.598,2762.820,989.069,528.305,0.2069,0.4387,0.2288,0.0819,0.0437,2.793,1.917
528,527964,Neutral,good,1306.1,3.3,0.0,4881.658,4055.295,2279.041,3118.147,1188.815,0.3145,0.2612,0.1468,0.2009,0.0766,0.731,1.779
529,528964,Neutral,good,1306.1,3.4,0.0,1708.680,3193.843,2537.544,9143.473,769.532,0.0985,0.1841,0.1462,0.5269,0.0443,0.278,1.259
530,529964,Neutral,good,1307.0,2.8,0.0,9992.251,3073.511,2277.464,3936.771,647.598,0.5014,0.1542,0.1143,0.1976,0.0325,0.579,1.350
531,530964,Neutral,good,1306.3,3.4,0.0,4061.235,7938.718,6049.879,3232.872,3301.616,0.1652,0.3229,0.2461,0.1315,0.1343,1.871,1.312
532,531964,Neutral,good,1307.6,3.0,0.0,3201.350,3149.639,1205.736,1827.967,3025.601,0.2580,0.2538,0.0972,0.1473,0.2438,0.660,2.612
533,532964,Neutral,good,1307.1,2.6,0.0,937.458,3094.334,994.425,2106.132,1219.977,0.1122,0.3705,0.1191,0.2522,0.1461,0.472,3.112
534,533964,Neutral,good,1306.3,2.6,0.0,1811.302,2026.984,1736.370,1464.456,246.423,0.2486,0.2782,0.2383,0.2010,0.0338,1.186,1.167
535,534963,Neutral,good,1306.4,3.0,0.0,4456.962,6361.299,1573.502,3002.871,1813.364,0.2590,0.3697,0.0914,0.1745,0.1054,0.524,4.043
536,535963,Neutral,good,1306.9,3.4,0.0,902.164,869.687,1799.271,14634.127,6058.060,0.0372,0.0358,0.0742,0.6031,0.2497,0.123,0.483
537,536963,Neutral,good,1306.4,2.8,0.0,8023.385,10958.268,10910.680,2731.486,405.081,0.2429,0.3318,0.3303,0.0827,0.0123,3.994,1.004
538,537963,Neutral,good,1307.1,2.9,0.0,1046.566,3071.999,4242.688,3827.856,857.540,0.0802,0.2355,0.3252,0.2934,0.0657,1.108,0.724
539,538963,Neutral,good,1307.6,3.7,0.0,3189.107,4475.276,3245.759,7320.633,2144.078,0.1565,0.2196,0.1593,0.3593,0.1052,0.443,1.379
540,539963,Neutral,good,1307.3,3.3,0.0,4569.386,4401.021,7718.112,10259.242,4214.315,0.1466,0.1412,0.2477,0.3292,0.1352,0.752,0.570
541,540963,Neutral,good,1307.8,3.3,0.0,2668.595,3302.188,691.029,2611.652,387.173,0.2762,0.3418,0.0715,0.2703,0.0401,0.265,4.779
542,541963,Neutral,good,1307.4,2.8,0.0,5822.617,6088.845,3497.281,8462.634,3816.037,0.2103,0.2199,0.1263,0.3056,0.1378,0.413,1.741
543,542963,Neutral,good,1307.7,3.0,0.0,3124.687,8751.860,6885.764,4652.320,1136.671,0.1273,0.3565,0.2805,0.1895,0.0463,1.480,1.271
544,543963,Neutral,good,1307.0,2.8,0.0,5909.399,2480.631,1451.409,1771.122,1514.344,0.4502,0.1890,0.1106,0.1349,0.1154,0.819,1.709
545,544963,Neutral,good,1307.5,2.7,0.0,2148.812,946.650,919.638,4515.629,479.043,0.2385,0.1051,0.1021,0.5012,0.0532,0.204,1.029
546,545963,Neutral,good,1307.4,2.8,0.0,4485.532,1845.678,2246.241,2752.645,1979.914,0.3370,0.1387,0.1688,0.2068,0.1488,0.816,0.822
547,546963,Neutral,good,1307.7,3.1,0.0,9816.011,10135.598,5055.724,1305.234,1357.020,0.3548,0.3663,0.1827,0.0472,0.0490,3.873,2.005
548,547963,Neutral,good,1307.6,3.0,0.0,5129.627,1462.820,2110.260,3215.088,2506.864,0.3556,0.1014,0.1463,0.2229,0.1738,0.656,0.693
549,548963,Neutral,good,1307.3,2.9,0.0,2357.914,636.300,922.284,4589.722,1532.311,0.2349,0.0634,0.0919,0.4572,0.1526,0.201,0.690
550,549963,Neutral,good,1307.0,2.8,0.0,687.743,1935.586,1848.309,6979.485,1536.726,0.0530,0.1490,0.1423,0.5374,0.1183,0.265,1.047
551,550962,Neutral,good,1306.9,3.1,0.0,2240.430,1209.699,275.754,1206.284,709.550,0.3971,0.2144,0.0489,0.2138,0.1258,0.229,4.387
552,551962,Neutral,good,1307.7,3.1,0.0,7214.420,12759.580,2664.694,1778.943,4890.049,0.2462,0.4354,0.0909,0.0607,0.1669,1.498,4.788
553,552962,Neutral,good,1307.0,2.4,0.0,3314.121,1861.730,1951.090,2431.895,399.837,0.3328,0.1869,0.1959,0.2442,0.0401,0.802,0.954
554,553962,Neutral,good,1306.7,3.0,0.0,1648.664,6133.019,3576.393,1102.898,1171.029,0.1209,0.4499,0.2624,0.0809,0.0859,3.243,1.715
555,554962,Neutral,good,1306.6,2.5,0.0,116.287,754.342,2305.232,10136.051,2654.962,0.0073,0.0472,0.1444,0.6348,0.1663,0.227,0.327
556,555962,Neutral,good,1306.9,2.9,0.0,951.289,1349.327,300.850,3874.082,1617.873,0.1175,0.1667,0.0372,0.4787,0.1999,0.078,4.485
557,556962,Neutral,good,1306.8,3.9,0.0,5931.928,4439.005,5700.831,4348.937,4373.412,0.2392,0.1790,0.2299,0.1754,0.1764,1.311,0.779
558,557962,Neutral,good,1306.9,2.9,0.0,4209.156,3943.464,605.963,2547.017,2457.547,0.3058,0.2865,0.0440,0.1851,0.1786,0.238,6.508
559,558962,Neutral,good,1306.2,2.6,0.0,969.400,3953.718,5120.404,905.992,192.772,0.0870,0.3548,0.4595,0.0813,0.0173,5.652,0.772
560,559962,Neutral,good,1306.8,2.7,0.0,640.236,4337.854,10320.342,8329.575,1150.151,0.0258,0.1751,0.4165,0.3362,0.0464,1.239,0.420
561,560962,Neutral,good,1307.2,3.0,0.0,6302.756,4624.754,4388.977,3521.612,1887.962,0.3041,0.2231,0.2118,0.1699,0.0911,1.246,1.054
562,561962,Neutral,good,1307.0,3.1,0.0,6317.674,2978.995,3690.514,2605.283,807.635,0.3852,0.1816,0.2250,0.1589,0.0492,1.417,0.807
563,562962,Neutral,good,1306.8,3.3,0.0,1526.220,3255.734,819.906,4606.521,6542.963,0.0911,0.1944,0.0489,0.2750,0.3906,0.178,3.971
564,563962,Neutral,good,1306.7,3.0,0.0,6423.379,1115.282,1308.217,4241.455,578.090,0.4700,0.0816,0.0957,0.3104,0.0423,0.308,0.853
565,564962,Neutral,good,1306.7,2.6,0.0,1789.746,294.994,2507.283,7526.688,261.803,0.1446,0.0238,0.2025,0.6079,0.0211,0.333,0.118
566,565962,Neutral,good,1307.1,3.1,0.0,917.029,1563.195,836.559,8224.236,1382.011,0.0710,0.1210,0.0647,0.6364,0.1069,0.102,1.869
567,566962,Neutral,good,1306.8,3.4,0.0,7675.911,2837.081,185.503,2774.155,677.040,0.5425,0.2005,0.0131,0.1961,0.0478,0.067,15.294
568,567961,Neutral,good,1306.1,3.3,0.0,1060.021,3513.157,3867.218,2861.160,2437.322,0.0772,0.2557,0.2815,0.2083,0.1774,1.352,0.908
569,568961,Neutral,good,1307.4,3.0,0.0,1464.317,1429.198,2343.724,1406.423,1576.176,0.1781,0.1739,0.2851,0.1711,0.1918,1.666,0.610
570,569961,Neutral,good,1307.3,3.1,0.0,2859.814,6300.292,3469.950,7662.575,4450.468,0.1156,0.2546,0.1402,0.3097,0.1799,0.453,1.816
571,570961,Neutral,good,1307.1,2.7,0.0,6723.093,4489.757,1413.432,6259.766,4687.906,0.2852,0.1905,0.0600,0.2655,0.1989,0.226,3.176
572,571961,Neutral,good,1306.8,2.8,0.0,9108.628,9681.955,3897.551,6742.580,427.392,0.3051,0.3243,0.1305,0.2258,0.0143,0.578,2.484
573,572961,Neutral,good,1307.3,2.7,0.0,796.788,1608.628,1956.302,3362.460,1226.609,0.0890,0.1797,0.2186,0.3757,0.1370,0.582,0.822
574,573961,Neutral,good,1308.4,3.1,0.0,2243.262,909.920,1526.570,1388.277,682.218,0.3323,0.1348,0.2262,0.2057,0.1011,1.100,0.596
575,574961,Neutral,good,1308.0,3.5,0.0,844.504,1014.800,848.866,3183.499,6333.542,0.0691,0.0830,0.0694,0.2604,0.5181,0.267,1.195
576,575961,Neutral,good,1308.5,2.9,0.0,8355.070,6898.856,2908.752,2640.579,1136.493,0.3808,0.3144,0.1326,0.1204,0.0518,1.102,2.372
577,576961,Neutral,good,1308.1,3.3,0.0,4343.391,3766.528,1590.364,1311.368,466.797,0.3784,0.3281,0.1386,0.1142,0.0407,1.213,2.368
578,577961,Neutral,good,1307.6,3.8,0.0,5793.187,6775.531,2214.207,8267.991,5304.528,0.2043,0.2389,0.0781,0.2916,0.1871,0.268,3.060
579,578961,Neutral,good,1307.4,2.7,0.0,768.149,793.311,1163.307,2308.938,2937.719,0.0964,0.0995,0.1459,0.2897,0.3685,0.504,0.682
580,579961,Neutral,good,1307.2,2.7,0.0,3822.690,1395.956,892.069,4624.463,2167.300,0.2963,0.1082,0.0691,0.3584,0.1680,0.193,1.565
581,580960,Neutral,good,1307.3,2.8,0.0,11210.100,2914.521,285.521,5527.238,7899.802,0.4027,0.1047,0.0103,0.1986,0.2838,0.052,10.208
582,581961,Neutral,good,1306.9,3.8,0.0,10370.337,9308.804,2063.946,5253.715,3679.502,0.3381,0.3035,0.0673,0.1713,0.1199,0.393,4.510
583,582960,Neutral,good,1307.1,2.9,0.0,6662.162,1314.610,789.472,1332.591,1229.578,0.5881,0.1160,0.0697,0.1176,0.1085,0.592,1.665
584,583960,Neutral,good,1306.4,2.8,0.0,9791.574,12865.305,3410.333,3613.550,596.510,0.3234,0.4249,0.1126,0.1193,0.0197,0.944,3.772
585,584960,Neutral,good,1306.3,2.9,0.0,5987.545,3052.264,1074.299,5391.182,4548.723,0.2986,0.1522,0.0536,0.2688,0.2268,0.199,2.841
586,585960,Neutral,good,1306.6,3.5,0.0,10613.612,2543.255,1312.865,5985.111,2517.560,0.4620,0.1107,0.0571,0.2605,0.1096,0.219,1.937
587,586960,Neutral,good,1307.0,2.9,0.0,2760.073,3147.718,1774.226,1463.641,2495.738,0.2371,0.2704,0.1524,0.1257,0.2144,1.212,1.774
588,587960,Neutral,good,1307.1,2.7,0.0,1397.681,2106.600,1257.606,1785.941,1298.686,0.1781,0.2685,0.1603,0.2276,0.1655,0.704,1.675
589,588960,Neutral,good,1306.7,2.6,0.0,1052.367,701.960,2195.666,7701.612,2870.040,0.0725,0.0483,0.1512,0.5304,0.1976,0.285,0.320
590,589960,Neutral,good,1306.8,3.2,0.0,2790.885,2680.966,661.446,2517.011,2236.118,0.2564,0.2463,0.0608,0.2312,0.2054,0.263,4.053
591,590960,Neutral,good,1307.5,3.9,0.0,20849.848,21200.377,4827.157,5343.557,2589.600,0.3804,0.3868,0.0881,0.0975,0.0472,0.903,4.392
592,591960,Neutral,good,1307.4,3.6,0.0,2549.726,1454.828,1326.177,1864.383,1912.778,0.2799,0.1597,0.1456,0.2047,0.2100,0.711,1.097
593,592960,Neutral,good,1306.5,2.3,0.0,726.554,411.884,1121.744,2502.897,1204.100,0.1218,0.0690,0.1880,0.4194,0.2018,0.448,0.367
594,593960,Neutral,good,1307.2,2.7,0.0,1008.186,671.646,1616.649,1448.699,173.176,0.2050,0.1366,0.3287,0.2945,0.0352,1.116,0.415
595,594960,Neutral,good,1306.4,3.4,0.0,940.339,1658.755,1051.305,4134.866,2606.482,0.0905,0.1596,0.1012,0.3979,0.2508,0.254,1.578
596,595960,Neutral,good,1307.1,3.0,0.0,5464.216,7003.128,6524.312,5224.440,910.591,0.2175,0.2787,0.2597,0.2079,0.0362,1.249,1.073
597,596960,Neutral,good,1306.4,3.2,0.0,6011.990,4831.992,2785.497,2095.545,1994.272,0.3393,0.2727,0.1572,0.1183,0.1125,1.329,1.735
598,597960,Neutral,good,1306.3,3.1,0.0,684.939,1369.314,1596.675,3646.458,1361.894,0.0791,0.1581,0.1844,0.4211,0.1573,0.438,0.858
599,598959,Neutral,good,1306.9,2.6,0.0,2226.236,2312.119,1017.109,2440.816,1646.695,0.2309,0.2398,0.1055,0.2531,0.1708,0.417,2.273
600,599959,Neutral,good,1307.5,2.5,0.0,470.452,1326.207,2600.839,4468.271,1119.053,0.0471,0.1328,0.2605,0.4475,0.1121,0.582,0.510
601,600959,Neutral,good,1306.7,2.8,0.0,1530.677,2460.888,932.713,3868.332,817.150,0.1593,0.2561,0.0971,0.4025,0.0850,0.241,2.638
602,601959,Neutral,good,1306.3,3.2,0.0,939.250,733.786,2368.374,7745.895,590.686,0.0759,0.0593,0.1913,0.6258,0.0477,0.306,0.310
603,602959,Neutral,good,1306.9,3.2,0.0,9462.930,8532.743,3890.392,6077.998,1401.676,0.3222,0.2906,0.1325,0.2070,0.0477,0.640,2.193
604,603959,Neutral,good,1307.2,3.1,0.0,2685.764,4825.252,6205.435,3075.232,1619.422,0.1459,0.2621,0.3370,0.1670,0.0880,2.018,0.778
605,604959,Neutral,good,1307.4,3.6,0.0,5693.479,1278.051,910.870,2206.900,1356.290,0.4974,0.1117,0.0796,0.1928,0.1185,0.413,1.403
606,605959,Neutral,good,1307.8,3.2,0.0,9800.302,3048.151,2706.673,1656.885,751.262,0.5456,0.1697,0.1507,0.0922,0.0418,1.634,1.126
607,606959,Neutral,good,1307.3,3.2,0.0,7519.688,3040.312,2542.796,1843.683,511.405,0.4865,0.1967,0.1645,0.1193,0.0331,1.379,1.196
608,607959,Neutral,good,1307.6,2.7,0.0,621.728,192.441,379.918,5628.443,1076.206,0.0787,0.0244,0.0481,0.7126,0.1363,0.067,0.507
609,608959,Neutral,good,1306.7,3.5,0.0,6256.557,11388.078,5440.062,3346.881,851.929,0.2293,0.4174,0.1994,0.1227,0.0312,1.625,2.093
610,609959,Neutral,good,1306.8,2.8,0.0,5928.137,5821.332,1831.615,964.064,1009.014,0.3811,0.3743,0.1178,0.0620,0.0649,1.900,3.178
611,610959,Neutral,good,1307.3,3.5,0.0,7205.520,7834.414,1595.064,4228.680,994.835,0.3296,0.3584,0.0730,0.1935,0.0455,0.377,4.912
612,611959,Neutral,good,1308.0,3.1,0.0,15954.276,10216.250,2546.155,3223.378,1956.743,0.4707,0.3014,0.0751,0.0951,0.0577,0.790,4.012
613,612958,Neutral,good,1307.7,2.4,0.0,1895.414,1304.288,2088.260,3546.974,660.839,0.1996,0.1374,0.2199,0.3735,0.0696,0.589,0.625
614,613958,Neutral,good,1308.0,3.7,0.0,1632.853,2366.905,3156.042,2730.144,6582.177,0.0992,0.1437,0.1916,0.1658,0.3997,1.156,0.750
615,614958,Neutral,good,1306.7,3.2,0.0,1179.482,4886.380,5599.058,4104.760,331.771,0.0733,0.3035,0.3477,0.2549,0.0206,1.364,0.873
616,615958,Neutral,good,1306.7,3.1,0.0,6167.542,5833.385,3268.629,3353.250,3182.983,0.2828,0.2675,0.1499,0.1538,0.1460,0.975,1.785
617,616958,Neutral,good,1307.2,2.9,0.0,3118.736,4764.758,3031.788,2669.806,740.511,0.2177,0.3326,0.2116,0.1864,0.0517,1.136,1.572
618,617958,Neutral,good,1307.0,2.4,0.0,840.568,3203.035,3790.803,2132.958,450.015,0.0807,0.3075,0.3639,0.2047,0.0432,1.777,0.845
619,618958,Neutral,good,1306.9,3.1,0.0,2494.631,1038.816,565.593,5072.263,1108.870,0.2427,0.1011,0.0550,0.4934,0.1079,0.112,1.837
620,619958,Neutral,good,1307.5,2.7,0.0,202.387,1887.689,1553.310,1463.045,1794.934,0.0293,0.2735,0.2251,0.2120,0.2601,1.062,1.215
621,620958,Neutral,good,1307.8,3.4,0.0,7149.121,8860.947,5341.407,6751.959,2452.677,0.2340,0.2900,0.1748,0.2210,0.0803,0.791,1.659
622,621958,Neutral,good,1307.7,2.4,0.0,1031.524,1482.306,1185.781,3536.904,2214.409,0.1091,0.1568,0.1255,0.3742,0.2343,0.335,1.250
623,622958,Neutral,good,1307.6,3.2,0.0,941.233,213.208,1266.780,2461.359,2594.990,0.1259,0.0285,0.1694,0.3292,0.3470,0.515,0.168
624,623958,Neutral,good,1307.7,2.8,0.0,3349.836,8066.951,4042.266,4095.323,5676.107,0.1328,0.3197,0.1602,0.1623,0.2250,0.987,1.996
625,624958,Neutral,good,1307.2,2.9,0.0,287.741,491.754,619.453,4553.929,2526.929,0.0339,0.0580,0.0731,0.5370,0.2980,0.136,0.794
626,625958,Neutral,good,1308.3,3.3,0.0,4757.229,2807.989,3053.593,2070.690,2881.112,0.3055,0.1803,0.1961,0.1330,0.1850,1.475,0.920
627,626958,Neutral,good,1308.3,3.0,0.0,1948.798,6876.014,7511.850,2066.492,287.239,0.1043,0.3679,0.4019,0.1106,0.0154,3.635,0.915
628,627958,Neutral,good,1307.8,3.0,0.0,1212.992,1440.102,1083.018,1183.865,2361.320,0.1666,0.1978,0.1487,0.1626,0.3243,0.915,1.330
629,628958,Neutral,good,1307.6,3.0,0.0,239.308,970.134,2865.733,4614.683,789.551,0.0252,0.1023,0.3023,0.4868,0.0833,0.621,0.339
630,629957,Neutral,good,1308.8,3.1,0.0,4309.030,1579.343,3780.420,5093.017,2274.988,0.2529,0.0927,0.2219,0.2989,0.1335,0.742,0.418
631,630957,Neutral,good,1309.0,2.7,0.0,3220.696,4474.385,958.757,4171.716,1145.287,0.2305,0.3203,0.0686,0.2986,0.0820,0.230,4.667
632,631957,Neutral,good,1308.3,3.0,0.0,1842.412,4068.491,4182.212,1364.265,1268.168,0.1448,0.3197,0.3286,0.1072,0.0997,3.066,0.973
633,632957,Neutral,good,1307.8,3.2,0.0,1527.554,4847.509,379.019,5287.311,1636.497,0.1117,0.3544,0.0277,0.3866,0.1196,0.072,12.790
634,633957,Neutral,good,1308.6,3.1,0.0,5311.549,856.925,1073.108,3865.672,5393.247,0.3219,0.0519,0.0650,0.2343,0.3269,0.278,0.799
635,634957,Neutral,good,1307.2,2.9,0.0,3115.881,6625.536,2386.248,4178.114,3725.769,0.1555,0.3308,0.1191,0.2086,0.1860,0.571,2.777
636,635957,Neutral,good,1307.3,3.1,0.0,1929.172,1122.401,713.329,5557.105,1912.862,0.1717,0.0999,0.0635,0.4946,0.1703,0.128,1.573
637,636957,Neutral,good,1308.0,2.9,0.0,4554.935,2620.477,2864.132,1734.080,2042.934,0.3297,0.1897,0.2073,0.1255,0.1479,1.652,0.915
638,637957,Neutral,good,1308.0,2.2,0.0,2909.381,420.146,855.645,2986.708,551.091,0.3767,0.0544,0.1108,0.3867,0.0714,0.286,0.491
639,638957,Neutral,good,1307.8,2.7,0.0,117.958,3220.639,3189.389,1345.179,1571.228,0.0125,0.3410,0.3377,0.1424,0.1664,2.371,1.010
640,639957,Neutral,good,1307.4,2.7,0.0,5753.038,1921.981,1220.052,2015.541,1218.758,0.4743,0.1585,0.1006,0.1662,0.1005,0.605,1.575
641,640957,Neutral,good,1307.3,3.0,0.0,11991.651,4216.899,4202.390,4763.947,3750.399,0.4146,0.1458,0.1453,0.1647,0.1297,0.882,1.003
642,641957,Neutral,good,1307.4,2.8,0.0,7540.478,1139.287,1253.906,2049.756,2392.294,0.5245,0.0793,0.0872,0.1426,0.1664,0.612,0.909
643,642957,Neutral,good,1307.2,3.2,0.0,5655.525,23516.070,20114.525,7691.605,1151.433,0.0973,0.4045,0.3460,0.1323,0.0198,2.615,1.169
644,643956,Neutral,good,1307.7,3.1,0.0,6416.959,2495.061,5149.166,9145.884,4003.232,0.2358,0.0917,0.1892,0.3361,0.1471,0.563,0.485
645,644956,Neutral,good,1306.5,2.6,0.0,208.882,668.066,734.820,3427.787,3197.766,0.0254,0.0811,0.0892,0.4161,0.3882,0.214,0.909
646,645956,Neutral,good,1307.0,2.8,0.0,2076.737,3620.920,762.468,2450.806,675.272,0.2166,0.3777,0.0795,0.2557,0.0704,0.311,4.749
647,646956,Neutral,good,1307.9,3.1,0.0,2244.974,3076.566,2694.625,3448.600,1555.814,0.1724,0.2363,0.2070,0.2649,0.1195,0.781,1.142
648,647956,Neutral,good,1307.2,2.5,0.0,6133.121,2094.622,1026.992,2827.833,1103.685,0.4651,0.1588,0.0779,0.2145,0.0837,0.363,2.040
649,648956,Neutral,good,1307.6,2.7,0.0,1872.189,3596.341,1499.365,1622.527,1099.531,0.1932,0.3711,0.1547,0.1674,0.1135,0.924,2.399
650,649956,Neutral,good,1307.6,3.1,0.0,4211.005,1608.411,2141.029,9156.736,3419.027,0.2051,0.0783,0.1043,0.4459,0.1665,0.234,0.751
651,650956,Neutral,good,1307.6,3.1,0.0,789.151,1929.662,3109.246,2499.690,1894.176,0.0772,0.1888,0.3042,0.2445,0.1853,1.244,0.621
652,651956,Neutral,good,1307.4,3.2,0.0,2344.638,5691.246,2990.127,4259.732,1015.059,0.1438,0.3491,0.1834,0.2613,0.0623,0.702,1.903
653,652956,Neutral,good,1307.2,2.8,0.0,1623.385,2928.007,2167.620,989.156,124.272,0.2073,0.3738,0.2767,0.1263,0.0159,2.191,1.351
654,653956,Neutral,good,1306.7,2.9,0.0,2314.268,1604.085,1361.219,6273.914,896.809,0.1859,0.1288,0.1093,0.5039,0.0720,0.217,1.178
655,654956,Neutral,good,1307.1,3.3,0.0,2588.140,4493.844,4300.031,3942.252,3922.533,0.1345,0.2335,0.2234,0.2048,0.2038,1.091,1.045
656,655956,Neutral,good,1307.3,2.9,0.0,17405.129,1852.827,736.655,3307.187,2054.677,0.6864,0.0731,0.0291,0.1304,0.0810,0.223,2.515
657,656956,Neutral,good,1307.2,2.9,0.0,8055.793,310.615,989.527,2848.213,2692.395,0.5408,0.0209,0.0664,0.1912,0.1807,0.347,0.314
658,657956,Neutral,good,1307.2,3.0,0.0,7417.809,2211.580,2516.809,2035.860,906.318,0.4916,0.1466,0.1668,0.1349,0.0601,1.236,0.879
659,658956,Neutral,good,1307.3,2.7,0.0,1786.863,3318.446,3391.646,2426.219,1666.219,0.1419,0.2636,0.2694,0.1927,0.1324,1.398,0.978
660,659955,Neutral,good,1308.1,3.1,0.0,3592.757,12011.615,3826.565,4342.862,2569.956,0.1364,0.4560,0.1453,0.1649,0.0976,0.881,3.139
661,660955,Neutral,good,1307.8,2.7,0.0,10371.749,1722.217,1185.469,1559.427,602.435,0.6717,0.1115,0.0768,0.1010,0.0390,0.760,1.453
662,661955,Neutral,good,1308.2,2.4,0.0,5339.587,4832.434,2888.748,1198.362,432.225,0.3635,0.3289,0.1966,0.0816,0.0294,2.411,1.673
663,662955,Neutral,good,1308.5,2.6,0.0,1182.068,3497.565,450.644,1105.076,403.774,0.1780,0.5268,0.0679,0.1664,0.0608,0.408,7.761
664,663955,Neutral,good,1307.9,3.2,0.0,2208.225,3521.760,2745.852,4265.032,1360.274,0.1566,0.2497,0.1947,0.3025,0.0965,0.644,1.283
665,664955,Neutral,good,1308.2,3.1,0.0,3758.720,5976.558,7018.403,6371.137,1926.312,0.1500,0.2386,0.2802,0.2543,0.0769,1.102,0.852
666,665955,Neutral,good,1307.5,3.3,0.0,2998.734,7333.843,6914.722,8239.763,2126.893,0.1086,0.2656,0.2504,0.2984,0.0770,0.839,1.061
667,666955,Neutral,good,1308.8,2.9,0.0,1110.901,1356.811,1975.089,3774.774,6383.573,0.0761,0.0929,0.1353,0.2585,0.4372,0.523,0.687
668,667955,Neutral,good,1307.9,2.6,0.0,3126.058,3393.692,3585.323,2484.701,806.819,0.2333,0.2533,0.2676,0.1855,0.0602,1.443,0.947
669,668955,Neutral,good,1307.5,3.2,0.0,3862.406,14565.610,9345.675,1930.593,1645.277,0.1232,0.4646,0.2981,0.0616,0.0525,4.841,1.559
670,669955,Neutral,good,1308.1,3.1,0.0,10190.998,7777.960,4140.688,5188.187,760.035,0.3632,0.2772,0.1476,0.1849,0.0271,0.798,1.878
671,670955,Neutral,good,1307.7,3.4,0.0,3865.054,5884.259,5306.260,1891.038,641.147,0.2198,0.3346,0.3017,0.1075,0.0365,2.806,1.109
672,671955,Neutral,good,1308.0,3.1,0.0,6511.083,1730.472,803.059,2976.959,422.037,0.5232,0.1391,0.0645,0.2392,0.0339,0.270,2.155
673,672955,Neutral,good,1307.6,2.6,0.0,1092.897,3290.904,2067.871,2697.624,1893.947,0.0990,0.2980,0.1873,0.2443,0.1715,0.767,1.591
674,673955,Neutral,good,1308.1,3.2,0.0,3409.775,3946.403,3627.762,5678.352,1509.297,0.1876,0.2172,0.1996,0.3125,0.0831,0.639,1.088
675,674955,Neutral,good,1308.0,2.8,0.0,1636.783,1624.058,1621.073,1627.746,868.037,0.2219,0.2201,0.2197,0.2206,0.1177,0.996,1.002
676,675955,Neutral,good,1308.7,2.5,0.0,934.732,971.090,129.418,1460.530,867.406,0.2142,0.2226,0.0297,0.3347,0.1988,0.089,7.504
677,676954,Neutral,good,1308.2,2.8,0.0,3729.203,7193.871,6172.720,2356.955,303.474,0.1888,0.3641,0.3124,0.1193,0.0154,2.619,1.165
678,677954,Neutral,good,1308.5,2.7,0.0,675.930,1026.204,1855.571,3298.687,687.634,0.0896,0.1360,0.2460,0.4373,0.0911,0.563,0.553
679,678954,Neutral,good,1308.4,3.0,0.0,2525.099,2477.288,4355.093,2637.975,2282.681,0.1769,0.1735,0.3050,0.1848,0.1599,1.651,0.569
680,679954,Neutral,good,1309.5,3.0,0.0,2111.598,1805.225,540.323,3706.301,1752.137,0.2130,0.1821,0.0545,0.3738,0.1767,0.146,3.341
681,680954,Neutral,good,1308.6,3.4,0.0,2380.826,4448.532,2410.066,10497.708,2732.903,0.1060,0.1980,0.1073,0.4672,0.1216,0.230,1.846
682,681954,Neutral,good,1308.9,3.1,0.0,1937.698,2353.378,2382.680,5276.802,9379.692,0.0908,0.1103,0.1117,0.2474,0.4397,0.452,0.988
683,682954,Neutral,good,1309.1,3.2,0.0,8490.005,11567.194,9248.603,6281.474,5696.603,0.2056,0.2802,0.2240,0.1522,0.1380,1.472,1.251
684,683954,Neutral,good,1308.1,2.8,0.0,1470.589,397.599,647.734,2831.746,1766.729,0.2067,0.0559,0.0910,0.3980,0.2483,0.229,0.614
685,684954,Neutral,good,1308.1,3.0,0.0,10709.196,2987.154,3483.155,4956.121,4424.854,0.4032,0.1125,0.1311,0.1866,0.1666,0.703,0.858
686,685954,Neutral,good,1308.7,2.5,0.0,499.522,1495.146,795.718,1662.913,959.580,0.0923,0.2762,0.1470,0.3072,0.1773,0.479,1.879
687,686954,Neutral,good,1309.2,3.1,0.0,9368.513,1327.405,3368.252,8160.073,1321.105,0.3979,0.0564,0.1431,0.3466,0.0561,0.413,0.394
688,687954,Neutral,good,1308.4,3.2,0.0,1910.245,5332.950,2244.571,3901.044,1908.870,0.1249,0.3486,0.1467,0.2550,0.1248,0.575,2.376
689,688954,Neutral,good,1308.6,2.7,0.0,6587.200,2067.069,1303.137,2828.011,784.758,0.4854,0.1523,0.0960,0.2084,0.0578,0.461,1.586
690,689954,Neutral,good,1308.5,3.2,0.0,10371.138,5235.219,6710.053,6665.601,3446.124,0.3198,0.1614,0.2069,0.2055,0.1063,1.007,0.780
691,690953,Neutral,good,1308.4,2.8,0.0,2546.838,2981.655,2263.360,2034.657,942.128,0.2365,0.2769,0.2102,0.1889,0.0875,1.112,1.317
692,691953,Neutral,good,1307.9,2.5,0.0,1733.604,2703.969,1907.880,702.491,1230.288,0.2094,0.3266,0.2305,0.0849,0.1486,2.716,1.417
693,692953,Neutral,good,1308.8,2.9,0.0,4835.661,4712.260,1119.958,2189.960,683.052,0.3571,0.3480,0.0827,0.1617,0.0504,0.511,4.208
694,693953,Neutral,good,1309.0,3.1,0.0,6024.150,3067.260,1459.088,3669.000,1264.867,0.3890,0.1981,0.0942,0.2369,0.0817,0.398,2.102
695,694953,Neutral,good,1309.2,2.6,0.0,3628.542,2258.403,2268.617,3328.820,1552.417,0.2783,0.1732,0.1740,0.2553,0.1191,0.682,0.995
696,695953,Neutral,good,1309.1,2.6,0.0,2037.250,2269.112,2891.018,2781.262,2035.381,0.1696,0.1889,0.2406,0.2315,0.1694,1.039,0.785
697,696953,Neutral,good,1308.5,3.3,0.0,7789.100,5477.082,1142.117,2980.068,1470.343,0.4130,0.2904,0.0606,0.1580,0.0780,0.383,4.796
698,697953,Neutral,good,1308.9,2.4,0.0,5439.356,7107.738,4711.356,4546.574,887.749,0.2397,0.3132,0.2076,0.2004,0.0391,1.036,1.509
699,698953,Neutral,good,1309.3,2.9,0.0,1182.267,3771.672,1475.455,4566.133,265.825,0.1050,0.3349,0.1310,0.4055,0.0236,0.323,2.556
700,699953,Neutral,good,1309.0,2.8,0.0,5105.189,2085.703,2250.823,3881.774,2295.470,0.3269,0.1335,0.1441,0.2485,0.1470,0.580,0.927
701,700953,Neutral,good,1308.9,2.8,0.0,398.053,5126.346,4244.402,3287.486,2133.413,0.0262,0.3375,0.2794,0.2164,0.1405,1.291,1.208
702,701953,Neutral,good,1309.1,2.8,0.0,2177.693,1370.042,1364.238,2786.563,1881.825,0.2273,0.1430,0.1424,0.2909,0.1964,0.490,1.004
703,702953,Neutral,good,1309.0,2.8,0.0,2544.293,2611.982,1830.375,1230.885,602.504,0.2885,0.2961,0.2075,0.1396,0.0683,1.487,1.427
704,703953,Neutral,good,1309.3,2.7,0.0,5926.591,3172.351,2777.964,1051.671,512.166,0.4409,0.2360,0.2067,0.0782,0.0381,2.641,1.142
705,704953,Neutral,good,1309.1,2.9,0.0,6816.648,3552.539,1189.313,4300.145,1537.756,0.3918,0.2042,0.0684,0.2472,0.0884,0.277,2.987
706,705952,Neutral,good,1309.3,2.7,0.0,5989.220,698.267,3606.476,3654.518,2510.516,0.3639,0.0424,0.2191,0.2220,0.1525,0.987,0.194
707,706953,Neutral,good,1309.3,2.1,0.0,2381.636,2445.603,3706.766,1754.952,2269.201,0.1896,0.1947,0.2952,0.1397,0.1807,2.112,0.660
708,707952,Neutral,good,1308.6,3.4,0.0,1912.540,124.359,2233.940,5105.359,4995.423,0.1331,0.0087,0.1554,0.3552,0.3476,0.438,0.056
709,708952,Neutral,good,1308.6,3.2,0.0,2897.137,2433.440,4595.370,4991.596,803.073,0.1843,0.1548,0.2923,0.3175,0.0511,0.921,0.530
710,709952,Neutral,good,1309.2,3.0,0.0,1499.457,447.420,1583.160,1578.615,395.617,0.2724,0.0813,0.2876,0.2868,0.0719,1.003,0.283
711,710952,Neutral,good,1309.1,2.4,0.0,1968.550,2684.480,1927.882,5196.218,1991.088,0.1430,0.1950,0.1400,0.3774,0.1446,0.371,1.392
712,711952,Neutral,good,1309.4,2.7,0.0,3314.803,2927.730,2216.736,3614.713,2625.459,0.2255,0.1992,0.1508,0.2459,0.1786,0.613,1.321
713,712952,Neutral,good,1307.5,3.4,0.0,2375.408,2912.439,1430.645,4950.516,5234.628,0.1405,0.1723,0.0846,0.2929,0.3097,0.289,2.036
714,713952,Neutral,good,1308.9,3.3,0.0,47.585,1465.887,1342.893,3161.050,942.605,0.0068,0.2106,0.1929,0.4542,0.1354,0.425,1.092
715,714952,Neutral,good,1309.2,3.1,0.0,1687.856,2638.294,895.398,2539.579,1138.065,0.1897,0.2965,0.1006,0.2854,0.1279,0.353,2.947
716,715952,Neutral,good,1308.5,3.0,0.0,11908.349,6479.496,953.554,2625.047,1346.055,0.5108,0.2779,0.0409,0.1126,0.0577,0.363,6.795
717,716952,Neutral,good,1309.5,2.7,0.0,1139.013,1483.329,1579.663,4702.611,1012.378,0.1149,0.1496,0.1593,0.4742,0.1021,0.336,0.939
718,717952,Neutral,good,1309.2,2.8,0.0,4270.689,1630.381,1269.566,3025.682,2022.615,0.3495,0.1334,0.1039,0.2476,0.1655,0.420,1.284
719,718952,Neutral,good,1308.5,2.9,0.0,1595.636,2842.000,2480.494,3159.417,1394.140,0.1391,0.2477,0.2162,0.2754,0.1215,0.785,1.146
720,719952,Neutral,good,1309.6,3.2,0.0,11654.806,7488.130,3951.792,8850.009,2392.098,0.3394,0.2181,0.1151,0.2577,0.0697,0.447,1.895
721,720952,Neutral,good,1308.6,2.6,0.0,4026.280,4785.525,1080.963,927.848,896.985,0.3436,0.4084,0.0923,0.0792,0.0766,1.165,4.427
722,721951,Neutral,good,1309.2,2.8,0.0,1238.811,2256.333,1871.072,1372.849,687.955,0.1668,0.3038,0.2519,0.1848,0.0926,1.363,1.206
723,722951,Neutral,good,1309.9,3.6,0.0,3098.720,5599.452,7023.152,10494.528,3635.236,0.1038,0.1876,0.2353,0.3516,0.1218,0.669,0.797
724,723951,Neutral,good,1309.6,3.0,0.0,464.527,1741.902,1789.038,8015.649,1230.067,0.0351,0.1316,0.1351,0.6054,0.0929,0.223,0.974
725,724951,Neutral,good,1308.9,3.4,0.0,10431.219,6248.028,1239.362,3082.377,845.359,0.4775,0.2860,0.0567,0.1411,0.0387,0.402,5.041
726,725951,Neutral,good,1309.1,3.0,0.0,5285.706,2818.089,636.849,2467.319,1441.561,0.4179,0.2228,0.0503,0.1951,0.1140,0.258,4.425
727,726951,Neutral,good,1308.8,3.2,0.0,5231.173,330.292,275.204,3921.717,2703.975,0.4198,0.0265,0.0221,0.3147,0.2170,0.070,1.200
728,727951,Neutral,good,1309.5,2.5,0.0,3195.804,3340.037,1533.141,2124.639,1303.093,0.2780,0.2905,0.1334,0.1848,0.1133,0.722,2.179
729,728951,Neutral,good,1308.5,2.7,0.0,8960.827,5623.998,2003.102,4037.339,1610.481,0.4030,0.2529,0.0901,0.1816,0.0724,0.496,2.808
730,729951,Neutral,good,1308.9,3.0,0.0,6764.627,4394.325,3244.592,4583.084,357.980,0.3497,0.2272,0.1677,0.2369,0.0185,0.708,1.354
731,730951,Neutral,good,1308.4,3.0,0.0,3292.419,1788.792,378.290,3377.522,1823.729,0.3088,0.1678,0.0355,0.3168,0.1711,0.112,4.729
732,731951,Neutral,good,1309.1,2.7,0.0,963.209,2476.563,2937.026,2106.611,487.157,0.1074,0.2761,0.3274,0.2348,0.0543,1.394,0.843
733,732951,Neutral,good,1309.8,3.1,0.0,1751.205,3664.504,4253.320,8890.516,2071.618,0.0849,0.1776,0.2062,0.4309,0.1004,0.478,0.862
734,733951,Neutral,good,1309.8,3.5,0.0,11310.894,2499.708,1618.123,4483.879,3677.503,0.4795,0.1060,0.0686,0.1901,0.1559,0.361,1.545
735,734951,Neutral,good,1308.9,2.9,0.0,1605.367,2648.316,729.014,6030.846,1381.517,0.1295,0.2137,0.0588,0.4866,0.1115,0.121,3.633
736,735951,Neutral,good,1309.9,2.6,0.0,2592.146,897.930,2700.962,5421.684,1648.902,0.1955,0.0677,0.2037,0.4088,0.1243,0.498,0.332
737,736951,Neutral,good,1310.0,2.6,0.0,4235.875,4570.554,120.685,3091.694,1550.047,0.3122,0.3368,0.0089,0.2279,0.1142,0.039,37.872
738,737950,Neutral,good,1309.2,3.5,0.0,62.859,2208.143,1547.953,3093.896,1506.422,0.0075,0.2623,0.1839,0.3675,0.1789,0.500,1.426
739,738950,Neutral,good,1309.0,3.5,0.0,16627.418,13787.301,2583.505,8282.276,1739.971,0.3865,0.3205,0.0601,0.1925,0.0404,0.312,5.337
740,739950,Neutral,good,1309.9,2.4,0.0,1425.529,1289.970,1824.698,6003.153,1984.860,0.1138,0.1030,0.1456,0.4792,0.1584,0.304,0.707
741,740950,Neutral,good,1309.3,2.8,0.0,8629.010,1494.033,1198.494,1865.064,1057.641,0.6058,0.1049,0.0841,0.1309,0.0743,0.643,1.247
742,741950,Neutral,good,1307.7,2.8,0.0,2097.134,3294.534,2654.683,4031.035,1268.415,0.1571,0.2469,0.1989,0.3020,0.0950,0.659,1.241
743,742950,Neutral,good,1306.4,2.7,0.0,5051.542,8821.538,6590.934,1893.196,678.932,0.2193,0.3829,0.2861,0.0822,0.0295,3.481,1.338
744,743950,Neutral,good,1307.1,2.7,0.0,683.973,2389.987,2158.593,5056.444,932.593,0.0610,0.2130,0.1924,0.4506,0.0831,0.427,1.107
745,744950,Neutral,good,1306.1,2.8,0.0,3197.972,4524.580,4282.430,2191.380,544.083,0.2170,0.3070,0.2905,0.1487,0.0369,1.954,1.057
746,745950,Neutral,good,1306.4,3.2,0.0,2967.016,7687.675,5315.792,9508.028,4308.183,0.0996,0.2581,0.1785,0.3192,0.1446,0.559,1.446
747,746950,Neutral,good,1307.2,2.9,0.0,1556.789,1753.490,743.272,1809.463,819.797,0.2330,0.2624,0.1112,0.2708,0.1227,0.411,2.359
748,747950,Neutral,good,1308.3,3.3,0.0,1899.972,2566.582,1719.283,1996.034,2000.249,0.1866,0.2521,0.1689,0.1960,0.1964,0.861,1.493
749,748950,Neutral,good,1308.4,3.2,0.0,1521.077,2553.491,2001.335,2735.758,2390.502,0.1358,0.2279,0.1787,0.2442,0.2134,0.732,1.276
750,749950,Neutral,good,1309.1,3.1,0.0,5376.404,1507.343,2127.079,3337.258,409.626,0.4214,0.1182,0.1667,0.2616,0.0321,0.637,0.709
751,750950,Neutral,good,1309.8,2.8,0.0,1864.032,6457.306,7142.805,3276.962,2301.090,0.0886,0.3069,0.3395,0.1557,0.1094,2.180,0.904
752,751950,Neutral,good,1309.0,2.9,0.0,9601.316,11354.230,2446.805,2265.548,1560.732,0.3526,0.4170,0.0899,0.0832,0.0573,1.080,4.640
753,752950,Neutral,good,1308.9,3.1,0.0,2339.695,1225.652,1737.198,1040.933,971.721,0.3198,0.1675,0.2375,0.1423,0.1328,1.669,0.706
754,753950,Neutral,good,1309.2,2.6,0.0,1152.724,1328.903,1785.654,7097.384,1713.865,0.0881,0.1016,0.1365,0.5427,0.1310,0.252,0.744
755,754949,Neutral,good,1309.6,3.0,0.0,3921.754,4595.038,4594.590,8704.876,4463.506,0.1492,0.1749,0.1748,0.3312,0.1698,0.528,1.000
756,755949,Neutral,good,1309.7,3.2,0.0,2015.202,947.256,607.465,3654.774,1710.392,0.2255,0.1060,0.0680,0.4090,0.1914,0.166,1.559
757,756949,Neutral,good,1308.8,3.1,0.0,1875.694,2698.770,823.457,2206.527,975.365,0.2186,0.3145,0.0960,0.2572,0.1137,0.373,3.277
758,757949,Neutral,good,1309.8,2.9,0.0,2826.486,1678.684,3594.238,15133.085,3210.103,0.1069,0.0635,0.1359,0.5723,0.1214,0.238,0.467
759,758949,Neutral,good,1310.1,3.1,0.0,3463.001,4506.437,2263.301,3081.788,594.580,0.2490,0.3240,0.1627,0.2216,0.0427,0.734,1.991
760,759949,Neutral,good,1309.6,2.6,0.0,1319.986,2754.933,2081.575,2858.423,1638.122,0.1239,0.2586,0.1954,0.2683,0.1538,0.728,1.323
761,760949,Neutral,good,1308.7,3.0,0.0,2267.476,2095.360,2727.434,6274.184,1062.423,0.1572,0.1452,0.1891,0.4349,0.0736,0.435,0.768
762,761949,Neutral,good,1309.3,2.5,0.0,719.242,7100.862,6163.871,2305.489,1298.981,0.0409,0.4037,0.3505,0.1311,0.0739,2.674,1.152
763,762949,Neutral,good,1308.5,3.0,0.0,2728.042,3627.297,6555.563,7069.843,1863.436,0.1249,0.1661,0.3001,0.3236,0.0853,0.927,0.553
764,763949,Neutral,good,1309.5,2.9,0.0,4030.335,3885.342,2655.832,3615.863,1456.776,0.2576,0.2484,0.1698,0.2311,0.0931,0.734,1.463
765,764949,Neutral,good,1309.2,3.2,0.0,7565.521,2086.354,713.291,4447.246,3139.895,0.4214,0.1162,0.0397,0.2477,0.1749,0.160,2.925
766,765949,Neutral,good,1309.7,2.9,0.0,7244.657,2580.897,2695.369,2952.717,1039.395,0.4387,0.1563,0.1632,0.1788,0.0629,0.913,0.958
767,766949,Neutral,good,1310.1,3.0,0.0,1094.671,2625.115,1729.001,3817.740,939.590,0.1073,0.2572,0.1694,0.3741,0.0921,0.453,1.518
768,767949,Neutral,good,1308.7,3.1,0.0,920.957,420.535,1279.967,3408.495,2827.377,0.1040,0.0475,0.1445,0.3848,0.3192,0.376,0.329
769,768949,Neutral,good,1309.1,2.7,0.0,1122.991,5388.563,4779.900,2263.923,529.749,0.0797,0.3826,0.3394,0.1607,0.0376,2.111,1.127
770,769949,Neutral,good,1309.2,2.6,0.0,647.216,3931.684,5331.094,5178.698,760.962,0.0408,0.2481,0.3364,0.3267,0.0480,1.029,0.738
771,770948,Neutral,good,1308.6,3.0,0.0,2884.788,510.896,3398.303,2323.033,1215.802,0.2792,0.0494,0.3289,0.2248,0.1177,1.463,0.150
772,771948,Neutral,good,1309.6,3.2,0.0,7893.826,4747.456,1409.068,2863.205,1448.676,0.4299,0.2585,0.0767,0.1559,0.0789,0.492,3.369
773,772948,Neutral,good,1308.6,2.8,0.0,8220.403,1527.017,1042.413,6201.131,1292.611,0.4496,0.0835,0.0570,0.3392,0.0707,0.168,1.465
774,773948,Neutral,good,1308.9,3.1,0.0,4021.572,3413.029,1016.925,1515.866,1759.977,0.3429,0.2910,0.0867,0.1293,0.1501,0.671,3.356
775,774948,Neutral,good,1308.2,3.0,0.0,568.527,381.828,1338.520,3674.062,983.674,0.0818,0.0550,0.1927,0.5289,0.1416,0.364,0.285
776,775948,Neutral,good,1308.4,2.8,0.0,3150.010,2007.502,3250.400,10385.005,1154.447,0.1579,0.1006,0.1629,0.5206,0.0579,0.313,0.618
777,776948,Neutral,good,1308.7,3.0,0.0,4509.259,828.440,2989.140,2921.030,1472.419,0.3545,0.0651,0.2350,0.2296,0.1158,1.023,0.277
778,777948,Neutral,good,1308.9,3.0,0.0,432.625,2065.705,2110.309,4867.714,663.585,0.0427,0.2037,0.2081,0.4801,0.0654,0.434,0.979
779,778948,Neutral,good,1309.0,2.7,0.0,5377.458,1692.779,881.810,1295.513,1309.991,0.5093,0.1603,0.0835,0.1227,0.1241,0.681,1.920
780,779948,Neutral,good,1308.9,2.8,0.0,7577.016,5067.980,925.205,2406.928,493.818,0.4600,0.3077,0.0562,0.1461,0.0300,0.384,5.478
781,780948,Neutral,good,1308.5,3.6,0.0,4920.068,7257.353,4363.047,7532.750,1853.872,0.1898,0.2799,0.1683,0.2905,0.0715,0.579,1.663
782,781948,Neutral,good,1309.0,2.7,0.0,2183.984,2932.221,1324.451,3296.469,359.572,0.2163,0.2904,0.1312,0.3265,0.0356,0.402,2.214
783,782948,Neutral,good,1308.7,2.8,0.0,3868.253,3041.969,4431.456,4028.497,834.232,0.2387,0.1877,0.2735,0.2486,0.0515,1.100,0.686
784,783948,Neutral,good,1309.2,2.8,0.0,6187.458,64.654,1273.951,1823.663,2104.885,0.5402,0.0056,0.1112,0.1592,0.1838,0.699,0.051
785,784948,Neutral,good,1309.1,3.2,0.0,7159.600,14153.199,4241.369,1834.260,619.844,0.2556,0.5053,0.1514,0.0655,0.0221,2.312,3.337
786,785947,Neutral,good,1309.3,2.6,0.0,863.504,2438.471,3523.778,4181.746,559.217,0.0747,0.2108,0.3046,0.3615,0.0483,0.843,0.692
787,786947,Neutral,good,1309.2,3.2,0.0,1420.837,1106.021,1102.469,6153.283,4603.940,0.0988,0.0769,0.0766,0.4277,0.3200,0.179,1.003
788,787947,Neutral,good,1309.1,3.3,0.0,5061.280,5523.997,5611.768,8536.211,2101.470,0.1886,0.2059,0.2091,0.3181,0.0783,0.657,0.984
789,788947,Neutral,good,1308.7,3.2,0.0,10725.498,9917.490,9597.169,1202.144,981.014,0.3308,0.3059,0.2960,0.0371,0.0303,7.983,1.033
790,789947,Neutral,good,1308.6,2.9,0.0,4799.623,2323.968,2365.111,3845.882,4866.975,0.2637,0.1277,0.1299,0.2113,0.2674,0.615,0.983
791,790947,Neutral,good,1309.0,3.0,0.0,1563.958,5352.022,6969.230,4522.924,541.335,0.0825,0.2824,0.3678,0.2387,0.0286,1.541,0.768
792,791947,Neutral,good,1309.8,3.1,0.0,1694.434,5772.858,4731.947,9555.923,3822.354,0.0662,0.2257,0.1850,0.3736,0.1494,0.495,1.220
793,792947,Neutral,good,1310.0,3.1,0.0,1326.886,1336.030,1285.371,3277.948,1858.968,0.1460,0.1471,0.1415,0.3608,0.2046,0.392,1.039
794,793947,Neutral,good,1309.4,3.5,0.0,21353.146,20959.965,1182.817,3954.713,4058.955,0.4145,0.4069,0.0230,0.0768,0.0788,0.299,17.720
795,794947,Neutral,good,1310.0,2.7,0.0,7378.389,8389.182,2850.856,2667.996,1074.753,0.3300,0.3752,0.1275,0.1193,0.0481,1.069,2.943
796,795947,Neutral,good,1310.6,2.9,0.0,7746.286,6715.608,770.938,1531.804,1842.043,0.4163,0.3609,0.0414,0.0823,0.0990,0.503,8.711
797,796947,Neutral,good,1310.2,3.3,0.0,14398.643,3639.469,3451.508,1841.094,1839.014,0.5721,0.1446,0.1371,0.0731,0.0731,1.875,1.054
798,797947,Neutral,good,1309.5,3.4,0.0,5851.755,1565.467,4213.630,5676.907,2994.922,0.2882,0.0771,0.2075,0.2796,0.1475,0.742,0.372
799,798947,Neutral,good,1309.4,3.2,0.0,2526.568,1583.355,797.476,2735.892,811.141,0.2988,0.1873,0.0943,0.3236,0.0959,0.291,1.985
800,799947,Neutral,good,1309.2,2.7,0.0,14727.375,893.140,1122.297,2190.268,2052.689,0.7018,0.0426,0.0535,0.1044,0.0978,0.512,0.796
801,800947,Neutral,good,1309.6,2.7,0.0,5822.700,3928.808,2919.150,4701.541,4103.723,0.2711,0.1829,0.1359,0.2189,0.1911,0.621,1.346
802,801946,Neutral,good,1309.3,3.0,0.0,8641.455,6328.844,3552.731,2063.124,255.500,0.4146,0.3037,0.1705,0.0990,0.0123,1.722,1.781
803,802946,Neutral,good,1310.5,3.5,0.0,1517.767,3172.059,6007.800,7500.936,2564.137,0.0731,0.1528,0.2894,0.3613,0.1235,0.801,0.528
804,803946,Neutral,good,1310.0,2.8,0.0,2413.398,1943.169,1579.580,1918.502,3158.803,0.2191,0.1764,0.1434,0.1742,0.2868,0.823,1.230
805,804946,Neutral,good,1310.2,2.7,0.0,1953.641,4924.409,4390.821,5927.556,811.703,0.1085,0.2735,0.2438,0.3292,0.0451,0.741,1.122
806,805946,Neutral,good,1309.7,3.0,0.0,381.293,1118.125,1506.455,10952.725,832.970,0.0258,0.0756,0.1018,0.7405,0.0563,0.138,0.742
807,806946,Neutral,good,1309.6,3.3,0.0,12011.361,2544.375,2887.420,3570.687,5066.518,0.4606,0.0976,0.1107,0.1369,0.1943,0.809,0.881
808,807946,Neutral,good,1310.4,2.7,0.0,6687.042,2513.084,1934.897,6322.756,2656.941,0.3324,0.1249,0.0962,0.3143,0.1321,0.306,1.299
809,808946,Neutral,good,1311.3,3.2,0.0,868.732,5487.881,2764.898,6406.185,1709.053,0.0504,0.3184,0.1604,0.3717,0.0992,0.432,1.985
810,809946,Neutral,good,1309.6,3.9,0.0,4018.708,2522.516,5699.593,3862.896,1101.264,0.2336,0.1466,0.3313,0.2245,0.0640,1.475,0.443
811,810946,Neutral,good,1309.5,3.5,0.0,2922.760,5608.159,5011.955,12793.191,2856.751,0.1001,0.1921,0.1717,0.4382,0.0979,0.392,1.119
812,811946,Neutral,good,1309.4,3.0,0.0,1126.353,296.157,1120.491,3423.708,1312.345,0.1547,0.0407,0.1539,0.4704,0.1803,0.327,0.264
813,812946,Neutral,good,1310.1,3.0,0.0,10807.665,12954.255,5770.633,1747.644,1721.748,0.3275,0.3925,0.1749,0.0530,0.0522,3.302,2.245
814,813946,Neutral,good,1309.4,3.0,0.0,2874.022,133.253,1181.684,8052.578,3037.671,0.1881,0.0087,0.0773,0.5270,0.1988,0.147,0.113
815,814946,Neutral,good,1309.2,3.0,0.0,1921.918,1697.304,2715.851,4746.457,1446.584,0.1534,0.1355,0.2168,0.3789,0.1155,0.572,0.625
816,815945,Neutral,good,1310.2,2.9,0.0,1427.987,2868.675,1830.104,1745.878,3102.195,0.1301,0.2614,0.1668,0.1591,0.2827,1.048,1.567
817,816945,Neutral,good,1310.1,3.5,0.0,8779.556,2796.670,3739.872,2864.601,2850.927,0.4174,0.1330,0.1778,0.1362,0.1356,1.306,0.748
818,817945,Neutral,good,1310.3,2.7,0.0,2980.470,2664.901,378.522,3231.589,1644.745,0.2734,0.2445,0.0347,0.2965,0.1509,0.117,7.040
819,818945,Neutral,good,1309.9,3.1,0.0,5439.335,1742.589,2059.388,4037.885,5688.167,0.2868,0.0919,0.1086,0.2129,0.2999,0.510,0.846
820,819945,Neutral,good,1309.6,2.9,0.0,3312.055,251.875,716.468,3379.500,2956.847,0.3120,0.0237,0.0675,0.3183,0.2785,0.212,0.352
821,820945,Neutral,good,1310.5,3.1,0.0,20884.764,15699.170,5106.346,4399.438,1900.381,0.4352,0.3271,0.1064,0.0917,0.0396,1.161,3.074
822,821945,Neutral,good,1310.5,3.9,0.0,1392.706,3921.357,4399.312,2884.760,1141.435,0.1014,0.2854,0.3202,0.2100,0.0831,1.525,0.891
823,822945,Neutral,good,1309.5,3.9,0.0,3397.191,2866.672,2395.617,4808.935,2606.804,0.2113,0.1783,0.1490,0.2992,0.1622,0.498,1.197
824,823945,Neutral,good,1309.4,2.8,0.0,282.399,2346.774,3473.303,3782.807,573.888,0.0270,0.2244,0.3321,0.3617,0.0549,0.918,0.676
825,824945,Neutral,good,1309.9,2.7,0.0,2378.652,2208.861,1659.005,5378.346,1682.529,0.1787,0.1660,0.1247,0.4042,0.1264,0.308,1.331
826,825945,Neutral,good,1310.0,2.5,0.0,620.546,1611.677,2165.835,1992.756,1541.407,0.0782,0.2032,0.2730,0.2512,0.1943,1.087,0.744
827,826945,Neutral,good,1310.3,2.8,0.0,1118.179,1439.220,1265.715,2645.867,1312.086,0.1437,0.1850,0.1627,0.3400,0.1686,0.478,1.137
828,827945,Neutral,good,1309.1,3.2,0.0,1342.329,935.827,1926.617,1238.592,1314.258,0.1986,0.1385,0.2851,0.1833,0.1945,1.555,0.486
829,828945,Neutral,good,1309.0,2.7,0.0,1028.861,153.252,1114.720,4220.836,1087.649,0.1353,0.0202,0.1466,0.5550,0.1430,0.264,0.137
830,829945,Neutral,good,1310.0,2.7,0.0,2429.795,2502.718,4153.317,2027.212,385.679,0.2113,0.2177,0.3612,0.1763,0.0335,2.049,0.603
831,830945,Neutral,good,1309.7,2.9,0.0,5396.861,3920.543,921.317,1929.859,2857.158,0.3592,0.2609,0.0613,0.1284,0.1902,0.477,4.255
832,831944,Neutral,good,1310.0,3.2,0.0,3481.447,5433.463,4459.648,4610.236,1681.384,0.1770,0.2763,0.2268,0.2344,0.0855,0.967,1.218
833,832944,Neutral,good,1310.0,2.3,0.0,3012.413,2591.305,1685.797,5105.084,429.746,0.2349,0.2021,0.1315,0.3981,0.0335,0.330,1.537
834,833944,Neutral,good,1310.1,2.6,0.0,430.085,1560.568,3040.592,3981.374,1760.911,0.0399,0.1449,0.2822,0.3696,0.1634,0.764,0.513
835,834944,Neutral,good,1309.9,3.0,0.0,3829.698,2708.747,939.410,5064.014,3578.291,0.2376,0.1680,0.0583,0.3141,0.2220,0.186,2.883
836,835944,Neutral,good,1309.4,3.0,0.0,8881.741,1639.456,1081.130,2915.549,2692.632,0.5161,0.0953,0.0628,0.1694,0.1565,0.371,1.516
837,836944,Neutral,good,1309.5,3.2,0.0,2012.062,6126.140,5653.601,6877.423,2702.684,0.0861,0.2621,0.2419,0.2943,0.1156,0.822,1.084
838,837944,Neutral,good,1310.4,2.7,0.0,832.044,1454.532,2433.183,3882.899,1410.413,0.0831,0.1453,0.2430,0.3878,0.1409,0.627,0.598
839,838944,Neutral,good,1310.0,3.2,0.0,1055.857,8914.546,6038.205,3625.876,884.917,0.0515,0.4344,0.2943,0.1767,0.0431,1.665,1.476
840,839944,Neutral,good,1310.5,3.1,0.0,7861.493,2679.848,2800.736,3507.772,1129.060,0.4373,0.1491,0.1558,0.1951,0.0628,0.798,0.957
841,840944,Neutral,good,1309.9,2.7,0.0,2777.316,1047.058,655.222,3181.783,549.200,0.3383,0.1275,0.0798,0.3875,0.0669,0.206,1.598
842,841944,Neutral,good,1310.2,2.9,0.0,697.414,4305.677,1294.133,3595.543,820.083,0.0651,0.4019,0.1208,0.3356,0.0766,0.360,3.327
843,842944,Neutral,good,1310.4,3.1,0.0,8281.921,49.398,390.258,876.057,1098.230,0.7743,0.0046,0.0365,0.0819,0.1027,0.445,0.127
844,843944,Neutral,good,1309.4,3.0,0.0,1433.405,1399.778,369.319,4266.348,2654.026,0.1416,0.1383,0.0365,0.4215,0.2622,0.087,3.790
845,844944,Neutral,good,1309.1,2.9,0.0,2024.157,3151.745,1851.651,1533.683,2242.439,0.1874,0.2917,0.1714,0.1420,0.2076,1.207,1.702
846,845944,Neutral,good,1309.2,3.0,0.0,181.146,252.006,668.113,1575.776,813.646,0.0519,0.0722,0.1914,0.4514,0.2331,0.424,0.377
847,846943,Neutral,good,1309.9,3.6,0.0,4569.548,5194.807,7707.322,4799.034,3549.519,0.1770,0.2012,0.2985,0.1859,0.1375,1.606,0.674
848,847944,Neutral,good,1309.3,3.3,0.0,1363.579,1462.341,998.419,2889.701,1823.673,0.1597,0.1713,0.1169,0.3385,0.2136,0.346,1.465
849,848943,Neutral,good,1309.5,2.4,0.0,480.010,2545.202,3642.446,1475.442,333.466,0.0566,0.3003,0.4297,0.1741,0.0393,2.469,0.699
850,849943,Neutral,good,1309.1,3.1,0.0,3379.678,5259.447,411.420,2123.739,2397.217,0.2490,0.3875,0.0303,0.1565,0.1766,0.194,12.784
851,850943,Neutral,good,1310.5,3.0,0.0,9037.294,14602.360,14791.036,6899.479,965.755,0.1952,0.3154,0.3195,0.1490,0.0209,2.144,0.987
852,851943,Neutral,good,1310.5,2.4,0.0,5519.835,6973.031,4184.695,2542.897,1602.720,0.2651,0.3349,0.2010,0.1221,0.0770,1.646,1.666
853,852943,Neutral,good,1310.3,2.6,0.0,9030.083,461.496,751.846,1693.160,1535.383,0.6703,0.0343,0.0558,0.1257,0.1140,0.444,0.614
854,853943,Neutral,good,1310.4,2.5,0.0,8026.737,3068.410,1838.372,1674.555,492.973,0.5315,0.2032,0.1217,0.1109,0.0326,1.098,1.669
855,854943,Neutral,good,1309.8,2.8,0.0,17067.430,8300.467,3415.075,717.302,736.874,0.5645,0.2745,0.1129,0.0237,0.0244,4.761,2.431
856,855943,Neutral,good,1310.4,2.6,0.0,5834.040,3657.803,1584.952,1986.389,1113.172,0.4115,0.2580,0.1118,0.1401,0.0785,0.798,2.308
857,856943,Neutral,good,1310.3,2.8,0.0,1479.567,1015.741,1609.229,2081.410,740.749,0.2136,0.1466,0.2323,0.3005,0.1069,0.773,0.631
858,857943,Neutral,good,1310.1,3.2,0.0,1089.869,5102.971,6628.356,6631.281,2463.808,0.0497,0.2328,0.3024,0.3026,0.1124,1.000,0.770
859,858943,Neutral,good,1310.5,2.7,0.0,674.178,7170.546,5351.713,7218.103,3020.247,0.0288,0.3060,0.2284,0.3080,0.1289,0.741,1.340
860,859943,Neutral,good,1310.2,2.7,0.0,1658.324,5709.221,5503.145,1427.427,2511.762,0.0987,0.3396,0.3274,0.0849,0.1494,3.855,1.037
861,860943,Neutral,good,1310.8,3.2,0.0,6676.697,2530.723,2431.834,5310.117,1522.923,0.3614,0.1370,0.1316,0.2875,0.0824,0.458,1.041
862,861943,Neutral,good,1309.8,2.9,0.0,3008.286,4761.256,2117.105,908.961,632.421,0.2632,0.4166,0.1853,0.0795,0.0553,2.329,2.249
863,862943,Neutral,good,1310.3,3.1,0.0,2010.413,1719.505,2103.516,13439.509,2986.422,0.0903,0.0772,0.0945,0.6038,0.1342,0.157,0.817
864,863943,Neutral,good,1310.4,2.9,0.0,3960.486,811.689,3253.617,9480.794,1690.392,0.2063,0.0423,0.1695,0.4939,0.0881,0.343,0.249
865,864942,Neutral,good,1309.8,3.1,0.0,4937.534,7352.327,5130.488,1505.063,3320.239,0.2220,0.3305,0.2306,0.0677,0.1493,3.409,1.433
866,865942,Neutral,good,1310.0,3.0,0.0,2015.546,3335.594,1471.207,3710.178,1570.251,0.1665,0.2756,0.1216,0.3066,0.1297,0.397,2.267
867,866942,Neutral,good,1309.3,2.9,0.0,1679.302,3698.796,840.465,2426.472,2137.470,0.1557,0.3430,0.0779,0.2250,0.1982,0.346,4.401
868,867942,Neutral,good,1310.1,3.0,0.0,7973.037,4378.592,5342.447,4350.123,1489.390,0.3388,0.1861,0.2270,0.1848,0.0633,1.228,0.820
869,868942,Neutral,good,1309.6,2.5,0.0,1342.381,284.767,424.131,1556.363,188.897,0.3536,0.0750,0.1117,0.4099,0.0498,0.273,0.671
870,869942,Neutral,good,1309.8,2.9,0.0,3165.439,3981.256,2409.886,3755.070,1749.667,0.2102,0.2643,0.1600,0.2493,0.1162,0.642,1.652
871,870942,Neutral,good,1309.6,3.1,0.0,1957.792,3373.348,2963.473,5663.716,1425.182,0.1273,0.2193,0.1926,0.3682,0.0926,0.523,1.138
872,871942,Neutral,good,1309.3,3.2,0.0,1913.111,2989.066,1675.447,1241.641,1823.456,0.1984,0.3100,0.1738,0.1288,0.1891,1.349,1.784
873,872942,Neutral,good,1309.5,3.2,0.0,2890.287,5086.950,5229.035,3506.408,1080.639,0.1624,0.2859,0.2939,0.1971,0.0607,1.491,0.973
874,873942,Neutral,good,1309.5,2.6,0.0,529.502,1671.519,1916.228,3325.960,889.668,0.0635,0.2006,0.2300,0.3991,0.1068,0.576,0.872
875,874942,Neutral,good,1309.8,2.6,0.0,948.894,1393.414,1835.438,2928.949,711.207,0.1214,0.1782,0.2348,0.3746,0.0910,0.627,0.759
876,875942,Neutral,good,1308.6,2.7,0.0,6047.167,3687.333,523.403,456.554,1195.035,0.5078,0.3096,0.0439,0.0383,0.1003,1.146,7.045
877,876942,Neutral,good,1309.0,3.0,0.0,993.690,1823.770,1910.057,1731.037,732.363,0.1382,0.2536,0.2656,0.2407,0.1018,1.103,0.955
878,877942,Neutral,good,1309.3,3.7,0.0,3445.771,12133.004,4228.336,12019.488,4674.589,0.0944,0.3324,0.1158,0.3293,0.1281,0.352,2.869
879,878942,Neutral,good,1308.8,3.0,0.0,3040.970,2480.850,1876.634,8246.301,2237.015,0.1701,0.1387,0.1049,0.4612,0.1251,0.228,1.322
880,879941,Neutral,good,1309.3,2.9,0.0,1681.415,2029.817,5416.179,5976.212,3468.968,0.0905,0.1093,0.2916,0.3218,0.1868,0.906,0.375
881,880941,Neutral,good,1309.5,2.9,0.0,4098.747,3920.690,3383.366,2792.271,740.056,0.2744,0.2625,0.2265,0.1870,0.0496,1.212,1.159
882,881941,Neutral,good,1309.4,2.7,0.0,1906.785,2565.755,1945.971,2094.027,1903.259,0.1831,0.2463,0.1868,0.2010,0.1827,0.929,1.318
883,882941,Neutral,good,1309.5,2.9,0.0,4235.959,3025.630,6532.576,1597.878,1002.191,0.2584,0.1846,0.3985,0.0975,0.0611,4.088,0.463
884,883941,Neutral,good,1308.2,2.4,0.0,3753.359,2942.525,2563.900,994.591,1180.551,0.3282,0.2573,0.2242,0.0870,0.1032,2.578,1.148
885,884941,Neutral,good,1308.5,2.9,0.0,1761.177,760.849,805.719,4157.222,534.387,0.2196,0.0949,0.1005,0.5184,0.0666,0.194,0.944
886,885941,Neutral,good,1308.1,2.4,0.0,1136.958,2750.146,1558.100,1909.382,1607.053,0.1269,0.3069,0.1739,0.2131,0.1793,0.816,1.765
887,886941,Neutral,good,1308.5,2.7,0.0,1026.902,3016.434,2328.423,4818.061,1679.374,0.0798,0.2344,0.1809,0.3744,0.1305,0.483,1.295
888,887941,Neutral,good,1308.6,2.4,0.0,1236.971,863.899,485.502,4517.115,748.506,0.1575,0.1100,0.0618,0.5753,0.0953,0.107,1.779
889,888941,Neutral,good,1308.4,2.5,0.0,2546.484,3483.776,3487.800,6348.629,730.749,0.1534,0.2099,0.2101,0.3825,0.0440,0.549,0.999
890,889941,Neutral,good,1309.0,2.7,0.0,1571.250,5192.607,2848.759,1084.537,627.942,0.1387,0.4585,0.2515,0.0958,0.0554,2.627,1.823
891,890941,Neutral,good,1308.6,2.9,0.0,11282.396,4304.703,3667.272,4053.882,763.008,0.4687,0.1788,0.1524,0.1684,0.0317,0.905,1.174
892,891941,Neutral,good,1309.1,2.6,0.0,2397.770,3848.866,2606.017,2215.702,651.205,0.2046,0.3284,0.2224,0.1891,0.0556,1.176,1.477
893,892941,Neutral,good,1310.0,3.4,0.0,5750.065,4472.630,1456.614,3237.789,1338.985,0.3537,0.2751,0.0896,0.1992,0.0824,0.450,3.071
894,893940,Neutral,good,1309.4,3.2,0.0,467.283,1480.067,5063.539,7566.217,1179.665,0.0297,0.0939,0.3214,0.4802,0.0749,0.669,0.292
895,894940,Neutral,good,1309.2,3.4,0.0,5839.702,17846.838,15316.074,5577.582,4636.731,0.1187,0.3626,0.3112,0.1133,0.0942,2.746,1.165
896,895940,Neutral,good,1307.2,2.9,0.0,4966.230,3075.782,1579.512,2404.702,599.678,0.3933,0.2436,0.1251,0.1905,0.0475,0.657,1.947
897,896940,Neutral,good,1306.6,2.5,0.0,4183.476,1433.302,2601.825,2196.861,1100.670,0.3633,0.1245,0.2259,0.1908,0.0956,1.184,0.551
898,897940,Neutral,good,1307.9,3.3,0.0,1985.530,3810.512,3488.835,11908.856,6212.530,0.0724,0.1390,0.1273,0.4345,0.2267,0.293,1.092
899,898940,Neutral,good,1308.4,3.1,0.0,11166.292,3832.953,1720.988,5279.116,3276.447,0.4418,0.1516,0.0681,0.2089,0.1296,0.326,2.227
900,899940,Neutral,good,1308.2,2.9,0.0,8789.921,4516.395,3233.825,6631.411,704.906,0.3681,0.1892,0.1354,0.2777,0.0295,0.488,1.397
901,900940,Neutral,good,1308.6,2.8,0.0,10305.027,6844.171,241.332,10120.021,1652.664,0.3534,0.2347,0.0083,0.3470,0.0567,0.024,28.360
902,901940,Neutral,good,1308.6,2.4,0.0,139.693,3100.293,3136.133,1604.083,418.338,0.0166,0.3691,0.3734,0.1910,0.0498,1.955,0.989
903,902940,Neutral,good,1309.3,2.4,0.0,3928.040,3765.541,628.926,2500.220,498.784,0.3470,0.3326,0.0556,0.2208,0.0441,0.252,5.987
904,903940,Neutral,good,1309.2,2.8,0.0,104.384,1261.749,1682.538,1483.376,2097.408,0.0157,0.1903,0.2538,0.2238,0.3164,1.134,0.750
905,904940,Neutral,good,1308.4,2.6,0.0,5726.232,613.081,1474.200,2190.612,428.833,0.5489,0.0588,0.1413,0.2100,0.0411,0.673,0.416
906,905940,Neutral,good,1309.0,2.9,0.0,4675.279,872.516,923.687,2163.926,1024.065,0.4840,0.0903,0.0956,0.2240,0.1060,0.427,0.945
907,906940,Neutral,good,1309.1,2.8,0.0,1386.506,2999.869,3334.323,4576.575,2172.444,0.0958,0.2073,0.2304,0.3163,0.1501,0.729,0.900
908,907940,Neutral,good,1309.1,3.3,0.0,4481.000,3032.112,4364.010,4570.970,1671.546,0.2473,0.1673,0.2408,0.2523,0.0923,0.955,0.695
909,908940,Neutral,good,1309.6,2.5,0.0,1405.574,1271.030,323.893,2352.392,4191.879,0.1473,0.1332,0.0339,0.2465,0.4392,0.138,3.924
910,909940,Neutral,good,1310.1,2.6,0.0,875.792,2302.695,3012.568,2921.203,549.505,0.0906,0.2383,0.3118,0.3023,0.0569,1.031,0.764
911,910939,Neutral,good,1308.7,2.7,0.0,4296.550,2996.481,2490.499,2726.615,832.009,0.3220,0.2246,0.1867,0.2044,0.0624,0.913,1.203
912,911939,Neutral,good,1309.4,2.4,0.0,3974.544,1636.095,5158.566,8053.400,708.799,0.2035,0.0838,0.2641,0.4123,0.0363,0.641,0.317
913,912939,Neutral,good,1308.5,2.8,0.0,1554.124,3196.976,1102.922,2948.503,1041.602,0.1579,0.3248,0.1120,0.2995,0.1058,0.374,2.899
914,913939,Neutral,good,1308.1,3.3,0.0,8835.960,4391.627,2470.126,3123.224,1601.770,0.4327,0.2150,0.1209,0.1529,0.0784,0.791,1.778
915,914939,Neutral,good,1308.7,2.9,0.0,3375.142,2815.631,1460.296,2449.122,1179.679,0.2992,0.2496,0.1295,0.2171,0.1046,0.596,1.928
916,915939,Neutral,good,1309.5,3.0,0.0,3375.680,1172.283,1525.344,5343.384,5090.364,0.2045,0.0710,0.0924,0.3237,0.3084,0.285,0.769
917,916939,Neutral,good,1308.7,2.8,0.0,5912.434,2589.398,2168.433,4836.405,1954.344,0.3386,0.1483,0.1242,0.2770,0.1119,0.448,1.194
918,917939,Neutral,good,1309.1,3.1,0.0,4803.080,2289.401,1844.521,6937.523,659.520,0.2905,0.1385,0.1116,0.4196,0.0399,0.266,1.241
919,918939,Neutral,good,1309.0,2.3,0.0,3395.635,858.137,691.579,5532.317,1303.888,0.2882,0.0728,0.0587,0.4696,0.1107,0.125,1.241
920,919939,Neutral,good,1309.2,2.8,0.0,1876.770,2780.310,1136.875,3414.301,1800.427,0.1705,0.2526,0.1033,0.3101,0.1635,0.333,2.446
921,920939,Neutral,good,1309.1,3.1,0.0,5669.674,6359.833,5539.658,2798.944,1302.734,0.2616,0.2935,0.2556,0.1292,0.0601,1.979,1.148
922,921939,Neutral,good,1309.1,2.5,0.0,1707.508,1182.043,467.082,1715.386,587.939,0.3017,0.2088,0.0825,0.3031,0.1039,0.272,2.531
923,922939,Neutral,good,1309.5,2.8,0.0,3844.052,5873.388,1108.915,978.583,527.299,0.3117,0.4763,0.0899,0.0794,0.0428,1.133,5.297
924,923939,Neutral,good,1308.1,2.9,0.0,9625.647,2015.018,410.926,2856.673,909.586,0.6085,0.1274,0.0260,0.1806,0.0575,0.144,4.904
925,924939,Neutral,good,1308.1,2.7,0.0,1265.252,2062.377,586.749,1441.108,1770.972,0.1775,0.2894,0.0823,0.2022,0.2485,0.407,3.515
926,925938,Neutral,good,1307.8,2.8,0.0,950.805,2482.500,3219.239,4920.807,460.055,0.0790,0.2063,0.2675,0.4089,0.0382,0.654,0.771
927,926938,Neutral,good,1307.8,2.3,0.0,2049.975,2633.534,1169.754,4063.108,511.532,0.1966,0.2525,0.1122,0.3896,0.0491,0.288,2.251
928,927938,Neutral,good,1307.7,2.7,0.0,1605.071,3948.828,3079.518,1930.126,1012.877,0.1387,0.3411,0.2660,0.1667,0.0875,1.596,1.282
929,928938,Neutral,good,1308.5,2.4,0.0,5295.799,3630.557,3330.304,1876.169,148.523,0.3708,0.2542,0.2332,0.1314,0.0104,1.775,1.090
930,929938,Neutral,good,1307.8,3.1,0.0,2700.782,4511.563,5155.060,3589.960,274.401,0.1664,0.2779,0.3176,0.2212,0.0169,1.436,0.875
931,930938,Neutral,good,1308.1,2.3,0.0,3509.285,1122.271,1495.066,2709.411,1514.260,0.3391,0.1084,0.1444,0.2618,0.1463,0.552,0.751
932,931938,Neutral,good,1308.2,2.7,0.0,1175.540,808.047,840.466,1320.307,1502.717,0.2082,0.1431,0.1488,0.2338,0.2661,0.637,0.961
933,932938,Neutral,good,1308.3,2.6,0.0,1231.681,656.276,431.784,993.058,368.019,0.3346,0.1783,0.1173,0.2698,0.1000,0.435,1.520
934,934373,Neutral,good,1307.6,3.0,0.0,15321.934,1721.927,631.025,1426.076,1366.145,0.7486,0.0841,0.0308,0.0697,0.0667,0.442,2.729
935,934938,Neutral,good,1307.3,2.9,0.0,1857.263,413.911,1368.257,2921.296,2121.506,0.2139,0.0477,0.1576,0.3365,0.2444,0.468,0.303
936,935938,Neutral,good,1308.5,3.2,0.0,785.133,1741.071,2090.754,2694.921,539.775,0.1000,0.2217,0.2663,0.3432,0.0687,0.776,0.833
937,936938,Neutral,good,1308.8,2.5,0.0,695.808,1409.643,637.043,1957.380,1555.853,0.1112,0.2253,0.1018,0.3129,0.2487,0.325,2.213
938,937938,Neutral,good,1308.3,3.2,0.0,433.227,876.999,4474.618,6655.066,1693.804,0.0307,0.0621,0.3166,0.4709,0.1198,0.672,0.196
939,938938,Neutral,good,1308.5,2.8,0.0,633.506,3385.747,1258.411,2429.616,257.714,0.0795,0.4251,0.1580,0.3050,0.0324,0.518,2.690
940,939938,Neutral,good,1309.0,2.8,0.0,3238.704,7357.548,5056.171,7343.949,4140.927,0.1193,0.2711,0.1863,0.2706,0.1526,0.688,1.455
941,940937,Neutral,good,1308.5,2.5,0.0,3848.256,4896.805,760.164,2801.812,2428.482,0.2612,0.3323,0.0516,0.1901,0.1648,0.271,6.442
942,941937,Neutral,good,1309.3,3.3,0.0,1267.858,1383.773,3354.417,4605.026,1550.623,0.1043,0.1138,0.2758,0.3786,0.1275,0.728,0.413
943,942937,Neutral,good,1309.4,3.2,0.0,4434.271,1825.922,1685.040,2340.632,926.830,0.3955,0.1628,0.1503,0.2087,0.0827,0.720,1.084
944,943937,Neutral,good,1308.3,3.2,0.0,10401.544,11437.389,7442.781,3032.051,607.552,0.3160,0.3474,0.2261,0.0921,0.0185,2.455,1.537
945,944937,Neutral,good,1308.0,3.3,0.0,2786.862,5845.603,2298.681,1999.573,1430.715,0.1941,0.4070,0.1601,0.1392,0.0996,1.150,2.543
946,945937,Neutral,good,1308.6,2.9,0.0,1611.337,4781.237,5093.640,5837.756,1298.549,0.0865,0.2567,0.2735,0.3135,0.0697,0.873,0.939
947,946937,Neutral,good,1309.5,2.7,0.0,621.438,3167.446,3768.578,3634.447,1029.714,0.0508,0.2592,0.3084,0.2974,0.0843,1.037,0.840
948,947937,Neutral,good,1308.6,3.1,0.0,2508.595,2812.999,1397.007,3659.742,1377.404,0.2134,0.2393,0.1188,0.3113,0.1172,0.382,2.014
949,948937,Neutral,good,1307.9,3.2,0.0,1421.964,938.164,3394.152,1357.757,583.322,0.1848,0.1219,0.4411,0.1764,0.0758,2.500,0.276
950,949937,Neutral,good,1307.4,2.9,0.0,1461.467,1814.953,1676.657,2031.882,573.943,0.1933,0.2401,0.2218,0.2688,0.0759,0.825,1.082
951,950937,Neutral,good,1308.8,3.2,0.0,3846.466,3444.176,1803.704,2850.405,2154.050,0.2728,0.2443,0.1279,0.2022,0.1528,0.633,1.910
952,951937,Neutral,good,1308.5,3.0,0.0,3348.585,6762.075,1056.457,7510.780,1491.876,0.1660,0.3353,0.0524,0.3724,0.0740,0.141,6.401
953,952937,Neutral,good,1309.2,3.5,0.0,9405.277,10903.895,2424.830,5617.955,5482.156,0.2780,0.3223,0.0717,0.1660,0.1620,0.432,4.497
954,953937,Neutral,good,1308.8,3.2,0.0,15314.808,1842.785,4104.728,2621.031,1081.885,0.6134,0.0738,0.1644,0.1050,0.0433,1.566,0.449
955,954937,Neutral,good,1309.2,2.9,0.0,3281.432,612.699,798.805,1021.306,303.663,0.5453,0.1018,0.1327,0.1697,0.0505,0.782,0.767
956,955937,Neutral,good,1308.8,3.0,0.0,5300.723,6276.638,3700.805,3399.994,2725.087,0.2477,0.2933,0.1729,0.1589,0.1273,1.088,1.696
957,956936,Neutral,good,1308.9,2.6,0.0,552.072,2292.545,1539.747,4692.792,9284.141,0.0301,0.1249,0.0839,0.2556,0.5056,0.328,1.489
958,957936,Neutral,good,1308.4,2.5,0.0,6639.494,2826.315,1004.346,1646.772,712.687,0.5175,0.2203,0.0783,0.1284,0.0556,0.610,2.814
959,958936,Neutral,good,1307.0,3.1,0.0,5092.691,2201.919,540.758,5798.957,1952.003,0.3267,0.1413,0.0347,0.3721,0.1252,0.093,4.072
960,959936,Neutral,good,1306.6,3.1,0.0,5702.641,2154.089,2791.724,9598.367,3616.078,0.2390,0.0903,0.1170,0.4022,0.1515,0.291,0.772
961,960936,Neutral,good,1306.7,2.9,0.0,2148.266,5258.846,3874.112,3597.768,721.444,0.1377,0.3371,0.2483,0.2306,0.0462,1.077,1.357
962,961936,Neutral,good,1307.4,3.4,0.0,1769.628,2882.447,1463.968,5862.790,1610.171,0.1302,0.2121,0.1077,0.4314,0.1185,0.250,1.969
963,962936,Neutral,good,1308.4,3.0,0.0,1099.798,1081.072,2908.928,1657.733,1092.526,0.1403,0.1379,0.3710,0.2114,0.1394,1.755,0.372
964,963936,Neutral,good,1307.9,3.2,0.0,1661.454,9416.629,10449.288,6345.758,8398.522,0.0458,0.2596,0.2881,0.1750,0.2315,1.647,0.901
965,964936,Neutral,good,1308.1,3.1,0.0,6809.569,332.822,544.158,6847.555,4077.205,0.3659,0.0179,0.0292,0.3679,0.2191,0.079,0.612
966,965936,Neutral,good,1307.9,4.1,0.0,15230.581,8681.657,4086.397,3076.071,6426.881,0.4061,0.2315,0.1090,0.0820,0.1714,1.328,2.125
967,966936,Neutral,good,1307.4,3.3,0.0,747.887,6252.851,5545.312,5828.366,2183.757,0.0364,0.3042,0.2697,0.2835,0.1062,0.951,1.128
968,967936,Neutral,good,1308.0,2.9,0.0,15864.459,9508.378,1563.310,1121.332,1399.170,0.5386,0.3228,0.0531,0.0381,0.0475,1.394,6.082
969,968936,Neutral,good,1308.2,2.6,0.0,3172.971,2880.083,4678.451,10600.970,1406.948,0.1395,0.1267,0.2057,0.4662,0.0619,0.441,0.616
970,969936,Neutral,good,1308.1,3.8,0.0,1297.232,2664.831,704.585,4217.019,1297.250,0.1274,0.2617,0.0692,0.4142,0.1274,0.167,3.782
971,970936,Neutral,good,1308.3,2.7,0.0,1366.318,8365.609,6249.120,2267.474,839.178,0.0716,0.4383,0.3274,0.1188,0.0440,2.756,1.339
972,971936,Neutral,good,1308.1,2.6,0.0,8144.461,3576.246,1311.701,1735.667,1984.052,0.4862,0.2135,0.0783,0.1036,0.1184,0.756,2.726
973,972936,Neutral,good,1308.0,3.0,0.0,460.335,9236.417,7447.263,4359.823,1780.625,0.0198,0.3967,0.3198,0.1872,0.0765,1.708,1.240
974,973935,Neutral,good,1308.7,2.6,0.0,4929.622,7029.876,2912.471,4546.734,1432.635,0.2364,0.3371,0.1397,0.2181,0.0687,0.641,2.414
975,974935,Neutral,good,1307.2,2.9,0.0,5886.251,4377.919,2223.621,1631.853,595.502,0.4000,0.2975,0.1511,0.1109,0.0405,1.363,1.969
976,975935,Neutral,good,1307.3,2.9,0.0,1207.864,340.615,261.513,3125.263,1588.402,0.1852,0.0522,0.0401,0.4791,0.2435,0.084,1.302
977,976935,Neutral,good,1307.9,2.9,0.0,8881.196,3063.593,3532.856,2030.593,1585.576,0.4651,0.1604,0.1850,0.1063,0.0830,1.740,0.867
978,977935,Neutral,good,1308.0,3.1,0.0,1910.822,1791.981,683.537,881.519,190.036,0.3501,0.3283,0.1252,0.1615,0.0348,0.775,2.622
979,978935,Neutral,good,1308.5,2.5,0.0,1563.664,2337.929,1391.795,5310.822,439.534,0.1416,0.2117,0.1260,0.4809,0.0398,0.262,1.680
980,979935,Neutral,good,1308.7,2.6,0.0,1575.053,382.209,1706.507,3346.916,1838.269,0.1780,0.0432,0.1928,0.3782,0.2077,0.510,0.224
981,980935,Neutral,good,1309.1,3.3,0.0,5221.927,9271.242,5911.857,5751.286,1739.247,0.1872,0.3324,0.2119,0.2062,0.0623,1.028,1.568
982,981935,Neutral,good,1306.7,4.0,0.0,16491.197,4020.660,3882.599,4974.907,2823.402,0.5123,0.1249,0.1206,0.1545,0.0877,0.780,1.036
983,982935,Neutral,good,1307.5,3.2,0.0,7224.040,6801.569,3286.969,5752.281,1590.811,0.2930,0.2759,0.1333,0.2333,0.0645,0.571,2.069
984,983935,Neutral,good,1306.7,2.4,0.0,6581.558,3550.899,1640.778,633.282,1066.426,0.4885,0.2636,0.1218,0.0470,0.0792,2.591,2.164
985,984935,Neutral,good,1306.3,3.3,0.0,4459.139,3337.184,2187.568,4026.976,1249.548,0.2922,0.2187,0.1433,0.2639,0.0819,0.543,1.526
986,985935,Neutral,good,1307.2,3.3,0.0,10370.084,14120.449,2973.024,6540.967,2600.892,0.2833,0.3857,0.0812,0.1787,0.0711,0.455,4.750
987,986935,Neutral,good,1307.1,3.2,0.0,4233.551,7991.624,5258.392,2671.092,1336.406,0.1970,0.3719,0.2447,0.1243,0.0622,1.969,1.520
988,987935,Neutral,good,1307.4,2.9,0.0,5440.860,11525.826,9830.444,4584.677,825.904,0.1689,0.3579,0.3052,0.1423,0.0256,2.144,1.172
989,988934,Neutral,good,1307.9,3.1,0.0,12391.623,407.903,947.540,3163.015,1192.681,0.6845,0.0225,0.0523,0.1747,0.0659,0.300,0.430
990,989934,Neutral,good,1307.9,2.6,0.0,10046.478,7943.767,1853.173,3774.205,4498.220,0.3573,0.2825,0.0659,0.1342,0.1600,0.491,4.287
991,990934,Neutral,good,1308.9,2.9,0.0,6330.306,8145.076,1892.826,1037.532,423.180,0.3551,0.4568,0.1062,0.0582,0.0237,1.824,4.303
992,991934,Neutral,good,1308.0,2.9,0.0,17349.432,4130.700,1734.275,6826.616,826.407,0.5621,0.1338,0.0562,0.2212,0.0268,0.254,2.382
993,992934,Neutral,good,1307.9,2.7,0.0,5471.996,1271.314,654.088,1453.284,2422.622,0.4854,0.1128,0.0580,0.1289,0.2149,0.450,1.944
994,993934,Neutral,good,1307.0,2.8,0.0,1126.521,622.633,371.736,2098.915,1328.291,0.2030,0.1122,0.0670,0.3783,0.2394,0.177,1.675
995,994934,Neutral,good,1307.6,3.5,0.0,4413.922,9736.668,5566.375,3564.534,2897.630,0.1686,0.3719,0.2126,0.1362,0.1107,1.562,1.749
996,995934,Neutral,good,1308.2,2.8,0.0,1725.104,2323.678,2617.939,4267.595,2801.264,0.1256,0.1692,0.1906,0.3107,0.2039,0.613,0.888
997,996934,Neutral,good,1307.6,2.9,0.0,491.917,644.620,1534.879,3468.497,1212.088,0.0669,0.0877,0.2088,0.4718,0.1649,0.443,0.420
998,997934,Neutral,good,1307.5,2.8,0.0,10881.844,7384.955,396.774,2847.085,2761.930,0.4483,0.3043,0.0163,0.1173,0.1138,0.139,18.613
999,998934,Neutral,good,1308.2,2.7,0.0,508.763,593.440,903.967,5955.015,700.167,0.0587,0.0685,0.1044,0.6875,0.0808,0.152,0.656
1000,999934,Neutral,good,1308.6,3.4,0.0,4411.416,4689.337,3889.333,6330.759,2178.750,0.2052,0.2181,0.1809,0.2945,0.1013,0.614,1.206
1001,1000934,Neutral,good,1307.8,3.3,0.0,8759.833,7839.046,3144.012,7000.776,2294.198,0.3017,0.2700,0.1083,0.2411,0.0790,0.449,2.493
1002,1001934,Neutral,good,1308.0,2.8,0.0,1254.291,461.549,1842.034,2075.091,1588.375,0.1737,0.0639,0.2551,0.2874,0.2200,0.888,0.251
1003,1002933,Neutral,good,1307.5,2.5,0.0,689.586,824.808,859.306,1493.018,1329.648,0.1327,0.1587,0.1654,0.2873,0.2559,0.576,0.960
1004,1003933,Neutral,good,1308.6,3.2,0.0,5172.515,334.325,1583.879,3852.589,1592.318,0.4126,0.0267,0.1264,0.3073,0.1270,0.411,0.211
1005,1004933,Neutral,good,1305.1,5.2,0.0,63924.898,1010.440,815.210,7467.165,1609.027,0.8543,0.0135,0.0109,0.0998,0.0215,0.109,1.239
1006,1005933,Neutral,good,1301.8,4.3,0.0,23618.490,9365.856,1969.543,3014.430,2437.948,0.5845,0.2318,0.0487,0.0746,0.0603,0.653,4.755
1007,1006933,Neutral,good,1302.7,3.2,0.0,1403.177,1515.551,4397.362,3987.028,1196.927,0.1123,0.1212,0.3518,0.3190,0.0958,1.103,0.345
1008,1007933,Neutral,good,1303.2,3.2,0.0,4653.220,2143.694,1307.194,349.385,553.882,0.5166,0.2380,0.1451,0.0388,0.0615,3.741,1.640
1009,1008933,Neutral,good,1304.0,3.8,0.0,2755.884,13203.747,12514.463,2508.891,3103.733,0.0808,0.3874,0.3671,0.0736,0.0911,4.988,1.055
1010,1009933,Neutral,good,1302.9,3.1,0.0,2025.758,1790.991,5362.298,7280.091,1907.468,0.1103,0.0975,0.2920,0.3964,0.1039,0.737,0.334
1011,1010933,Neutral,good,1303.3,3.0,0.0,520.393,4945.304,5168.666,7603.775,2924.108,0.0246,0.2337,0.2442,0.3593,0.1382,0.680,0.957
1012,1011933,Neutral,good,1303.2,3.2,0.0,3024.645,6106.291,6733.640,3965.372,1047.540,0.1449,0.2925,0.3225,0.1899,0.0502,1.698,0.907
1013,1012933,Neutral,good,1303.5,2.8,0.0,1272.665,1312.285,1297.337,2131.249,1015.480,0.1811,0.1867,0.1846,0.3032,0.1445,0.609,1.012
1014,1013933,Neutral,good,1303.9,3.4,0.0,401.419,2038.328,1855.395,14305.624,3439.182,0.0182,0.0925,0.0842,0.6491,0.1560,0.130,1.099
1015,1014933,Neutral,good,1303.8,3.0,0.0,1526.685,4627.693,2982.776,2441.013,5673.814,0.0885,0.2682,0.1729,0.1415,0.3289,1.222,1.551
1016,1015933,Neutral,good,1303.5,2.8,0.0,2875.561,2444.357,760.198,7152.928,996.405,0.2021,0.1718,0.0534,0.5027,0.0700,0.106,3.215
1017,1016933,Neutral,good,1304.0,3.3,0.0,3569.947,2761.941,1313.614,3716.446,2127.667,0.2646,0.2047,0.0974,0.2755,0.1577,0.353,2.103
1018,1017933,Neutral,good,1303.8,2.6,0.0,343.466,479.053,1110.835,1942.151,770.037,0.0739,0.1031,0.2391,0.4181,0.1658,0.572,0.431
1019,1018932,Neutral,good,1303.9,2.6,0.0,4607.677,1062.905,2873.902,7327.602,1933.082,0.2588,0.0597,0.1614,0.4115,0.1086,0.392,0.370
1020,1019932,Neutral,good,1303.4,2.8,0.0,937.830,1128.877,441.027,1768.410,1091.049,0.1747,0.2103,0.0822,0.3295,0.2033,0.249,2.560
1021,1020932,Neutral,good,1303.8,3.0,0.0,1216.509,1210.941,537.584,5740.810,609.513,0.1306,0.1300,0.0577,0.6163,0.0654,0.094,2.253
1022,1021932,Neutral,good,1303.7,2.7,0.0,1856.776,651.460,2567.793,7208.782,2492.683,0.1256,0.0441,0.1738,0.4878,0.1687,0.356,0.254
1023,1022932,Neutral,good,1304.0,2.9,0.0,344.868,1170.306,1796.565,3231.455,1826.882,0.0412,0.1398,0.2146,0.3861,0.2183,0.556,0.651
1024,1023932,Neutral,good,1303.7,2.4,0.0,952.079,509.506,299.599,2682.415,2302.680,0.1411,0.0755,0.0444,0.3976,0.3413,0.112,1.701
1025,1024932,Neutral,good,1304.0,3.0,0.0,4996.916,1842.456,1711.626,2451.557,442.788,0.4366,0.1610,0.1495,0.2142,0.0387,0.698,1.076
1026,1025932,Neutral,good,1303.7,2.9,0.0,12464.151,6666.072,4464.220,4568.363,1545.092,0.4196,0.2244,0.1503,0.1538,0.0520,0.977,1.493
1027,1026932,Neutral,good,1303.5,2.8,0.0,3137.338,2386.353,336.211,3452.719,1788.958,0.2826,0.2150,0.0303,0.3110,0.1611,0.097,7.098
1028,1027932,Neutral,good,1304.1,3.9,0.0,11206.461,6888.940,5410.076,4285.884,884.159,0.3908,0.2402,0.1887,0.1495,0.0308,1.262,1.273
1029,1028932,Neutral,good,1304.2,3.6,0.0,8399.451,9546.666,3059.746,7508.828,3003.862,0.2665,0.3029,0.0971,0.2382,0.0953,0.407,3.120
1030,1029932,Neutral,good,1304.4,2.7,0.0,819.406,3432.635,3517.976,2051.821,2109.894,0.0687,0.2877,0.2948,0.1720,0.1768,1.715,0.976
1031,1030932,Neutral,good,1303.7,2.4,0.0,2375.392,989.719,340.058,2931.159,1149.542,0.3051,0.1271,0.0437,0.3765,0.1476,0.116,2.910
1032,1031932,Neutral,good,1303.9,2.9,0.0,8742.886,8718.931,5476.566,2636.279,1590.377,0.3218,0.3210,0.2016,0.0970,0.0585,2.077,1.592
1033,1032932,Neutral,good,1304.0,2.8,0.0,1209.877,4798.517,2560.554,2211.495,1241.953,0.1006,0.3991,0.2130,0.1839,0.1033,1.158,1.874
1034,1033932,Neutral,good,1304.2,3.5,0.0,11123.904,2292.453,4008.281,13822.892,1396.143,0.3408,0.0702,0.1228,0.4234,0.0428,0.290,0.572
1035,1034932,Neutral,good,1304.2,2.7,0.0,2745.240,1209.220,909.448,6122.880,4239.958,0.1803,0.0794,0.0597,0.4021,0.2785,0.149,1.330
1036,1035931,Neutral,good,1303.8,2.8,0.0,5861.974,3456.921,3469.952,3673.986,522.913,0.3451,0.2035,0.2043,0.2163,0.0308,0.944,0.996
1037,1036931,Neutral,good,1304.8,2.3,0.0,565.558,667.135,413.543,5453.571,828.316,0.0713,0.0841,0.0522,0.6879,0.1045,0.076,1.613
1038,1037931,Neutral,good,1304.8,2.5,0.0,2557.806,2585.387,778.475,1616.885,1112.470,0.2957,0.2989,0.0900,0.1869,0.1286,0.481,3.321
1039,1038931,Neutral,good,1304.1,3.5,0.0,6099.347,11031.619,5108.130,3197.519,6196.780,0.1928,0.3487,0.1615,0.1011,0.1959,1.598,2.160
1040,1039931,Neutral,good,1303.8,2.3,0.0,971.875,1122.629,697.192,1473.485,1010.303,0.1842,0.2128,0.1322,0.2793,0.1915,0.473,1.610
1041,1040931,Neutral,good,1303.8,3.1,0.0,6591.308,8422.248,8294.214,8801.385,1572.522,0.1957,0.2501,0.2463,0.2613,0.0467,0.942,1.015
1042,1041931,Neutral,good,1304.6,3.0,0.0,1333.134,2719.890,2256.653,1640.049,2067.332,0.1331,0.2715,0.2253,0.1637,0.2064,1.376,1.205
1043,1042931,Neutral,good,1303.8,3.0,0.0,1163.680,217.837,771.519,6180.359,3120.414,0.1016,0.0190,0.0674,0.5396,0.2724,0.125,0.282
1044,1043931,Neutral,good,1304.8,2.5,0.0,842.851,1591.092,558.829,2058.065,2177.596,0.1166,0.2201,0.0773,0.2847,0.3013,0.272,2.847
1045,1044931,Neutral,good,1304.3,3.6,0.0,4602.632,2806.499,3115.009,2875.186,1984.458,0.2992,0.1824,0.2025,0.1869,0.1290,1.083,0.901
1046,1045931,Neutral,good,1303.8,2.8,0.0,834.691,2294.396,2973.588,9609.177,2540.700,0.0457,0.1257,0.1629,0.5265,0.1392,0.309,0.772
1047,1046931,Neutral,good,1304.5,2.8,0.0,4731.498,2793.724,4287.931,7013.058,1824.689,0.2291,0.1353,0.2076,0.3396,0.0884,0.611,0.652
1048,1047931,Neutral,good,1304.7,2.5,0.0,1821.641,533.189,454.524,4046.300,501.652,0.2476,0.0725,0.0618,0.5500,0.0682,0.112,1.173
1049,1048931,Neutral,good,1304.5,3.0,0.0,315.107,993.351,1981.818,10949.990,2237.556,0.0191,0.0603,0.1203,0.6645,0.1358,0.181,0.501
1050,1049930,Neutral,good,1303.9,2.9,0.0,1257.694,7841.777,4092.234,2792.878,1354.171,0.0725,0.4523,0.2360,0.1611,0.0781,1.465,1.916
1051,1050930,Neutral,good,1304.3,2.7,0.0,1222.646,990.807,4101.027,7052.311,1178.555,0.0841,0.0681,0.2819,0.4849,0.0810,0.582,0.242
1052,1051930,Neutral,good,1304.8,2.4,0.0,844.186,562.071,1209.560,11318.339,2738.709,0.0506,0.0337,0.0725,0.6788,0.1643,0.107,0.465
1053,1052930,Neutral,good,1304.4,3.0,0.0,2078.094,2098.513,2962.461,2511.515,1336.764,0.1891,0.1910,0.2696,0.2286,0.1217,1.180,0.708
1054,1053930,Neutral,good,1303.8,2.9,0.0,2138.298,298.361,68.974,2524.364,897.211,0.3608,0.0503,0.0116,0.4259,0.1514,0.027,4.326
1055,1054930,Neutral,good,1304.1,2.8,0.0,3058.164,2287.260,2188.554,3685.195,1866.222,0.2337,0.1748,0.1673,0.2816,0.1426,0.594,1.045
1056,1055930,Neutral,good,1303.9,2.8,0.0,913.578,3720.856,4663.367,1029.287,812.747,0.0820,0.3340,0.4186,0.0924,0.0730,4.531,0.798
1057,1056930,Neutral,good,1304.3,2.0,0.0,661.471,2192.810,3514.557,1182.216,558.282,0.0816,0.2704,0.4334,0.1458,0.0688,2.973,0.624
1058,1057930,Neutral,good,1304.0,2.8,0.0,6686.502,2563.868,4056.924,10254.267,1309.317,0.2688,0.1031,0.1631,0.4123,0.0526,0.396,0.632
1059,1058930,Neutral,good,1304.4,2.6,0.0,3123.506,1490.181,848.954,5641.179,1052.603,0.2569,0.1226,0.0698,0.4640,0.0866,0.150,1.755
1060,1059930,Neutral,good,1304.3,2.7,0.0,3924.068,2276.031,2223.322,3363.618,639.390,0.3158,0.1832,0.1789,0.2707,0.0515,0.661,1.024
1061,1060930,Neutral,good,1304.5,2.2,0.0,1021.528,401.626,365.481,1329.191,434.501,0.2876,0.1131,0.1029,0.3742,0.1223,0.275,1.099
1062,1061930,Neutral,good,1304.6,2.7,0.0,3734.868,2044.313,2425.626,2254.754,315.768,0.3466,0.1897,0.2251,0.2093,0.0293,1.076,0.843
1063,1062930,Neutral,good,1304.4,2.9,0.0,3470.837,2254.450,1051.400,3710.191,889.526,0.3051,0.1982,0.0924,0.3261,0.0782,0.283,2.144
1064,1063930,Neutral,good,1304.8,2.6,0.0,5961.389,4485.495,4754.498,3500.402,705.800,0.3072,0.2311,0.2450,0.1804,0.0364,1.358,0.943
1065,1064930,Neutral,good,1304.8,2.9,0.0,123.659,1884.226,2013.643,5734.162,3938.681,0.0090,0.1376,0.1470,0.4187,0.2876,0.351,0.936
1066,1065930,Neutral,good,1304.3,2.8,0.0,1575.024,1668.501,1801.613,4831.007,1740.668,0.1356,0.1436,0.1551,0.4159,0.1498,0.373,0.926
1067,1066930,Neutral,good,1305.0,3.0,0.0,10854.936,21411.668,9095.638,2649.625,1409.388,0.2390,0.4714,0.2003,0.0583,0.0310,3.433,2.354
1068,1067929,Neutral,good,1305.3,2.4,0.0,1516.892,1773.252,1797.524,6976.756,1650.306,0.1106,0.1293,0.1311,0.5087,0.1203,0.258,0.986
1069,1068929,Neutral,good,1305.0,2.4,0.0,977.258,3159.396,2584.528,1253.271,1907.257,0.0989,0.3197,0.2615,0.1268,0.1930,2.062,1.222
1070,1069929,Neutral,good,1304.6,3.2,0.0,691.891,1707.112,1183.271,2271.503,478.089,0.1093,0.2696,0.1869,0.3587,0.0755,0.521,1.443
1071,1070929,Neutral,good,1304.2,2.6,0.0,6840.782,2429.371,964.415,3749.416,372.277,0.4765,0.1692,0.0672,0.2612,0.0259,0.257,2.519
1072,1071929,Neutral,good,1304.7,3.4,0.0,5205.870,5750.601,6011.045,6122.408,963.493,0.2164,0.2391,0.2499,0.2545,0.0401,0.982,0.957
1073,1072929,Neutral,good,1304.8,3.0,0.0,815.896,3461.289,1690.852,3644.704,1730.249,0.0719,0.3051,0.1491,0.3213,0.1525,0.464,2.047
1074,1073929,Neutral,good,1304.4,2.8,0.0,4439.444,8587.277,8691.692,5548.938,985.675,0.1571,0.3039,0.3076,0.1964,0.0349,1.566,0.988
1075,1074929,Neutral,good,1303.9,3.4,0.0,2011.941,12389.279,8252.116,1869.904,3765.839,0.0711,0.4380,0.2917,0.0661,0.1331,4.413,1.501
1076,1075929,Neutral,good,1304.6,3.0,0.0,5913.355,3426.430,855.503,5476.044,1093.017,0.3527,0.2044,0.0510,0.3266,0.0652,0.156,4.005
1077,1076929,Neutral,good,1304.0,2.6,0.0,3698.817,2285.808,2100.859,3630.351,4057.710,0.2345,0.1449,0.1332,0.2302,0.2572,0.579,1.088
1078,1077929,Neutral,good,1305.0,2.8,0.0,2011.646,370.902,859.552,1917.614,2052.142,0.2789,0.0514,0.1192,0.2659,0.2846,0.448,0.432
1079,1078929,Neutral,good,1304.9,2.8,0.0,4027.978,1521.391,2487.443,2880.920,2462.089,0.3010,0.1137,0.1859,0.2153,0.1840,0.863,0.612
1080,1079929,Neutral,good,1304.0,3.1,0.0,3743.243,7579.265,6029.965,6048.683,2920.167,0.1422,0.2880,0.2291,0.2298,0.1109,0.997,1.257
1081,1080929,Neutral,good,1304.6,2.6,0.0,5827.253,566.819,792.086,2598.005,612.631,0.5605,0.0545,0.0762,0.2499,0.0589,0.305,0.716
1082,1081928,Neutral,good,1303.8,2.7,0.0,4846.384,834.321,393.916,2776.542,1456.343,0.4702,0.0809,0.0382,0.2694,0.1413,0.142,2.118
1083,1082928,Neutral,good,1304.6,3.1,0.0,1661.867,3036.397,1646.549,6860.027,3482.222,0.0996,0.1820,0.0987,0.4111,0.2087,0.240,1.844
1084,1083928,Neutral,good,1305.0,2.5,0.0,7325.506,1247.142,740.408,3100.300,645.087,0.5610,0.0955,0.0567,0.2374,0.0494,0.239,1.684
1085,1084928,Neutral,good,1306.1,2.6,0.0,6941.939,2109.471,1130.268,2149.714,683.850,0.5334,0.1621,0.0868,0.1652,0.0525,0.526,1.866
1086,1085928,Neutral,good,1305.6,2.6,0.0,3894.490,1499.223,1259.827,764.611,821.471,0.4727,0.1820,0.1529,0.0928,0.0997,1.648,1.190
1087,1086928,Neutral,good,1305.2,2.7,0.0,10141.646,1672.287,1351.869,5198.302,3079.975,0.4729,0.0780,0.0630,0.2424,0.1436,0.260,1.237
1088,1087928,Neutral,good,1304.7,3.1,0.0,2465.501,958.989,878.845,2862.674,457.478,0.3234,0.1258,0.1153,0.3755,0.0600,0.307,1.091
1089,1088928,Neutral,good,1304.4,2.9,0.0,9919.909,2378.892,1368.698,4933.597,666.629,0.5148,0.1235,0.0710,0.2561,0.0346,0.277,1.738
1090,1089928,Neutral,good,1304.9,2.8,0.0,4602.314,2271.018,1832.187,1693.565,891.306,0.4076,0.2011,0.1623,0.1500,0.0789,1.082,1.240
1091,1090928,Neutral,good,1305.1,3.2,0.0,5221.254,2686.400,4387.275,8138.986,2073.390,0.2320,0.1194,0.1949,0.3616,0.0921,0.539,0.612
1092,1091928,Neutral,good,1304.0,3.5,0.0,4778.712,3152.317,1956.819,4104.196,986.075,0.3190,0.2105,0.1306,0.2740,0.0658,0.477,1.611
1093,1092928,Neutral,good,1304.5,2.7,0.0,4001.435,7174.410,1360.286,2273.186,925.842,0.2543,0.4559,0.0864,0.1445,0.0588,0.598,5.274
1094,1093928,Neutral,good,1305.5,2.9,0.0,2834.498,11324.178,11067.186,6353.281,929.670,0.0872,0.3483,0.3404,0.1954,0.0286,1.742,1.023
1095,1094928,Neutral,good,1304.7,3.1,0.0,447.263,2162.382,224.874,3985.878,1705.822,0.0525,0.2536,0.0264,0.4675,0.2001,0.056,9.616
1096,1095928,Neutral,good,1304.6,2.6,0.0,1070.022,833.404,353.932,3864.374,852.705,0.1534,0.1195,0.0507,0.5541,0.1223,0.092,2.355
1097,1096927,Neutral,good,1305.8,3.5,0.0,18927.342,8836.761,9964.612,4412.837,2969.216,0.4196,0.1959,0.2209,0.0978,0.0658,2.258,0.887
1098,1097927,Neutral,good,1305.6,3.1,0.0,14142.898,2992.407,775.887,2787.415,1255.703,0.6442,0.1363,0.0353,0.1270,0.0572,0.278,3.857
1099,1098927,Neutral,good,1304.4,2.9,0.0,2230.888,1402.721,1512.530,2353.040,863.484,0.2668,0.1677,0.1809,0.2814,0.1033,0.643,0.927
1100,1099927,Neutral,good,1305.3,3.5,0.0,17255.094,2517.871,2561.801,14729.628,9753.392,0.3686,0.0538,0.0547,0.3146,0.2083,0.174,0.983
1101,1100927,Neutral,good,1304.6,3.0,0.0,1883.759,3105.364,2799.811,1178.412,143.109,0.2068,0.3409,0.3073,0.1293,0.0157,2.376,1.109
1102,1101927,Neutral,good,1305.4,2.3,0.0,1590.072,1441.937,1379.690,2204.266,1552.324,0.1947,0.1765,0.1689,0.2699,0.1900,0.626,1.045
1103,1102927,Neutral,good,1305.3,2.2,0.0,3651.131,4289.709,2717.205,3765.803,1270.677,0.2326,0.2733,0.1731,0.2399,0.0810,0.722,1.579
1104,1103927,Neutral,good,1305.4,2.7,0.0,2456.008,2288.119,485.715,1605.990,2019.602,0.2773,0.2584,0.0548,0.1814,0.2281,0.302,4.711
1105,1104927,Neutral,good,1305.8,3.1,0.0,1137.164,1755.642,4477.185,2845.491,2226.613,0.0914,0.1411,0.3598,0.2287,0.1790,1.573,0.392
1106,1105927,Neutral,good,1305.7,2.7,0.0,1201.210,372.233,802.515,1616.469,2169.166,0.1950,0.0604,0.1302,0.2623,0.3520,0.496,0.464
1107,1106927,Neutral,good,1304.9,3.1,0.0,6862.007,8551.570,3217.846,1133.503,561.116,0.3376,0.4207,0.1583,0.0558,0.0276,2.839,2.658
1108,1107927,Neutral,good,1304.8,2.7,0.0,5333.760,2717.588,118.914,2174.429,1895.283,0.4358,0.2220,0.0097,0.1776,0.1548,0.055,22.853
1109,1108927,Neutral,good,1304.6,2.5,0.0,883.305,3111.961,2345.946,1777.489,1979.325,0.0875,0.3082,0.2323,0.1760,0.1960,1.320,1.327
1110,1109927,Neutral,good,1305.2,3.0,0.0,5472.844,6116.782,3149.346,1955.354,700.479,0.3146,0.3516,0.1811,0.1124,0.0403,1.611,1.942
1111,1110927,Neutral,good,1305.2,3.2,0.0,4845.972,2662.339,1873.296,1283.032,985.356,0.4160,0.2285,0.1608,0.1101,0.0846,1.460,1.421
1112,1111927,Neutral,good,1305.5,2.5,0.0,4223.079,3262.321,177.032,4012.213,1856.697,0.3121,0.2411,0.0131,0.2965,0.1372,0.044,18.428
1113,1112926,Neutral,good,1304.9,3.3,0.0,5907.031,3846.676,4086.255,7125.579,1666.356,0.2610,0.1700,0.1806,0.3148,0.0736,0.573,0.941
1114,1113926,Neutral,good,1305.2,2.4,0.0,353.833,1063.905,208.619,1926.352,880.162,0.0798,0.2400,0.0471,0.4346,0.1986,0.108,5.100
1115,1114926,Neutral,good,1306.4,2.8,0.0,7199.649,9511.584,5895.913,2433.219,1329.489,0.2730,0.3607,0.2236,0.0923,0.0504,2.423,1.613
1116,1115926,Neutral,good,1305.4,3.2,0.0,2713.355,639.589,1224.147,2828.872,2594.529,0.2713,0.0640,0.1224,0.2829,0.2594,0.433,0.522
1117,1116926,Neutral,good,1305.5,3.3,0.0,3960.548,4911.903,544.507,3967.602,2606.327,0.2477,0.3072,0.0341,0.2481,0.1630,0.137,9.021
1118,1117926,Neutral,good,1305.2,2.4,0.0,2221.696,6512.249,5732.623,4318.480,4243.093,0.0965,0.2828,0.2489,0.1875,0.1843,1.327,1.136
1119,1118926,Neutral,good,1304.2,2.9,0.0,3754.537,4233.365,3786.507,6306.925,3662.944,0.1727,0.1947,0.1741,0.2900,0.1685,0.600,1.118
1120,1119926,Neutral,good,1304.5,2.7,0.0,632.316,3276.509,3901.947,5688.473,2215.607,0.0402,0.2085,0.2483,0.3620,0.1410,0.686,0.840
1121,1120926,Neutral,good,1304.4,2.5,0.0,530.071,2001.358,899.632,1456.586,597.277,0.0966,0.3649,0.1640,0.2656,0.1089,0.618,2.225
1122,1121926,Neutral,good,1303.0,3.0,0.0,1443.261,2203.074,817.057,4356.974,1008.182,0.1468,0.2242,0.0831,0.4433,0.1026,0.188,2.696
1123,1122926,Neutral,good,1303.2,3.0,0.0,1302.692,3968.529,3532.560,3998.774,2386.805,0.0858,0.2613,0.2326,0.2633,0.1571,0.883,1.123
1124,1123926,Neutral,good,1304.6,2.6,0.0,4847.591,2488.783,479.660,2367.224,1537.560,0.4136,0.2123,0.0409,0.2020,0.1312,0.203,5.189
1125,1124926,Neutral,good,1304.1,2.8,0.0,725.676,949.651,717.925,1011.267,2978.580,0.1137,0.1488,0.1125,0.1584,0.4666,0.710,1.323
1126,1125926,Neutral,good,1304.4,3.4,0.0,3315.351,5831.651,3737.778,4812.449,4441.272,0.1498,0.2634,0.1688,0.2174,0.2006,0.777,1.560
1127,1126926,Neutral,good,1304.2,2.8,0.0,3410.781,13575.114,6548.757,7109.617,1725.363,0.1054,0.4194,0.2023,0.2196,0.0533,0.921,2.073
1128,1127926,Neutral,good,1303.8,3.2,0.0,4605.110,2248.961,3076.403,2033.439,1189.715,0.3501,0.1710,0.2339,0.1546,0.0904,1.513,0.731
1129,1128926,Neutral,good,1304.7,2.7,0.0,1074.033,199.438,1417.057,4896.583,989.411,0.1252,0.0233,0.1652,0.5709,0.1154,0.289,0.141
1130,1129925,Neutral,good,1305.0,3.0,0.0,4697.239,4250.147,5471.866,4482.058,1068.047,0.2352,0.2128,0.2740,0.2244,0.0535,1.221,0.777
1131,1130925,Neutral,good,1305.4,2.9,0.0,6725.751,4593.548,6396.954,7414.080,475.251,0.2627,0.1794,0.2498,0.2895,0.0186,0.863,0.718
1132,1131925,Neutral,good,1304.9,2.3,0.0,4267.033,2652.958,1329.442,1047.837,1698.793,0.3881,0.2413,0.1209,0.0953,0.1545,1.269,1.996
1133,1132925,Neutral,good,1306.0,2.9,0.0,7643.667,4742.092,1544.225,4948.603,1742.247,0.3707,0.2300,0.0749,0.2400,0.0845,0.312,3.071
1134,1133925,Neutral,good,1305.9,2.6,0.0,5748.754,5865.111,1550.815,2407.183,2460.708,0.3188,0.3253,0.0860,0.1335,0.1365,0.644,3.782
1135,1134925,Neutral,good,1305.4,2.8,0.0,2600.954,2401.406,1912.801,7330.296,2093.208,0.1592,0.1470,0.1171,0.4486,0.1281,0.261,1.255
1136,1135925,Neutral,good,1304.8,3.0,0.0,492.108,787.537,514.062,2848.228,1580.254,0.0791,0.1266,0.0826,0.4578,0.2540,0.180,1.532
1137,1136925,Neutral,good,1304.5,2.6,0.0,8505.455,8550.619,5184.401,4140.271,1631.053,0.3036,0.3053,0.1851,0.1478,0.0582,1.252,1.649
1138,1137925,Neutral,good,1305.5,3.0,0.0,8634.129,4745.336,1177.373,2043.484,899.828,0.4934,0.2712,0.0673,0.1168,0.0514,0.576,4.030
1139,1138925,Neutral,good,1305.1,2.7,0.0,1428.093,1630.364,2009.434,3437.632,1917.399,0.1370,0.1564,0.1928,0.3298,0.1840,0.585,0.811
1140,1139925,Neutral,good,1305.9,3.0,0.0,2568.203,2084.907,2184.604,5659.577,3493.431,0.1606,0.1304,0.1366,0.3539,0.2185,0.386,0.954
1141,1140925,Neutral,good,1305.2,2.9,0.0,5421.772,5072.145,1919.529,3186.127,3642.509,0.2818,0.2636,0.0998,0.1656,0.1893,0.602,2.642
1142,1141925,Neutral,good,1305.9,2.8,0.0,3345.448,1298.226,828.433,4501.520,811.647,0.3102,0.1204,0.0768,0.4174,0.0753,0.184,1.567
1143,1142925,Neutral,good,1305.5,2.5,0.0,8118.604,6414.657,222.929,1209.436,977.253,0.4792,0.3786,0.0132,0.0714,0.0577,0.184,28.774
1144,1143925,Neutral,good,1304.5,2.9,0.0,599.621,1359.543,223.909,3563.663,2522.738,0.0725,0.1644,0.0271,0.4309,0.3051,0.063,6.072
1145,1144924,Neutral,good,1305.4,2.9,0.0,2339.162,1758.554,1539.076,3530.179,682.213,0.2375,0.1785,0.1563,0.3584,0.0693,0.436,1.143
1146,1145924,Neutral,good,1304.6,2.9,0.0,1394.454,3383.824,3067.660,5317.574,1485.930,0.0952,0.2310,0.2094,0.3630,0.1014,0.577,1.103
1147,1146924,Neutral,good,1305.0,2.9,0.0,1230.064,2168.067,4255.030,9509.573,4418.700,0.0570,0.1005,0.1972,0.4406,0.2047,0.447,0.510
1148,1147924,Neutral,good,1304.7,2.6,0.0,4678.095,5088.256,4676.067,8196.717,5360.200,0.1671,0.1817,0.1670,0.2927,0.1914,0.570,1.088
1149,1148924,Neutral,good,1305.3,3.2,0.0,3389.761,1103.664,401.824,7205.277,1088.034,0.2570,0.0837,0.0305,0.5463,0.0825,0.056,2.747
1150,1149924,Neutral,good,1305.1,2.8,0.0,3915.933,2343.251,1704.289,2351.780,4136.107,0.2710,0.1621,0.1179,0.1627,0.2862,0.725,1.375
1151,1150924,Neutral,good,1304.9,3.1,0.0,485.762,1312.936,1176.714,2072.947,1474.651,0.0745,0.2013,0.1804,0.3178,0.2261,0.568,1.116
1152,1151924,Neutral,good,1304.7,3.3,0.0,1707.520,4324.741,1727.061,1545.672,929.903,0.1668,0.4225,0.1687,0.1510,0.0909,1.117,2.504
1153,1152924,Neutral,good,1304.5,2.6,0.0,780.947,883.162,1750.419,2340.660,1359.589,0.1098,0.1241,0.2460,0.3290,0.1911,0.748,0.505
1154,1153924,Neutral,good,1305.0,2.3,0.0,1237.365,692.623,624.242,1448.191,1332.057,0.2320,0.1298,0.1170,0.2715,0.2497,0.431,1.110
1155,1154924,Neutral,good,1305.3,2.9,0.0,3134.726,1981.638,1835.991,9768.145,877.485,0.1781,0.1126,0.1043,0.5551,0.0499,0.188,1.079
1156,1155924,Neutral,good,1305.6,2.9,0.0,4643.319,782.352,1208.908,2665.339,3421.006,0.3650,0.0615,0.0950,0.2095,0.2689,0.454,0.647
1157,1156924,Neutral,good,1305.4,2.8,0.0,636.293,1304.716,1861.647,1114.436,2480.733,0.0860,0.1764,0.2516,0.1506,0.3353,1.670,0.701
1158,1157924,Neutral,good,1305.1,3.1,0.0,7405.833,4724.509,3713.425,11016.338,2947.210,0.2485,0.1585,0.1246,0.3696,0.0989,0.337,1.272
1159,1158924,Neutral,good,1305.0,2.9,0.0,3839.539,5539.107,4450.203,5284.489,987.150,0.1910,0.2756,0.2214,0.2629,0.0491,0.842,1.245
1160,1159923,Neutral,good,1305.4,3.1,0.0,2308.494,2320.168,1611.685,4175.968,1745.802,0.1898,0.1908,0.1325,0.3434,0.1435,0.386,1.440
1161,1160923,Neutral,good,1304.9,2.7,0.0,546.989,1674.754,1901.405,6779.499,867.049,0.0465,0.1423,0.1616,0.5760,0.0737,0.280,0.881
1162,1161923,Neutral,good,1304.2,2.8,0.0,3375.633,607.336,1218.456,3237.814,1066.667,0.3551,0.0639,0.1282,0.3406,0.1122,0.376,0.498
1163,1162923,Neutral,good,1302.4,3.2,0.0,2243.684,4802.028,1985.007,3649.547,737.299,0.1672,0.3579,0.1479,0.2720,0.0550,0.544,2.419
1164,1163923,Neutral,good,1302.9,2.8,0.0,796.488,1700.634,3069.120,4291.600,1541.036,0.0699,0.1492,0.2692,0.3765,0.1352,0.715,0.554
1165,1164923,Neutral,good,1303.3,3.3,0.0,5432.909,9834.545,2780.151,2862.268,3670.260,0.2210,0.4001,0.1131,0.1164,0.1493,0.971,3.537
1166,1165923,Neutral,good,1304.5,3.1,0.0,8920.944,2470.892,2300.173,4614.570,1703.412,0.4458,0.1235,0.1150,0.2306,0.0851,0.498,1.074
1167,1166923,Neutral,good,1305.0,3.1,0.0,7250.227,1289.917,3539.520,7779.262,1297.305,0.3427,0.0610,0.1673,0.3677,0.0613,0.455,0.364
1168,1167923,Neutral,good,1304.9,2.6,0.0,1014.719,81.213,56.048,2084.905,2289.806,0.1836,0.0147,0.0101,0.3772,0.4143,0.027,1.449
1169,1168923,Neutral,good,1305.0,2.6,0.0,4991.994,3222.602,1924.474,7905.216,1288.029,0.2582,0.1667,0.0995,0.4089,0.0666,0.243,1.675
1170,1169923,Neutral,good,1305.0,2.8,0.0,4318.661,2075.488,525.208,2893.115,811.917,0.4065,0.1954,0.0494,0.2723,0.0764,0.182,3.952
1171,1170923,Neutral,good,1305.4,2.8,0.0,3320.124,3792.372,4396.448,4659.696,1121.394,0.1920,0.2193,0.2543,0.2695,0.0649,0.944,0.863
1172,1171923,Neutral,good,1305.2,3.3,0.0,2055.087,7657.609,6835.432,7678.603,1159.067,0.0810,0.3016,0.2693,0.3025,0.0457,0.890,1.120
1173,1172923,Neutral,good,1304.8,3.6,0.0,2294.948,7386.980,5955.977,8202.004,2679.219,0.0865,0.2786,0.2246,0.3093,0.1010,0.726,1.240
1174,1173923,Neutral,good,1305.9,3.3,0.0,1567.462,9672.265,10919.690,6104.009,3548.558,0.0493,0.3040,0.3433,0.1919,0.1115,1.789,0.886
1175,1174922,Neutral,good,1305.7,2.7,0.0,1572.303,2147.937,509.714,2001.390,1663.384,0.1992,0.2721,0.0646,0.2535,0.2107,0.255,4.214
1176,1175923,Neutral,good,1305.4,2.2,0.0,2664.938,2541.822,1559.106,2061.042,3431.027,0.2174,0.2074,0.1272,0.1681,0.2799,0.756,1.630
1177,1176922,Neutral,good,1305.6,2.7,0.0,2767.576,1054.874,3240.113,4918.356,1671.788,0.2027,0.0773,0.2373,0.3602,0.1225,0.659,0.326
1178,1177922,Neutral,good,1305.5,2.7,0.0,2934.997,2921.581,4775.606,4235.488,2178.878,0.1722,0.1714,0.2802,0.2485,0.1278,1.128,0.612
1179,1178922,Neutral,good,1304.6,2.5,0.0,1781.630,3492.651,2495.172,3953.740,1514.255,0.1346,0.2638,0.1885,0.2987,0.1144,0.631,1.400
1180,1179922,Neutral,good,1303.2,3.2,0.0,1716.333,1102.326,479.876,3525.957,1808.323,0.1988,0.1277,0.0556,0.4084,0.2095,0.136,2.297
1181,1180922,Neutral,good,1302.6,3.2,0.0,891.712,937.378,2182.403,3308.529,1446.368,0.1017,0.1069,0.2490,0.3774,0.1650,0.660,0.430
1182,1181922,Neutral,good,1302.5,3.5,0.0,1944.346,3044.579,1239.000,2381.096,2888.202,0.1691,0.2648,0.1078,0.2071,0.2512,0.520,2.457
1183,1182922,Neutral,good,1303.6,3.3,0.0,1664.720,2022.434,3872.821,4401.484,2112.503,0.1183,0.1437,0.2752,0.3127,0.1501,0.880,0.522
1184,1183922,Neutral,good,1304.4,2.6,0.0,2848.148,1387.522,727.954,4390.034,291.004,0.2953,0.1439,0.0755,0.4552,0.0302,0.166,1.906
1185,1184922,Neutral,good,1304.2,2.6,0.0,7864.060,1470.856,1300.011,2959.624,1893.923,0.5077,0.0950,0.0839,0.1911,0.1223,0.439,1.131
1186,1185922,Neutral,good,1303.8,2.8,0.0,5738.312,4250.339,3637.055,2942.984,742.151,0.3315,0.2455,0.2101,0.1700,0.0429,1.236,1.169
1187,1186922,Neutral,good,1304.9,2.7,0.0,2649.873,2649.955,498.528,1285.045,1802.372,0.2982,0.2982,0.0561,0.1446,0.2028,0.388,5.316
1188,1187922,Neutral,good,1304.6,2.9,0.0,1896.410,3546.099,3567.655,7448.558,2369.388,0.1007,0.1883,0.1895,0.3956,0.1258,0.479,0.994
1189,1188922,Neutral,good,1304.0,2.7,0.0,4034.068,275.425,2865.430,3697.589,313.330,0.3606,0.0246,0.2562,0.3306,0.0280,0.775,0.096
1190,1189922,Neutral,good,1305.2,2.9,0.0,945.160,743.105,2572.619,4994.661,948.093,0.0926,0.0728,0.2521,0.4895,0.0929,0.515,0.289
1191,1190922,Neutral,good,1304.5,3.0,0.0,9500.887,9060.017,5748.841,4766.503,2392.588,0.3019,0.2879,0.1827,0.1515,0.0760,1.206,1.576
1192,1191921,Neutral,good,1306.3,3.2,0.0,4629.196,982.268,686.746,1447.975,1416.109,0.5052,0.1072,0.0750,0.1580,0.1546,0.474,1.430
1193,1192921,Neutral,good,1305.2,3.1,0.0,8200.395,2971.058,2903.157,7397.848,2397.121,0.3436,0.1245,0.1216,0.3099,0.1004,0.392,1.023
1194,1193921,Neutral,good,1306.0,2.7,0.0,1044.857,7185.099,4974.718,4637.891,653.400,0.0565,0.3885,0.2690,0.2508,0.0353,1.073,1.444
1195,1194921,Neutral,good,1306.1,2.6,0.0,1711.642,4091.980,4373.688,5147.193,569.271,0.1077,0.2575,0.2752,0.3238,0.0358,0.850,0.936
1196,1195921,Neutral,good,1306.1,2.2,0.0,80.061,604.962,953.222,1285.237,599.064,0.0227,0.1717,0.2706,0.3649,0.1701,0.742,0.635
1197,1196921,Neutral,good,1305.2,2.8,0.0,6370.160,1702.429,707.560,3324.169,2293.806,0.4424,0.1182,0.0491,0.2309,0.1593,0.213,2.406
1198,1197921,Neutral,good,1305.9,3.2,0.0,11953.563,3149.016,1936.590,2115.200,926.249,0.5953,0.1568,0.0964,0.1053,0.0461,0.916,1.626
1199,1198921,Neutral,good,1305.5,2.3,0.0,2362.404,4242.173,1143.714,2431.926,527.995,0.2206,0.3962,0.1068,0.2271,0.0493,0.470,3.709
1200,1199921,Neutral,good,1305.4,3.2,0.0,1043.323,2835.206,3741.036,9972.747,1523.564,0.0546,0.1483,0.1957,0.5217,0.0797,0.375,0.758
1201,1200921,Neutral,good,1304.6,2.3,0.0,2029.712,1013.211,334.016,1081.466,701.328,0.3934,0.1964,0.0647,0.2096,0.1359,0.309,3.033
1202,1201921,Neutral,good,1305.0,2.7,0.0,2770.188,2884.550,983.693,7082.339,1979.814,0.1764,0.1837,0.0627,0.4511,0.1261,0.139,2.932
1203,1202921,Neutral,good,1305.8,2.8,0.0,988.949,524.801,235.945,5321.469,332.354,0.1336,0.0709,0.0319,0.7188,0.0449,0.044,2.224
1204,1203921,Neutral,good,1305.6,3.4,0.0,2215.717,1608.735,883.393,5452.196,5781.839,0.1390,0.1009,0.0554,0.3420,0.3627,0.162,1.821
1205,1204921,Neutral,good,1305.5,3.2,0.0,7274.585,9698.021,5029.930,3670.941,1312.733,0.2696,0.3594,0.1864,0.1360,0.0486,1.370,1.928
1206,1205921,Neutral,good,1305.4,3.0,0.0,5491.372,8332.785,4169.836,4568.699,1923.895,0.2243,0.3403,0.1703,0.1866,0.0786,0.913,1.998
1207,1206920,Neutral,good,1306.2,2.9,0.0,7040.484,6215.426,5675.085,5979.418,4210.261,0.2418,0.2134,0.1949,0.2053,0.1446,0.949,1.095
1208,1207920,Neutral,good,1304.8,3.7,0.0,4383.391,809.811,1118.514,5388.303,3693.918,0.2847,0.0526,0.0727,0.3500,0.2400,0.208,0.724
1209,1208920,Neutral,good,1305.8,2.8,0.0,2869.256,1565.524,1233.057,1704.252,1782.078,0.3134,0.1710,0.1347,0.1862,0.1947,0.724,1.270
1210,1209920,Neutral,good,1305.2,3.2,0.0,7560.489,3275.018,1491.195,2046.393,579.877,0.5056,0.2190,0.0997,0.1369,0.0388,0.729,2.196
1211,1210920,Neutral,good,1305.7,2.7,0.0,5017.604,1203.520,1974.521,4493.032,1014.867,0.3662,0.0878,0.1441,0.3279,0.0741,0.439,0.610
1212,1211920,Neutral,good,1306.1,2.9,0.0,4397.216,5979.927,3339.359,4945.080,820.850,0.2257,0.3069,0.1714,0.2538,0.0421,0.675,1.791
1213,1212920,Neutral,good,1305.3,2.9,0.0,9522.110,3878.778,2051.627,3918.381,2103.439,0.4434,0.1806,0.0955,0.1825,0.0980,0.524,1.891
1214,1213920,Neutral,good,1305.9,2.4,0.0,6801.270,5661.173,1040.203,2548.722,536.842,0.4100,0.3413,0.0627,0.1536,0.0324,0.408,5.442
1215,1214920,Neutral,good,1305.0,3.0,0.0,4316.550,3070.135,7712.827,4125.983,3948.140,0.1863,0.1325,0.3328,0.1780,0.1704,1.869,0.398
1216,1215920,Neutral,good,1306.4,2.9,0.0,8791.297,663.351,718.263,2906.417,312.604,0.6565,0.0495,0.0536,0.2170,0.0233,0.247,0.924
1217,1216920,Neutral,good,1306.5,2.8,0.0,6686.342,2790.128,1361.495,3745.416,1445.446,0.4171,0.1741,0.0849,0.2337,0.0902,0.364,2.049
1218,1217920,Neutral,good,1305.9,3.3,0.0,2071.249,2920.692,2494.991,2168.206,2517.000,0.1702,0.2399,0.2050,0.1781,0.2068,1.151,1.171
1219,1218920,Neutral,good,1306.2,2.6,0.0,423.573,3193.500,3860.429,5627.779,956.829,0.0301,0.2271,0.2745,0.4002,0.0680,0.686,0.827
1220,1219920,Neutral,good,1304.7,3.3,0.0,1273.142,4400.383,4561.120,2921.253,1874.792,0.0847,0.2928,0.3035,0.1944,0.1247,1.561,0.965
1221,1220920,Neutral,good,1305.4,2.9,0.0,1215.690,5777.490,2679.523,3033.787,1195.356,0.0874,0.4156,0.1927,0.2182,0.0860,0.883,2.156
1222,1221920,Neutral,good,1305.6,2.7,0.0,2989.099,1248.803,857.342,1005.040,965.885,0.4230,0.1767,0.1213,0.1422,0.1367,0.853,1.457
1223,1222920,Neutral,good,1306.3,2.8,0.0,842.040,3911.748,4319.866,1842.872,1581.176,0.0674,0.3130,0.3457,0.1475,0.1265,2.344,0.906
1224,1223919,Neutral,good,1306.0,2.4,0.0,1966.722,1312.957,2247.167,3369.993,1007.384,0.1986,0.1326,0.2269,0.3403,0.1017,0.667,0.584
1225,1224919,Neutral,good,1305.9,3.2,0.0,1962.519,5749.171,10712.509,7667.601,1484.516,0.0712,0.2085,0.3885,0.2781,0.0538,1.397,0.537
1226,1225919,Neutral,good,1305.9,2.9,0.0,2421.746,3688.501,2825.765,3565.015,1748.657,0.1700,0.2588,0.1983,0.2502,0.1227,0.793,1.305
1227,1226919,Neutral,good,1305.3,2.8,0.0,8221.869,785.366,933.686,6861.080,842.974,0.4660,0.0445,0.0529,0.3888,0.0478,0.136,0.841
1228,1227919,Neutral,good,1305.9,2.6,0.0,5159.391,888.593,1691.912,2333.051,1313.648,0.4531,0.0780,0.1486,0.2049,0.1154,0.725,0.525
1229,1228919,Neutral,good,1305.3,2.9,0.0,2525.428,7576.116,5451.985,6173.594,3562.427,0.0999,0.2996,0.2156,0.2441,0.1409,0.883,1.390
1230,1229919,Neutral,good,1305.4,2.3,0.0,2287.518,334.672,1220.504,1141.054,622.786,0.4080,0.0597,0.2177,0.2035,0.1111,1.070,0.274
1231,1230919,Neutral,good,1305.8,2.4,0.0,717.647,1813.929,1223.172,2504.145,1105.157,0.0975,0.2463,0.1661,0.3400,0.1501,0.488,1.483
1232,1231919,Neutral,good,1306.1,2.9,0.0,2453.612,1778.994,677.362,2238.040,4038.153,0.2193,0.1590,0.0606,0.2001,0.3610,0.303,2.626
1233,1232919,Neutral,good,1305.3,2.8,0.0,3108.167,7087.155,3728.231,10451.343,956.284,0.1227,0.2798,0.1472,0.4126,0.0378,0.357,1.901
1234,1233919,Neutral,good,1305.3,3.6,0.0,11764.719,6278.682,6771.606,8641.240,5027.949,0.3057,0.1631,0.1760,0.2245,0.1306,0.784,0.927
1235,1234919,Neutral,good,1305.0,3.0,0.0,3468.864,379.342,1899.990,5600.525,567.048,0.2911,0.0318,0.1595,0.4700,0.0476,0.339,0.200
1236,1235919,Neutral,good,1304.8,2.8,0.0,738.201,5425.407,5276.420,1635.733,351.173,0.0550,0.4041,0.3930,0.1218,0.0262,3.226,1.028
1237,1236919,Neutral,good,1305.2,2.6,0.0,2614.725,2539.626,2377.688,1769.332,2529.827,0.2210,0.2147,0.2010,0.1495,0.2138,1.344,1.068
1238,1237919,Neutral,good,1306.0,2.8,0.0,1939.259,2219.033,3048.514,11436.151,2358.811,0.0923,0.1057,0.1452,0.5445,0.1123,0.267,0.728
1239,1238918,Neutral,good,1305.9,3.2,0.0,18615.039,7409.180,1085.566,4788.110,3859.885,0.5206,0.2072,0.0304,0.1339,0.1079,0.227,6.825
1240,1239918,Neutral,good,1305.0,3.2,0.0,2523.228,1556.705,3106.177,1670.633,2675.045,0.2188,0.1350,0.2694,0.1449,0.2320,1.859,0.501
1241,1240918,Neutral,good,1305.4,2.9,0.0,3494.601,789.804,1987.600,4540.817,1786.578,0.2774,0.0627,0.1578,0.3604,0.1418,0.438,0.397
1242,1241918,Neutral,good,1306.0,2.5,0.0,1477.648,1242.633,939.217,1664.468,1073.290,0.2310,0.1942,0.1468,0.2602,0.1678,0.564,1.323
1243,1242918,Neutral,good,1305.7,3.0,0.0,2525.090,4084.848,5283.685,4778.062,875.869,0.1439,0.2328,0.3011,0.2723,0.0499,1.106,0.773
1244,1243918,Neutral,good,1305.9,3.4,0.0,7267.049,7457.757,1341.686,7866.471,2977.633,0.2700,0.2771,0.0499,0.2923,0.1106,0.171,5.558
1245,1244918,Neutral,good,1304.8,2.6,0.0,640.092,1033.875,1271.583,2480.711,612.602,0.1060,0.1712,0.2106,0.4108,0.1014,0.513,0.813
1246,1245918,Neutral,good,1305.8,2.9,0.0,2849.756,3651.045,2231.078,2625.007,3745.564,0.1887,0.2418,0.1477,0.1738,0.2480,0.850,1.636
1247,1246918,Neutral,good,1306.3,2.7,0.0,533.727,941.759,3518.445,4672.289,328.657,0.0534,0.0942,0.3520,0.4675,0.0329,0.753,0.268
1248,1247918,Neutral,good,1305.6,3.3,0.0,4062.895,962.368,2086.980,3065.874,159.189,0.3930,0.0931,0.2019,0.2966,0.0154,0.681,0.461
1249,1248918,Neutral,good,1306.0,2.5,0.0,5129.274,8927.854,5705.547,4362.331,655.272,0.2070,0.3603,0.2302,0.1760,0.0264,1.308,1.565
1250,1249918,Neutral,good,1305.2,3.2,0.0,3837.833,5185.915,2589.978,2914.647,1114.964,0.2453,0.3315,0.1656,0.1863,0.0713,0.889,2.002
1251,1250918,Neutral,good,1306.4,3.2,0.0,418.768,2735.523,4430.030,2382.540,586.931,0.0397,0.2592,0.4198,0.2258,0.0556,1.859,0.617
1252,1251918,Neutral,good,1306.4,2.8,0.0,1490.785,1409.047,1605.414,3550.581,1401.279,0.1576,0.1490,0.1698,0.3754,0.1482,0.452,0.878
1253,1252917,Neutral,good,1306.0,2.9,0.0,7398.474,5729.417,10877.627,7565.608,424.694,0.2312,0.1791,0.3400,0.2365,0.0133,1.438,0.527
1254,1253918,Neutral,good,1305.9,3.5,0.0,5468.938,4968.701,5448.559,7227.222,1169.790,0.2252,0.2046,0.2244,0.2976,0.0482,0.754,0.912
1255,1254917,Neutral,good,1306.0,2.8,0.0,2328.783,733.054,870.710,2703.625,994.337,0.3052,0.0961,0.1141,0.3543,0.1303,0.322,0.842
1256,1255917,Neutral,good,1306.2,2.3,0.0,4054.379,4637.912,1506.595,2607.586,3475.280,0.2490,0.2849,0.0925,0.1602,0.2134,0.578,3.078
1257,1256917,Neutral,good,1306.0,2.9,0.0,3867.119,4435.446,1907.110,5571.177,968.509,0.2309,0.2648,0.1139,0.3326,0.0578,0.342,2.326
1258,1257917,Neutral,good,1305.6,2.7,0.0,3531.300,2111.125,929.980,8355.448,2437.563,0.2034,0.1216,0.0536,0.4812,0.1404,0.111,2.270
1259,1258917,Neutral,good,1305.9,2.6,0.0,1289.062,512.828,1990.532,4870.910,2684.939,0.1136,0.0452,0.1754,0.4292,0.2366,0.409,0.258
1260,1259917,Neutral,good,1305.9,2.2,0.0,4105.553,5606.029,1374.652,2282.213,367.828,0.2989,0.4081,0.1001,0.1661,0.0268,0.602,4.078
1261,1260917,Neutral,good,1305.3,2.5,0.0,143.536,2178.585,2509.463,3560.599,376.312,0.0164,0.2485,0.2862,0.4061,0.0429,0.705,0.868
1262,1261917,Neutral,good,1305.2,2.7,0.0,5416.211,3196.551,674.124,2686.121,423.426,0.4369,0.2579,0.0544,0.2167,0.0342,0.251,4.742
1263,1262917,Neutral,good,1305.9,2.7,0.0,2635.891,5701.684,3456.684,5175.042,872.760,0.1477,0.3196,0.1937,0.2900,0.0489,0.668,1.649
1264,1263917,Neutral,good,1306.1,2.8,0.0,3239.040,3493.987,1119.148,9298.212,3073.987,0.1602,0.1728,0.0553,0.4598,0.1520,0.120,3.122
1265,1264917,Neutral,good,1305.5,2.6,0.0,1882.817,5523.841,3479.734,3404.229,816.658,0.1246,0.3656,0.2303,0.2253,0.0541,1.022,1.587
1266,1265917,Neutral,good,1305.4,2.9,0.0,1447.676,2568.132,3510.014,4212.643,1707.331,0.1077,0.1910,0.2610,0.3133,0.1270,0.833,0.732
1267,1266917,Neutral,good,1306.5,2.9,0.0,3180.074,2469.138,1558.553,2368.723,1863.106,0.2780,0.2158,0.1362,0.2071,0.1629,0.658,1.584
1268,1267917,Neutral,good,1305.4,2.5,0.0,4093.726,4114.800,983.209,2159.266,4107.064,0.2648,0.2662,0.0636,0.1397,0.2657,0.455,4.185
1269,1268917,Neutral,good,1306.1,3.0,0.0,11502.588,4259.564,1518.228,2428.101,744.566,0.5624,0.2083,0.0742,0.1187,0.0364,0.625,2.806
1270,1269916,Neutral,good,1306.1,2.8,0.0,2153.115,1705.697,846.383,2935.383,1963.367,0.2242,0.1776,0.0881,0.3056,0.2044,0.288,2.015
1271,1270916,Neutral,good,1305.8,2.8,0.0,6055.638,13006.079,8251.817,1009.431,308.028,0.2115,0.4543,0.2882,0.0353,0.0108,8.175,1.576
1272,1271916,Neutral,good,1306.4,2.2,0.0,1557.792,728.708,1176.422,652.465,198.957,0.3611,0.1689,0.2727,0.1512,0.0461,1.803,0.619
1273,1272916,Neutral,good,1306.4,2.7,0.0,4557.148,6327.650,3722.016,3193.393,1135.811,0.2407,0.3342,0.1966,0.1686,0.0600,1.166,1.700
1274,1273916,Neutral,good,1305.8,3.0,0.0,631.021,1445.438,5964.280,2217.685,835.930,0.0569,0.1303,0.5376,0.1999,0.0753,2.689,0.242
1275,1274916,Neutral,good,1306.0,3.2,0.0,5456.963,1452.435,1804.989,3202.658,2353.997,0.3824,0.1018,0.1265,0.2244,0.1649,0.564,0.805
1276,1275916,Neutral,good,1307.0,3.3,0.0,1008.872,6160.447,4203.570,2109.087,1484.168,0.0674,0.4116,0.2809,0.1409,0.0992,1.993,1.466
1277,1276916,Neutral,good,1305.9,2.5,0.0,747.261,346.854,905.959,2787.234,1224.145,0.1243,0.0577,0.1507,0.4637,0.2036,0.325,0.383
1278,1277916,Neutral,good,1305.9,3.0,0.0,4742.164,658.900,1483.524,6616.765,2011.897,0.3057,0.0425,0.0956,0.4265,0.1297,0.224,0.444
1279,1278916,Neutral,good,1304.8,3.0,0.0,3618.602,351.262,810.619,2549.226,2979.137,0.3510,0.0341,0.0786,0.2473,0.2890,0.318,0.433
1280,1279916,Neutral,good,1305.3,3.0,0.0,3849.148,3827.500,4857.417,7345.912,1485.001,0.1802,0.1791,0.2274,0.3438,0.0695,0.661,0.788
1281,1280916,Neutral,good,1305.9,3.2,0.0,8769.626,7549.008,1265.267,5503.012,2654.658,0.3407,0.2933,0.0492,0.2138,0.1031,0.230,5.966
1282,1281916,Neutral,good,1305.7,2.9,0.0,770.807,3651.829,3424.622,2856.494,6086.910,0.0459,0.2175,0.2040,0.1701,0.3625,1.199,1.066
1283,1282916,Neutral,good,1305.4,3.1,0.0,6356.670,2030.861,1174.079,3739.463,1144.118,0.4401,0.1406,0.0813,0.2589,0.0792,0.314,1.730
1284,1283916,Neutral,good,1305.9,2.7,0.0,2849.626,3041.789,1421.548,1531.890,497.616,0.3050,0.3256,0.1522,0.1640,0.0533,0.928,2.140
1285,1284916,Neutral,good,1306.3,2.4,0.0,3125.609,1883.668,1859.421,5363.280,1385.902,0.2295,0.1383,0.1365,0.3938,0.1018,0.347,1.013
1286,1285915,Neutral,good,1306.2,3.3,0.0,6250.562,8955.100,8253.339,9572.163,9691.347,0.1463,0.2096,0.1932,0.2241,0.2268,0.862,1.085
1287,1286915,Neutral,good,1305.5,2.8,0.0,574.079,641.560,2630.866,1904.033,584.559,0.0906,0.1013,0.4153,0.3006,0.0923,1.382,0.244
1288,1287915,Neutral,good,1306.4,2.4,0.0,3749.072,5162.752,4546.461,3469.491,832.945,0.2111,0.2907,0.2560,0.1953,0.0469,1.310,1.136
1289,1288915,Neutral,good,1306.2,3.2,0.0,4149.996,845.010,384.471,3842.003,1865.846,0.3743,0.0762,0.0347,0.3465,0.1683,0.100,2.198
1290,1289915,Neutral,good,1306.8,3.7,0.0,2184.630,1718.098,2175.742,7762.576,1125.730,0.1460,0.1148,0.1454,0.5187,0.0752,0.280,0.790
1291,1290915,Neutral,good,1306.5,2.6,0.0,4690.083,5814.601,2565.980,4603.873,326.559,0.2605,0.3230,0.1425,0.2558,0.0181,0.557,2.266
1292,1291915,Neutral,good,1306.0,2.8,0.0,1989.845,313.042,420.215,2256.516,464.979,0.3655,0.0575,0.0772,0.4145,0.0854,0.186,0.745
1293,1292915,Neutral,good,1305.8,2.9,0.0,3269.830,2101.953,491.919,5063.926,1018.701,0.2737,0.1759,0.0412,0.4239,0.0853,0.097,4.273
1294,1293915,Neutral,good,1305.5,2.4,0.0,2001.371,2363.130,1043.003,5469.287,2550.531,0.1491,0.1760,0.0777,0.4073,0.1900,0.191,2.266
1295,1294915,Neutral,good,1306.3,3.3,0.0,7473.410,9256.603,11746.945,20582.633,996.290,0.1493,0.1849,0.2347,0.4112,0.0199,0.571,0.788
1296,1295915,Neutral,good,1306.1,3.0,0.0,1471.115,5849.347,5371.961,2719.445,679.675,0.0914,0.3635,0.3338,0.1690,0.0422,1.975,1.089
1297,1296915,Neutral,good,1305.8,2.7,0.0,2239.501,2348.794,1388.046,4106.363,2071.878,0.1843,0.1932,0.1142,0.3378,0.1705,0.338,1.692
1298,1297915,Neutral,good,1306.2,2.9,0.0,6354.365,4986.328,3736.377,4943.838,3891.392,0.2657,0.2085,0.1563,0.2067,0.1627,0.756,1.335
1299,1298915,Neutral,good,1306.5,2.6,0.0,3708.518,1885.428,1035.038,3109.013,813.523,0.3515,0.1787,0.0981,0.2947,0.0771,0.333,1.822
1300,1299915,Neutral,good,1306.4,2.6,0.0,2494.075,4070.213,3438.292,10673.996,6503.362,0.0918,0.1498,0.1265,0.3927,0.2393,0.322,1.184
1301,1300915,Neutral,good,1305.7,2.9,0.0,2656.559,1392.763,2256.746,4919.843,2676.458,0.1911,0.1002,0.1623,0.3539,0.1925,0.459,0.617
1302,1301914,Neutral,good,1305.5,2.6,0.0,1571.729,1726.112,1982.303,4447.034,1798.461,0.1364,0.1498,0.1720,0.3858,0.1560,0.446,0.871
1303,1302914,Neutral,good,1305.7,2.8,0.0,3067.656,5558.850,3863.491,7440.236,1173.304,0.1454,0.2634,0.1831,0.3526,0.0556,0.519,1.439
1304,1303914,Neutral,good,1305.4,2.8,0.0,374.119,7917.721,6645.934,2527.138,2112.274,0.0191,0.4044,0.3395,0.1291,0.1079,2.630,1.191
1305,1304914,Neutral,good,1305.1,2.6,0.0,413.931,1946.344,3635.238,5086.675,791.238,0.0349,0.1639,0.3062,0.4284,0.0666,0.715,0.535
1306,1305914,Neutral,good,1306.1,2.7,0.0,1847.350,2305.358,1693.582,7738.897,867.490,0.1278,0.1595,0.1172,0.5355,0.0600,0.219,1.361
1307,1306914,Neutral,good,1306.3,2.8,0.0,4137.087,12395.408,11041.008,2914.609,2892.959,0.1239,0.3713,0.3308,0.0873,0.0867,3.788,1.123
1308,1307914,Neutral,good,1306.3,2.7,0.0,995.764,971.255,254.020,8128.018,1807.742,0.0819,0.0799,0.0209,0.6686,0.1487,0.031,3.824
1309,1308914,Neutral,good,1306.8,2.6,0.0,8040.948,6317.151,2941.343,7198.667,939.261,0.3161,0.2483,0.1156,0.2830,0.0369,0.409,2.148
1310,1309914,Neutral,good,1305.9,3.6,0.0,5554.783,10856.388,5308.858,6142.138,9321.192,0.1494,0.2920,0.1428,0.1652,0.2507,0.864,2.045
1311,1310914,Neutral,good,1306.2,2.9,0.0,1714.092,1381.896,1021.219,4087.937,2625.204,0.1583,0.1276,0.0943,0.3775,0.2424,0.250,1.353
1312,1311914,Neutral,good,1306.2,3.1,0.0,11056.578,9635.109,1946.345,5056.695,3876.074,0.3502,0.3052,0.0617,0.1602,0.1228,0.385,4.950
1313,1312914,Neutral,good,1305.7,3.7,0.0,589.896,2136.518,5354.415,4029.685,929.981,0.0452,0.1638,0.4106,0.3090,0.0713,1.329,0.399
1314,1313914,Neutral,good,1305.3,3.0,0.0,2155.800,1336.324,1937.041,2967.507,3324.439,0.1839,0.1140,0.1653,0.2532,0.2836,0.653,0.690
1315,1314914,Neutral,good,1305.5,2.4,0.0,753.828,4332.597,6047.376,3335.415,409.343,0.0507,0.2912,0.4064,0.2242,0.0275,1.813,0.716
1316,1315914,Neutral,good,1306.0,2.8,0.0,2481.908,4270.904,4548.252,5851.531,1287.052,0.1346,0.2316,0.2467,0.3173,0.0698,0.777,0.939
1317,1316913,Neutral,good,1304.7,2.6,0.0,559.208,1602.185,1144.964,4642.728,2991.489,0.0511,0.1464,0.1047,0.4244,0.2734,0.247,1.399
1318,1317913,Neutral,good,1305.6,3.1,0.0,3244.140,6389.452,2238.556,4348.479,1140.094,0.1869,0.3680,0.1289,0.2505,0.0657,0.515,2.854
1319,1318913,Neutral,good,1305.9,2.6,0.0,2847.983,418.188,697.017,1289.055,1451.186,0.4249,0.0624,0.1040,0.1923,0.2165,0.541,0.600
1320,1319913,Neutral,good,1306.0,3.1,0.0,54.597,5178.026,4402.524,9044.032,1730.762,0.0027,0.2537,0.2157,0.4431,0.0848,0.487,1.176
1321,1320913,Neutral,good,1305.9,2.5,0.0,3063.762,6465.327,4020.690,709.868,810.307,0.2033,0.4290,0.2668,0.0471,0.0538,5.664,1.608
1322,1321913,Neutral,good,1305.8,3.0,0.0,4870.989,1417.335,856.102,3103.058,3177.447,0.3628,0.1056,0.0638,0.2311,0.2367,0.276,1.656
1323,1322913,Neutral,good,1306.0,2.9,0.0,2208.454,2291.065,1566.425,3209.711,1278.767,0.2092,0.2171,0.1484,0.3041,0.1212,0.488,1.463
1324,1323913,Neutral,good,1305.8,2.6,0.0,2176.014,3866.279,957.598,2392.870,1129.342,0.2068,0.3674,0.0910,0.2274,0.1073,0.400,4.037
1325,1324913,Neutral,good,1305.5,3.4,0.0,2527.640,4052.636,1531.430,6478.531,1320.264,0.1589,0.2547,0.0963,0.4072,0.0830,0.236,2.646
1326,1325913,Neutral,good,1305.0,2.9,0.0,1659.046,1958.155,917.902,4617.344,9530.629,0.0888,0.1048,0.0491,0.2471,0.5101,0.199,2.133
1327,1326913,Neutral,good,1306.1,3.5,0.0,3554.140,6102.854,4327.931,7281.222,1253.055,0.1578,0.2710,0.1922,0.3233,0.0556,0.594,1.410
1328,1327913,Neutral,good,1305.9,3.5,0.0,4584.079,3919.569,2986.003,2028.476,1478.231,0.3057,0.2614,0.1991,0.1353,0.0986,1.472,1.313
1329,1328913,Neutral,good,1306.6,2.5,0.0,2976.491,3173.967,3233.388,3017.006,1174.678,0.2193,0.2338,0.2382,0.2222,0.0865,1.072,0.982
1330,1329913,Neutral,good,1305.5,3.2,0.0,1943.334,1482.174,2273.027,2803.669,1323.089,0.1978,0.1509,0.2313,0.2854,0.1347,0.811,0.652
1331,1330913,Neutral,good,1306.2,3.0,0.0,1397.097,1802.404,459.434,3052.633,5178.787,0.1175,0.1516,0.0386,0.2567,0.4355,0.151,3.923
1332,1331912,Neutral,good,1306.1,2.8,0.0,1526.063,755.455,807.505,2146.879,483.745,0.2668,0.1321,0.1412,0.3754,0.0846,0.376,0.936
1333,1332912,Neutral,good,1306.3,2.7,0.0,9905.579,1929.635,3515.501,1886.931,1150.525,0.5387,0.1049,0.1912,0.1026,0.0626,1.863,0.549
1334,1333912,Neutral,good,1306.1,2.6,0.0,740.679,981.601,2205.779,2131.959,1179.227,0.1023,0.1356,0.3047,0.2945,0.1629,1.035,0.445
1335,1334912,Neutral,good,1306.4,3.1,0.0,2529.745,6424.320,3617.951,5310.831,1363.512,0.1314,0.3338,0.1880,0.2759,0.0708,0.681,1.776
1336,1335912,Neutral,good,1307.1,3.0,0.0,3177.437,1954.875,502.726,9379.372,1202.500,0.1959,0.1205,0.0310,0.5784,0.0742,0.054,3.889
1337,1336912,Neutral,good,1306.2,3.2,0.0,7247.128,9023.171,3860.019,4420.280,1539.792,0.2778,0.3458,0.1479,0.1694,0.0590,0.873,2.338
1338,1337912,Neutral,good,1306.1,2.4,0.0,665.067,949.822,1557.515,1334.982,496.017,0.1329,0.1898,0.3113,0.2668,0.0991,1.167,0.610
1339,1338912,Neutral,good,1306.3,2.4,0.0,299.373,578.355,722.540,2640.835,1951.955,0.0483,0.0934,0.1167,0.4264,0.3152,0.274,0.800
1340,1339912,Neutral,good,1305.8,2.8,0.0,9067.481,445.624,1254.719,2628.516,4446.844,0.5082,0.0250,0.0703,0.1473,0.2492,0.477,0.355
1341,1340912,Neutral,good,1306.2,2.7,0.0,1458.520,1546.237,1697.856,2066.962,1210.009,0.1828,0.1938,0.2128,0.2590,0.1516,0.821,0.911
1342,1341912,Neutral,good,1306.4,2.5,0.0,1918.874,687.987,710.695,1434.744,419.954,0.3710,0.1330,0.1374,0.2774,0.0812,0.495,0.968
1343,1342912,Neutral,good,1305.8,2.8,0.0,611.880,2147.292,2722.897,3310.256,1518.438,0.0593,0.2083,0.2641,0.3210,0.1473,0.823,0.789
1344,1343912,Neutral,good,1306.0,2.8,0.0,646.016,3833.818,2596.874,2602.378,8888.680,0.0348,0.2065,0.1399,0.1402,0.4787,0.998,1.476
1345,1344912,Neutral,good,1305.9,3.1,0.0,2256.231,1451.763,702.952,2286.623,1021.315,0.2923,0.1881,0.0911,0.2962,0.1323,0.307,2.065
1346,1345912,Neutral,good,1306.6,2.3,0.0,1276.740,2212.448,1952.030,3287.994,644.770,0.1362,0.2360,0.2082,0.3508,0.0688,0.594,1.133
1347,1346911,Neutral,good,1305.6,3.2,0.0,7984.389,8954.032,3642.466,8694.142,1249.282,0.2616,0.2933,0.1193,0.2848,0.0409,0.419,2.458
1348,1347911,Neutral,good,1306.7,2.6,0.0,3600.192,1925.198,549.604,1885.893,1029.898,0.4004,0.2141,0.0611,0.2098,0.1146,0.291,3.503
1349,1348911,Neutral,good,1306.3,3.1,0.0,3740.705,4512.007,2938.145,9401.524,1966.706,0.1658,0.2000,0.1302,0.4168,0.0872,0.313,1.536
1350,1349911,Neutral,good,1306.5,2.5,0.0,152.134,380.207,413.718,4364.394,608.305,0.0257,0.0642,0.0699,0.7374,0.1028,0.095,0.919
1351,1350911,Neutral,good,1306.4,2.8,0.0,2739.354,4923.957,5100.596,2727.333,834.150,0.1678,0.3016,0.3124,0.1671,0.0511,1.870,0.965
1352,1351911,Neutral,good,1306.2,3.1,0.0,2586.760,5043.455,4430.265,3392.582,1797.305,0.1500,0.2924,0.2568,0.1967,0.1042,1.306,1.138
1353,1352911,Neutral,good,1306.9,2.3,0.0,977.747,641.317,791.665,6264.174,787.225,0.1033,0.0678,0.0837,0.6620,0.0832,0.126,0.810
1354,1353911,Neutral,good,1307.2,2.6,0.0,1975.471,7256.357,7447.149,6690.245,959.818,0.0812,0.2983,0.3061,0.2750,0.0395,1.113,0.974
1355,1354911,Neutral,good,1306.4,2.9,0.0,1425.581,2759.402,4105.203,4780.106,2242.062,0.0931,0.1802,0.2681,0.3122,0.1464,0.859,0.672
1356,1355911,Neutral,good,1306.3,3.0,0.0,5481.410,4425.995,1928.599,2532.209,3676.705,0.3038,0.2453,0.1069,0.1403,0.2038,0.762,2.295
1357,1356911,Neutral,good,1306.1,3.0,0.0,4655.152,6588.456,4668.443,2118.370,2726.044,0.2243,0.3174,0.2249,0.1021,0.1313,2.204,1.411
1358,1357911,Neutral,good,1305.8,3.0,0.0,972.147,1968.028,2296.594,2558.786,1206.633,0.1080,0.2186,0.2551,0.2842,0.1340,0.898,0.857
1359,1358911,Neutral,good,1305.6,2.9,0.0,3729.094,2338.356,608.405,1210.730,1351.469,0.4037,0.2531,0.0659,0.1311,0.1463,0.503,3.843
1360,1359911,Neutral,good,1306.0,3.2,0.0,1118.779,636.127,1444.197,1590.939,1074.962,0.1908,0.1085,0.2462,0.2713,0.1833,0.908,0.440
1361,1360911,Neutral,good,1306.5,3.1,0.0,1275.021,1615.924,791.807,4155.503,6327.832,0.0900,0.1141,0.0559,0.2933,0.4467,0.191,2.041
1362,1361911,Neutral,good,1305.7,2.4,0.0,3532.853,176.276,303.349,2062.862,1725.344,0.4529,0.0226,0.0389,0.2644,0.2212,0.147,0.581
1363,1362911,Neutral,good,1306.0,2.4,0.0,584.805,750.290,92.937,2600.075,1200.098,0.1119,0.1435,0.0178,0.4973,0.2295,0.036,8.073
1364,1363910,Neutral,good,1306.2,2.7,0.0,3063.323,3552.174,1534.220,2632.046,2763.159,0.2262,0.2623,0.1133,0.1943,0.2040,0.583,2.315
1365,1364910,Neutral,good,1306.4,2.9,0.0,1912.939,1537.961,2013.327,2342.389,729.037,0.2241,0.1802,0.2359,0.2744,0.0854,0.860,0.764
1366,1365910,Neutral,good,1306.5,3.0,0.0,2661.466,3163.127,1363.750,5925.852,1403.133,0.1833,0.2179,0.0939,0.4082,0.0967,0.230,2.319
1367,1366910,Neutral,good,1305.3,2.5,0.0,3701.497,2122.854,3329.417,7039.204,698.384,0.2191,0.1257,0.1971,0.4167,0.0413,0.473,0.638
1368,1367910,Neutral,good,1305.8,3.1,0.0,1856.142,1388.024,2418.249,2838.275,2424.679,0.1699,0.1270,0.2213,0.2598,0.2219,0.852,0.574
1369,1368910,Neutral,good,1306.1,3.4,0.0,3325.622,9629.180,6169.149,1291.065,967.854,0.1555,0.4503,0.2885,0.0604,0.0453,4.778,1.561
1370,1369910,Neutral,good,1306.3,2.5,0.0,808.478,953.683,380.091,3756.976,293.721,0.1305,0.1540,0.0614,0.6067,0.0474,0.101,2.509
1371,1370910,Neutral,good,1306.6,2.8,0.0,757.829,2797.540,4833.480,9909.144,941.265,0.0394,0.1454,0.2512,0.5150,0.0489,0.488,0.579
1372,1371910,Neutral,good,1305.3,2.8,0.0,5041.998,6918.385,8364.849,2143.895,659.005,0.2180,0.2991,0.3617,0.0927,0.0285,3.902,0.827
1373,1372910,Neutral,good,1304.3,3.8,0.0,8575.285,2761.139,824.280,2349.275,1745.357,0.5275,0.1699,0.0507,0.1445,0.1074,0.351,3.350
1374,1373910,Neutral,good,1304.2,3.1,0.0,10850.229,15280.000,7213.877,11809.606,2380.897,0.2283,0.3214,0.1518,0.2484,0.0501,0.611,2.118
1375,1374910,Neutral,good,1305.1,3.0,0.0,2979.169,3837.220,1144.252,2022.434,833.028,0.2754,0.3548,0.1058,0.1870,0.0770,0.566,3.353
1376,1375910,Neutral,good,1305.4,2.7,0.0,8038.751,6322.626,1359.035,4395.915,783.202,0.3846,0.3025,0.0650,0.2103,0.0375,0.309,4.652
1377,1376910,Neutral,good,1305.6,3.0,0.0,2310.249,4510.900,4751.646,6963.817,831.104,0.1193,0.2329,0.2453,0.3596,0.0429,0.682,0.949
1378,1377910,Neutral,good,1305.1,2.2,0.0,683.631,662.488,428.431,1894.572,891.093,0.1499,0.1453,0.0939,0.4155,0.1954,0.226,1.546
1379,1378909,Neutral,good,1305.6,2.9,0.0,5267.443,1770.083,3482.069,5092.146,901.710,0.3190,0.1072,0.2109,0.3084,0.0546,0.684,0.508
1380,1379909,Neutral,good,1306.0,3.0,0.0,2526.190,1556.060,2921.892,3622.960,1782.938,0.2036,0.1254,0.2354,0.2919,0.1437,0.806,0.533
1381,1380909,Neutral,good,1305.5,2.5,0.0,5932.244,556.686,854.066,3905.658,2178.258,0.4418,0.0415,0.0636,0.2909,0.1622,0.219,0.652
1382,1381909,Neutral,good,1305.6,2.9,0.0,188.872,6417.952,4924.627,6024.136,3752.970,0.0089,0.3012,0.2311,0.2827,0.1761,0.817,1.303
1383,1382909,Neutral,good,1306.4,2.9,0.0,7966.425,7474.474,4073.891,2089.436,3757.677,0.3141,0.2947,0.1606,0.0824,0.1482,1.950,1.835
1384,1383909,Neutral,good,1306.5,3.6,0.0,1586.196,1188.908,4564.894,2943.743,1860.884,0.1306,0.0979,0.3759,0.2424,0.1532,1.551,0.260
1385,1384909,Neutral,good,1304.6,3.3,0.0,7565.771,14844.299,2513.644,4057.344,1427.852,0.2488,0.4882,0.0827,0.1334,0.0470,0.620,5.905
1386,1385909,Neutral,good,1305.6,2.7,0.0,2143.359,705.530,717.590,1669.918,409.333,0.3796,0.1250,0.1271,0.2958,0.0725,0.430,0.983
1387,1386909,Neutral,good,1306.0,2.8,0.0,3246.976,3195.377,2562.912,4682.412,2000.505,0.2070,0.2037,0.1634,0.2985,0.1275,0.547,1.247
1388,1387909,Neutral,good,1306.2,2.8,0.0,1353.984,1511.542,951.574,3749.414,5725.777,0.1019,0.1137,0.0716,0.2821,0.4308,0.254,1.588
1389,1388909,Neutral,good,1306.1,2.5,0.0,1122.899,5569.687,3306.616,2451.294,4412.940,0.0666,0.3303,0.1961,0.1454,0.2617,1.349,1.684
1390,1389909,Neutral,good,1306.0,2.9,0.0,2189.177,1075.884,305.273,2404.030,563.832,0.3348,0.1646,0.0467,0.3677,0.0862,0.127,3.524
1391,1390909,Neutral,good,1305.9,3.2,0.0,4158.414,8402.036,7171.017,4600.292,2474.214,0.1551,0.3134,0.2675,0.1716,0.0923,1.559,1.172
1392,1391909,Neutral,good,1306.0,2.9,0.0,7871.700,5956.338,5224.626,2412.106,2806.384,0.3243,0.2454,0.2153,0.0994,0.1156,2.166,1.140
1393,1392909,Neutral,good,1305.5,3.5,0.0,8284.252,7028.445,2597.524,3244.773,2848.369,0.3451,0.2928,0.1082,0.1352,0.1187,0.801,2.706
1394,1393909,Neutral,good,1305.6,2.6,0.0,8499.754,5394.622,2183.125,1302.564,990.715,0.4627,0.2937,0.1188,0.0709,0.0539,1.676,2.471
1395,1394908,Neutral,good,1305.7,2.7,0.0,1575.236,1307.331,867.089,3162.070,2150.725,0.1738,0.1443,0.0957,0.3489,0.2373,0.274,1.508
1396,1395908,Neutral,good,1306.9,2.8,0.0,3003.243,1334.146,790.304,3609.529,870.074,0.3126,0.1389,0.0823,0.3757,0.0906,0.219,1.688
1397,1396908,Neutral,good,1306.6,2.8,0.0,10985.334,2802.614,3293.527,6936.101,1222.335,0.4352,0.1110,0.1305,0.2748,0.0484,0.475,0.851
1398,1397908,Neutral,good,1306.8,2.8,0.0,418.058,2354.537,3092.581,6875.887,2352.314,0.0277,0.1560,0.2049,0.4556,0.1559,0.450,0.761
1399,1398908,Neutral,good,1306.2,2.9,0.0,8191.314,4149.231,553.361,4017.409,1250.255,0.4510,0.2285,0.0305,0.2212,0.0688,0.138,7.498
1400,1399908,Neutral,good,1306.3,2.8,0.0,6614.649,9440.162,4848.818,6329.290,2692.762,0.2210,0.3155,0.1620,0.2115,0.0900,0.766,1.947
1401,1400908,Neutral,good,1306.0,2.7,0.0,1761.482,555.719,512.208,2660.607,694.269,0.2848,0.0899,0.0828,0.4302,0.1123,0.193,1.085
1402,1401908,Neutral,good,1306.0,3.1,0.0,2085.054,4436.514,4783.867,7730.459,3701.733,0.0917,0.1951,0.2104,0.3400,0.1628,0.619,0.927
1403,1402908,Neutral,good,1305.9,2.9,0.0,4105.383,3259.832,2233.675,2122.278,971.551,0.3234,0.2568,0.1760,0.1672,0.0765,1.052,1.459
1404,1403908,Neutral,good,1306.9,2.6,0.0,1846.072,1837.942,1081.339,4966.848,789.443,0.1755,0.1747,0.1028,0.4721,0.0750,0.218,1.700
1405,1404908,Neutral,good,1307.0,2.9,0.0,3601.126,3275.215,4178.087,4244.045,953.364,0.2216,0.2015,0.2571,0.2611,0.0587,0.984,0.784
1406,1405908,Neutral,good,1307.1,2.4,0.0,805.791,2422.515,2402.362,2217.136,521.542,0.0963,0.2895,0.2870,0.2649,0.0623,1.084,1.008
1407,1406908,Neutral,good,1307.8,2.3,0.0,739.467,365.696,70.376,1098.925,621.278,0.2554,0.1263,0.0243,0.3795,0.2145,0.064,5.196
1408,1407908,Neutral,good,1307.6,3.0,0.0,625.127,1476.679,672.913,4561.684,1948.008,0.0673,0.1590,0.0725,0.4913,0.2098,0.148,2.194
1409,1408908,Neutral,good,1307.0,3.1,0.0,1810.780,3420.394,1754.443,2010.714,2448.978,0.1582,0.2988,0.1533,0.1757,0.2140,0.873,1.950
1410,1409908,Neutral,good,1306.1,2.9,0.0,11225.925,6921.401,1256.535,4348.490,2164.660,0.4331,0.2671,0.0485,0.1678,0.0835,0.289,5.508
1411,1410907,Neutral,good,1305.9,2.4,0.0,64.007,184.206,147.908,1833.516,342.885,0.0249,0.0716,0.0575,0.7127,0.1333,0.081,1.245
1412,1411907,Neutral,good,1305.6,2.4,0.0,3197.327,3531.595,755.670,1028.435,915.991,0.3391,0.3745,0.0801,0.1091,0.0971,0.735,4.673
1413,1412907,Neutral,good,1305.8,2.6,0.0,1404.982,2282.415,2522.313,1706.088,969.559,0.1581,0.2569,0.2839,0.1920,0.1091,1.478,0.905
1414,1413907,Neutral,good,1305.9,3.0,0.0,7435.219,3696.815,3189.402,12528.282,3912.340,0.2417,0.1202,0.1037,0.4073,0.1272,0.255,1.159
1415,1414907,Neutral,good,1306.2,2.6,0.0,2230.120,7464.217,6551.808,3525.829,4098.958,0.0934,0.3127,0.2745,0.1477,0.1717,1.858,1.139
1416,1415907,Neutral,good,1306.1,3.0,0.0,1495.008,4456.708,2753.503,5164.783,1158.546,0.0995,0.2965,0.1832,0.3437,0.0771,0.533,1.619
1417,1416907,Neutral,good,1307.0,2.9,0.0,2513.327,5041.728,5027.665,3692.349,1500.947,0.1414,0.2836,0.2828,0.2077,0.0844,1.362,1.003
1418,1417907,Neutral,good,1306.7,2.9,0.0,4631.954,1609.256,1435.050,1482.277,501.377,0.4795,0.1666,0.1486,0.1534,0.0519,0.968,1.121
1419,1418907,Neutral,good,1305.7,3.0,0.0,3238.068,1572.458,435.025,2187.375,1407.549,0.3663,0.1779,0.0492,0.2474,0.1592,0.199,3.615
1420,1419907,Neutral,good,1306.1,2.8,0.0,879.890,2586.171,2762.385,1094.422,866.755,0.1074,0.3158,0.3373,0.1336,0.1058,2.524,0.936
1421,1420907,Neutral,good,1306.0,3.3,0.0,5812.113,3898.401,3366.486,3216.041,108.183,0.3544,0.2377,0.2053,0.1961,0.0066,1.047,1.158
1422,1421907,Neutral,good,1305.2,3.1,0.0,7465.428,3500.567,3527.623,2775.243,1333.059,0.4013,0.1882,0.1896,0.1492,0.0717,1.271,0.992
1423,1422907,Neutral,good,1306.5,3.0,0.0,2692.155,329.412,1072.987,5596.320,3165.668,0.2094,0.0256,0.0835,0.4353,0.2462,0.192,0.307
1424,1423907,Neutral,good,1306.4,2.8,0.0,7696.134,503.961,173.225,2185.594,1757.828,0.6249,0.0409,0.0141,0.1774,0.1427,0.079,2.909
1425,1424907,Neutral,good,1307.1,3.5,0.0,15567.742,8223.365,7516.173,4941.499,5792.599,0.3703,0.1956,0.1788,0.1175,0.1378,1.521,1.094
1426,1425906,Neutral,good,1306.5,3.9,0.0,17855.635,11144.085,11978.782,3119.945,2631.942,0.3821,0.2385,0.2563,0.0668,0.0563,3.839,0.930
1427,1426906,Neutral,good,1306.4,3.0,0.0,10672.704,5061.738,1665.010,4066.474,1847.377,0.4578,0.2171,0.0714,0.1744,0.0792,0.409,3.040
1428,1427906,Neutral,good,1306.9,2.6,0.0,6893.326,6356.227,1253.968,3281.738,840.461,0.3701,0.3413,0.0673,0.1762,0.0451,0.382,5.069
1429,1428906,Neutral,good,1306.1,2.8,0.0,382.739,2399.641,1477.675,1682.313,998.881,0.0551,0.3457,0.2129,0.2424,0.1439,0.878,1.624
1430,1429906,Neutral,good,1305.9,3.0,0.0,8163.663,2680.766,2692.251,5301.360,3081.837,0.3724,0.1223,0.1228,0.2419,0.1406,0.508,0.996
1431,1430906,Neutral,good,1305.3,3.5,0.0,5361.357,5893.724,2245.365,7934.202,2128.051,0.2275,0.2501,0.0953,0.3367,0.0903,0.283,2.625
1432,1431906,Neutral,good,1306.7,2.8,0.0,7012.437,1228.111,2073.160,5524.690,672.836,0.4247,0.0744,0.1256,0.3346,0.0408,0.375,0.592
1433,1432906,Neutral,good,1306.0,3.0,0.0,5247.278,2946.446,1148.373,2473.497,730.387,0.4182,0.2349,0.0915,0.1972,0.0582,0.464,2.566
1434,1433906,Neutral,good,1307.1,2.7,0.0,1224.434,346.346,372.875,892.338,2354.619,0.2359,0.0667,0.0718,0.1719,0.4536,0.418,0.929
1435,1434906,Neutral,good,1307.4,3.2,0.0,7632.290,11402.028,6218.910,8052.636,846.552,0.2235,0.3339,0.1821,0.2358,0.0248,0.772,1.833
1436,1435906,Neutral,good,1306.9,3.3,0.0,1718.372,1747.652,1110.993,2247.805,4141.006,0.1567,0.1594,0.1013,0.2050,0.3776,0.494,1.573
1437,1436906,Neutral,good,1307.6,3.1,0.0,778.038,3917.142,2887.364,5370.229,1136.832,0.0552,0.2780,0.2049,0.3811,0.0807,0.538,1.357
1438,1437906,Neutral,good,1306.5,2.9,0.0,6027.547,3208.986,3073.634,8986.942,4285.391,0.2356,0.1254,0.1201,0.3513,0.1675,0.342,1.044
1439,1438906,Neutral,good,1306.9,2.7,0.0,29.493,2896.271,4555.364,3451.475,658.100,0.0025,0.2499,0.3930,0.2978,0.0568,1.320,0.636
1440,1439906,Neutral,good,1306.1,3.0,0.0,524.950,503.202,2080.307,7221.468,5763.231,0.0326,0.0313,0.1293,0.4487,0.3581,0.288,0.242
1441,1440906,Neutral,good,1305.8,2.9,0.0,16020.783,545.665,1009.389,6128.625,2420.247,0.6132,0.0209,0.0386,0.2346,0.0926,0.165,0.541
1442,1441905,Neutral,good,1306.3,2.8,0.0,1034.226,5784.829,2780.135,1707.761,812.256,0.0853,0.4773,0.2294,0.1409,0.0670,1.628,2.081
1443,1442905,Neutral,good,1306.5,3.0,0.0,1816.675,2107.619,5269.278,3514.589,339.805,0.1392,0.1615,0.4038,0.2694,0.0260,1.499,0.400
1444,1443905,Neutral,good,1306.4,2.6,0.0,2038.666,5155.309,1755.475,972.147,1394.596,0.1802,0.4556,0.1551,0.0859,0.1232,1.806,2.937
1445,1444905,Neutral,good,1306.4,2.9,0.0,814.643,868.481,1240.912,3366.067,3188.430,0.0859,0.0916,0.1309,0.3551,0.3364,0.369,0.700
1446,1445905,Neutral,good,1306.4,2.4,0.0,5898.297,1612.593,302.348,986.550,1851.126,0.5538,0.1514,0.0284,0.0926,0.1738,0.306,5.334
1447,1446905,Neutral,good,1306.3,2.8,0.0,3004.935,850.121,1438.887,3247.868,2285.140,0.2775,0.0785,0.1329,0.3000,0.2111,0.443,0.591
1448,1447905,Neutral,good,1306.4,2.9,0.0,2170.074,1683.368,506.237,2225.875,1471.102,0.2694,0.2089,0.0628,0.2763,0.1826,0.227,3.325
1449,1448905,Neutral,good,1306.5,2.6,0.0,57.764,1127.773,209.626,2662.727,784.371,0.0119,0.2329,0.0433,0.5499,0.1620,0.079,5.380
1450,1449905,Neutral,good,1306.3,2.5,0.0,499.774,952.392,2665.207,2185.838,494.746,0.0735,0.1401,0.3921,0.3215,0.0728,1.219,0.357
1451,1450905,Neutral,good,1306.8,3.0,0.0,12059.137,979.547,867.338,13590.794,3179.277,0.3931,0.0319,0.0283,0.4430,0.1036,0.064,1.129
1452,1451905,Neutral,good,1306.9,2.8,0.0,2121.906,5948.792,6144.953,10552.191,1782.301,0.0799,0.2241,0.2314,0.3974,0.0671,0.582,0.968
1453,1452905,Neutral,good,1306.1,3.1,0.0,4066.325,4159.661,4457.788,3775.967,688.389,0.2371,0.2426,0.2600,0.2202,0.0401,1.181,0.933
1454,1453905,Neutral,good,1306.5,3.2,0.0,9871.137,6121.118,2813.332,2749.098,1394.100,0.4301,0.2667,0.1226,0.1198,0.0607,1.023,2.176
1455,1454905,Neutral,good,1306.9,2.6,0.0,991.537,1154.620,1434.269,1676.519,796.934,0.1638,0.1907,0.2369,0.2769,0.1316,0.856,0.805
1456,1455905,Neutral,good,1306.7,2.7,0.0,1744.370,2256.592,2179.381,2929.612,2266.708,0.1533,0.1984,0.1916,0.2575,0.1992,0.744,1.035
1457,1456904,Neutral,good,1307.1,3.4,0.0,18893.307,5121.424,2076.900,2235.166,2810.842,0.6068,0.1645,0.0667,0.0718,0.0903,0.929,2.466
1458,1457904,Neutral,good,1307.1,3.1,0.0,3355.194,3060.470,761.144,5788.354,1386.574,0.2338,0.2132,0.0530,0.4033,0.0966,0.131,4.021
1459,1458904,Neutral,good,1306.4,3.1,0.0,694.067,543.282,285.169,3583.541,6298.493,0.0609,0.0476,0.0250,0.3142,0.5523,0.080,1.905
1460,1459904,Neutral,good,1306.2,2.7,0.0,1280.115,2879.300,3695.315,3607.694,1620.849,0.0978,0.2201,0.2824,0.2757,0.1239,1.024,0.779
1461,1460904,Neutral,good,1302.7,3.4,0.0,8657.957,3462.676,3441.665,4027.876,999.881,0.4205,0.1682,0.1672,0.1956,0.0486,0.854,1.006
1462,1461904,Neutral,good,1274.7,27.2,0.0,1329679.375,101127.289,54653.230,49738.910,1746.170,0.8651,0.0658,0.0356,0.0324,0.0011,1.099,1.850
1463,1462904,Neutral,good,1254.3,19.4,0.0,143743.297,15828.017,5052.729,16321.555,3685.469,0.7785,0.0857,0.0274,0.0884,0.0200,0.310,3.133
1464,1463904,Neutral,good,1234.5,11.5,0.0,25290.629,10350.197,5545.294,2301.796,2367.204,0.5515,0.2257,0.1209,0.0502,0.0516,2.409,1.866
1465,1464904,Neutral,good,1239.3,13.9,0.0,422008.375,5105.698,2655.029,5161.904,2747.631,0.9642,0.0117,0.0061,0.0118,0.0063,0.514,1.923
1466,1465904,Neutral,good,1241.2,16.6,0.0,434270.594,17040.457,6377.426,1396.937,1580.832,0.9427,0.0370,0.0138,0.0030,0.0034,4.565,2.672
1467,1466904,Neutral,good,1241.6,12.2,0.0,143110.188,7094.681,2085.254,5079.314,1023.692,0.9035,0.0448,0.0132,0.0321,0.0065,0.411,3.402
1468,1467904,Neutral,good,1245.4,8.8,0.0,72442.547,3370.765,4527.946,2844.944,1275.697,0.8577,0.0399,0.0536,0.0337,0.0151,1.592,0.744
1469,1468904,Neutral,good,1247.8,4.6,0.0,3995.622,2571.943,3224.448,2598.544,368.655,0.3132,0.2016,0.2527,0.2037,0.0289,1.241,0.798
1470,1469904,Neutral,good,1208.9,48.5,0.0,11104954.000,240464.297,232437.359,177205.547,56617.703,0.9402,0.0204,0.0197,0.0150,0.0048,1.312,1.035
1471,1470904,Neutral,good,1175.0,30.5,0.0,648689.188,46050.672,10241.381,6442.500,2119.832,0.9091,0.0645,0.0144,0.0090,0.0030,1.590,4.497
1472,1471904,Neutral,good,1197.0,16.4,0.0,658246.312,16599.707,8045.815,3216.320,1162.753,0.9578,0.0242,0.0117,0.0047,0.0017,2.502,2.063
1473,1472903,Neutral,good,1188.9,11.0,0.0,249647.234,2957.353,4879.934,4894.473,2411.304,0.9428,0.0112,0.0184,0.0185,0.0091,0.997,0.606
1474,1473903,Neutral,good,1207.0,22.8,0.0,987441.750,16779.426,5119.040,7116.858,1637.666,0.9699,0.0165,0.0050,0.0070,0.0016,0.719,3.278
1475,1474903,Neutral,good,1215.4,14.3,0.0,242447.500,19047.158,4435.142,4824.064,918.897,0.8924,0.0701,0.0163,0.0178,0.0034,0.919,4.295
1476,1475903,Neutral,good,1205.5,12.8,0.0,1307387.125,218097.031,34614.480,25414.859,8489.313,0.8202,0.1368,0.0217,0.0159,0.0053,1.362,6.301
1477,1476903,Neutral,good,1218.1,3.3,0.0,12576.184,2617.676,1309.255,1677.555,1961.223,0.6244,0.1300,0.0650,0.0833,0.0974,0.780,1.999
1478,1477903,Neutral,good,1218.4,5.2,0.0,29740.986,6883.628,6715.120,4583.679,1277.852,0.6045,0.1399,0.1365,0.0932,0.0260,1.465,1.025
1479,1478903,Neutral,good,1219.3,6.2,0.0,52509.105,541.747,694.337,1323.777,1018.569,0.9362,0.0097,0.0124,0.0236,0.0182,0.525,0.780
1480,1479903,Neutral,good,1220.0,5.6,0.0,21894.135,3237.558,2644.061,1686.915,696.246,0.7260,0.1073,0.0877,0.0559,0.0231,1.567,1.224
1481,1480903,Neutral,good,1220.9,4.2,0.0,26763.918,5407.415,5770.097,3608.616,1993.307,0.6146,0.1242,0.1325,0.0829,0.0458,1.599,0.937
1482,1481903,Neutral,good,1221.7,3.3,0.0,6670.810,7181.867,5113.461,2925.012,510.015,0.2978,0.3206,0.2283,0.1306,0.0228,1.748,1.405
1483,1482903,Neutral,good,1222.5,2.9,0.0,5657.332,1601.899,897.961,2508.187,1470.206,0.4662,0.1320,0.0740,0.2067,0.1211,0.358,1.784
1484,1483903,Neutral,good,1222.1,3.1,0.0,2457.279,590.115,441.603,1071.595,449.155,0.4905,0.1178,0.0881,0.2139,0.0897,0.412,1.336
1485,1484903,Neutral,good,1223.6,2.7,0.0,8031.135,10034.601,5280.910,4357.373,2448.239,0.2664,0.3328,0.1751,0.1445,0.0812,1.212,1.900
1486,1485903,Neutral,good,1223.8,3.0,0.0,1131.941,3953.280,1978.327,3400.071,4285.793,0.0767,0.2680,0.1341,0.2305,0.2906,0.582,1.998
1487,1486903,Neutral,good,1223.5,4.1,0.0,10235.890,903.665,589.842,8782.957,1832.073,0.4581,0.0404,0.0264,0.3931,0.0820,0.067,1.532
1488,1487902,Neutral,good,1235.6,7.8,0.0,84458.211,4168.429,2778.235,5049.167,1150.147,0.8653,0.0427,0.0285,0.0517,0.0118,0.550,1.500
1489,1488903,Neutral,good,1241.1,5.2,0.0,11421.886,2293.320,2359.256,5108.063,1351.002,0.5069,0.1018,0.1047,0.2267,0.0600,0.462,0.972
1490,1489902,Neutral,good,1244.8,4.1,0.0,20034.896,4152.325,3982.172,3394.992,956.627,0.6161,0.1277,0.1224,0.1044,0.0294,1.173,1.043
1491,1490902,Neutral,good,1246.1,4.7,0.0,18272.209,190.241,429.269,1215.218,2306.015,0.8153,0.0085,0.0192,0.0542,0.1029,0.353,0.443
1492,1491902,Neutral,good,1246.8,5.7,0.0,28609.037,1383.030,1423.978,3071.071,4198.741,0.7395,0.0358,0.0368,0.0794,0.1085,0.464,0.971
1493,1492902,Neutral,good,1246.8,5.6,0.0,14482.651,4835.517,1509.852,8969.427,1535.163,0.4622,0.1543,0.0482,0.2863,0.0490,0.168,3.203
1494,1493902,Neutral,good,1247.9,3.7,0.0,15362.964,6059.177,1216.325,3085.010,1061.423,0.5736,0.2262,0.0454,0.1152,0.0396,0.394,4.982
1495,1494902,Neutral,good,1247.8,3.7,0.0,6003.115,2554.875,1929.003,2153.910,812.064,0.4462,0.1899,0.1434,0.1601,0.0604,0.896,1.324
1496,1495902,Neutral,good,1247.6,3.3,0.0,2897.482,1508.758,203.907,2106.916,2285.128,0.3219,0.1676,0.0227,0.2340,0.2538,0.097,7.399
1497,1496902,Neutral,good,1247.6,3.6,0.0,11276.191,901.728,2399.039,3498.255,2880.719,0.5381,0.0430,0.1145,0.1669,0.1375,0.686,0.376
1498,1497902,Neutral,good,1247.0,3.2,0.0,2249.191,6527.468,5092.732,1207.001,1355.893,0.1369,0.3972,0.3099,0.0735,0.0825,4.219,1.282
1499,1498902,Neutral,good,1247.0,3.1,0.0,1006.671,7783.705,2998.002,11934.309,573.307,0.0414,0.3204,0.1234,0.4912,0.0236,0.251,2.596
1500,1499902,Neutral,good,1247.6,2.9,0.0,713.907,568.493,1533.338,1536.073,4536.342,0.0803,0.0640,0.1725,0.1728,0.5104,0.998,0.371
1501,1500902,Neutral,good,1247.3,2.7,0.0,2861.794,2180.531,1484.917,4203.479,1960.039,0.2255,0.1718,0.1170,0.3312,0.1544,0.353,1.468
1502,1501902,Neutral,good,1247.3,3.7,0.0,5012.387,2286.341,1879.095,3883.058,965.432,0.3574,0.1630,0.1340,0.2768,0.0688,0.484,1.217
1503,1502901,Neutral,good,1247.5,3.4,0.0,9681.438,5473.631,3568.132,3256.065,1678.086,0.4092,0.2314,0.1508,0.1376,0.0709,1.096,1.534
1504,1503901,Neutral,good,1246.9,3.3,0.0,2028.335,751.437,561.562,2100.752,2574.605,0.2530,0.0937,0.0700,0.2620,0.3212,0.267,1.338
1505,1504901,Neutral,good,1247.0,3.2,0.0,1315.312,7580.373,7131.542,3247.124,2526.125,0.0603,0.3477,0.3271,0.1489,0.1159,2.196,1.063
1506,1505901,Neutral,good,1246.8,2.8,0.0,2553.344,3766.749,5959.155,5268.844,7156.702,0.1034,0.1525,0.2412,0.2133,0.2897,1.131,0.632
1507,1506901,Neutral,good,1247.7,3.4,0.0,2787.898,2799.826,4364.683,11298.027,4743.126,0.1073,0.1077,0.1679,0.4346,0.1825,0.386,0.641
1508,1507901,Neutral,good,1246.8,3.6,0.0,16687.824,1594.861,2227.734,5818.629,3014.236,0.5687,0.0544,0.0759,0.1983,0.1027,0.383,0.716
1509,1508901,Neutral,good,1247.1,3.3,0.0,5466.937,5621.509,7344.635,4122.987,1781.142,0.2246,0.2310,0.3018,0.1694,0.0732,1.781,0.765
1510,1509901,Neutral,good,1247.2,3.0,0.0,5840.147,7422.566,3623.139,2921.099,2209.092,0.2653,0.3371,0.1646,0.1327,0.1003,1.240,2.049
1511,1510901,Neutral,good,1247.0,3.3,0.0,1946.817,3374.773,3128.249,1728.245,1641.193,0.1647,0.2855,0.2647,0.1462,0.1389,1.810,1.079
1512,1511901,Neutral,good,1247.0,3.3,0.0,3968.717,2150.544,1611.150,3022.595,813.896,0.3431,0.1859,0.1393,0.2613,0.0704,0.533,1.335
1513,1512901,Neutral,good,1246.7,3.4,0.0,700.300,4489.880,4978.339,3693.381,879.691,0.0475,0.3046,0.3377,0.2505,0.0597,1.348,0.902
1514,1513901,Neutral,good,1246.5,3.3,0.0,1685.151,4666.890,3615.011,5637.549,1539.774,0.0983,0.2722,0.2109,0.3288,0.0898,0.641,1.291
1515,1514901,Neutral,good,1246.7,3.4,0.0,12037.788,4253.544,3911.760,2065.489,531.251,0.5280,0.1866,0.1716,0.0906,0.0233,1.894,1.087
1516,1515901,Neutral,good,1246.9,2.7,0.0,905.666,1665.926,2349.750,4630.428,4614.570,0.0639,0.1176,0.1659,0.3269,0.3257,0.507,0.709
1517,1516901,Neutral,good,1246.5,2.9,0.0,5928.972,3826.169,4323.665,3810.985,1073.284,0.3127,0.2018,0.2280,0.2010,0.0566,1.135,0.885
1518,1517901,Neutral,good,1246.8,3.5,0.0,1696.739,82.583,1093.275,8582.833,3258.486,0.1153,0.0056,0.0743,0.5833,0.2215,0.127,0.076
1519,1518901,Neutral,good,1246.7,2.9,0.0,11203.719,4840.885,1588.004,2412.987,1758.703,0.5138,0.2220,0.0728,0.1107,0.0807,0.658,3.048
1520,1519901,Neutral,good,1246.3,3.5,0.0,984.877,984.556,1797.273,5325.155,1644.518,0.0917,0.0917,0.1674,0.4960,0.1532,0.338,0.548
1521,1520900,Neutral,good,1246.2,3.0,0.0,2247.093,1187.914,3375.168,7167.315,2594.553,0.1356,0.0717,0.2037,0.4325,0.1566,0.471,0.352
1522,1521900,Neutral,good,1246.3,3.2,0.0,4211.591,13506.970,9926.014,2923.408,1347.791,0.1320,0.4232,0.3110,0.0916,0.0422,3.395,1.361
1523,1522900,Neutral,good,1246.6,3.6,0.0,11354.265,1891.564,3479.753,3469.281,1306.552,0.5281,0.0880,0.1618,0.1614,0.0608,1.003,0.544
1524,1523900,Neutral,good,1247.6,3.4,0.0,1527.200,8800.246,7051.902,3148.259,1682.867,0.0688,0.3962,0.3175,0.1417,0.0758,2.240,1.248
1525,1524900,Neutral,good,1246.6,3.1,0.0,7632.624,6234.895,1615.300,6190.656,950.228,0.3374,0.2756,0.0714,0.2736,0.0420,0.261,3.860
1526,1525900,Neutral,good,1245.8,3.0,0.0,7142.066,2041.252,2543.363,1105.498,202.646,0.5479,0.1566,0.1951,0.0848,0.0155,2.301,0.803
1527,1526900,Neutral,good,1246.3,3.3,0.0,5218.331,11712.264,6725.375,5975.914,2003.196,0.1650,0.3702,0.2126,0.1889,0.0633,1.125,1.742
1528,1527900,Neutral,good,1245.9,3.2,0.0,2668.521,2634.802,3273.113,5932.245,787.852,0.1745,0.1722,0.2140,0.3878,0.0515,0.552,0.805
1529,1528900,Neutral,good,1246.2,3.2,0.0,2841.935,4073.268,1144.011,4184.972,1618.951,0.2050,0.2938,0.0825,0.3019,0.1168,0.273,3.561
1530,1529900,Neutral,good,1246.7,3.3,0.0,5133.564,5853.721,5478.647,6904.165,1009.795,0.2106,0.2401,0.2247,0.2832,0.0414,0.794,1.068
1531,1530900,Neutral,good,1247.1,3.1,0.0,2352.524,4504.094,1060.729,1867.264,1122.701,0.2157,0.4129,0.0972,0.1712,0.1029,0.568,4.246
1532,1531900,Neutral,good,1248.4,3.4,0.0,2344.919,6481.675,3569.517,6069.217,9396.243,0.0842,0.2326,0.1281,0.2178,0.3372,0.588,1.816
1533,1532900,Neutral,good,1248.1,3.3,0.0,603.488,3580.652,2149.345,7717.517,480.583,0.0415,0.2464,0.1479,0.5311,0.0331,0.279,1.666
1534,1533900,Neutral,good,1247.9,3.8,0.0,4252.976,2981.294,14088.983,18122.090,12123.771,0.0825,0.0578,0.2732,0.3514,0.2351,0.777,0.212
1535,1534900,Neutral,good,1247.6,3.5,0.0,932.516,1243.605,838.003,2687.040,2225.498,0.1176,0.1569,0.1057,0.3390,0.2808,0.312,1.484
1536,1535899,Neutral,good,1248.4,3.3,0.0,2068.218,1110.948,1005.572,4154.984,2270.172,0.1949,0.1047,0.0948,0.3916,0.2140,0.242,1.105
1537,1536899,Neutral,good,1247.4,3.3,0.0,3293.037,3546.414,2673.272,3752.895,1256.087,0.2268,0.2442,0.1841,0.2584,0.0865,0.712,1.327
1538,1537899,Neutral,good,1246.6,3.8,0.0,5787.231,5876.056,1777.369,8313.749,3832.578,0.2262,0.2297,0.0695,0.3249,0.1498,0.214,3.306
1539,1538899,Neutral,good,1246.9,3.2,0.0,2016.011,1380.391,2117.975,5613.971,2575.309,0.1471,0.1007,0.1546,0.4097,0.1879,0.377,0.652
1540,1539899,Neutral,good,1248.0,3.7,0.0,1018.844,4082.915,6433.589,10546.523,2172.646,0.0420,0.1683,0.2653,0.4348,0.0896,0.610,0.635
1541,1540899,Neutral,good,1247.7,2.8,0.0,7203.164,2496.434,1888.278,6074.452,2270.173,0.3614,0.1252,0.0947,0.3048,0.1139,0.311,1.322
1542,1541899,Neutral,good,1247.6,3.5,0.0,3535.200,5081.654,2702.794,3181.249,4754.510,0.1836,0.2639,0.1404,0.1652,0.2469,0.850,1.880
1543,1542899,Neutral,good,1248.2,3.4,0.0,5036.820,4316.834,860.720,2756.063,730.273,0.3676,0.3151,0.0628,0.2012,0.0533,0.312,5.015
1544,1543899,Neutral,good,1247.2,3.3,0.0,5277.742,476.955,509.686,8573.967,968.358,0.3339,0.0302,0.0322,0.5424,0.0613,0.059,0.936
1545,1544899,Neutral,good,1247.8,3.2,0.0,1178.677,6837.657,5419.888,2272.450,954.407,0.0707,0.4103,0.3253,0.1364,0.0573,2.385,1.262
1546,1545899,Neutral,good,1247.8,3.6,0.0,6880.161,13446.296,8613.894,4348.706,3826.788,0.1854,0.3623,0.2321,0.1172,0.1031,1.981,1.561
1547,1546899,Neutral,good,1247.8,3.5,0.0,1414.893,1385.791,3789.404,5363.916,1446.128,0.1056,0.1034,0.2828,0.4003,0.1079,0.706,0.366
1548,1547899,Neutral,good,1246.9,3.6,0.0,12421.439,3554.036,2773.227,7240.299,3084.179,0.4272,0.1222,0.0954,0.2490,0.1061,0.383,1.282
1549,1548899,Neutral,good,1247.4,2.7,0.0,8135.079,6202.869,5548.880,8816.257,4832.231,0.2426,0.1850,0.1655,0.2629,0.1441,0.629,1.118
1550,1549898,Neutral,good,1247.4,3.4,0.0,6070.078,5044.718,4188.439,2088.696,1410.278,0.3228,0.2683,0.2228,0.1111,0.0750,2.005,1.204
1551,1550898,Neutral,good,1246.6,2.9,0.0,1556.571,1251.708,3078.650,1383.344,757.271,0.1939,0.1559,0.3835,0.1723,0.0943,2.226,0.407
1552,1551898,Neutral,good,1247.2,3.1,0.0,3764.057,1304.084,312.391,12176.688,5903.623,0.1604,0.0556,0.0133,0.5190,0.2516,0.026,4.175
1553,1552898,Neutral,good,1247.7,3.0,0.0,4529.329,3605.902,3480.098,3852.033,1697.985,0.2639,0.2101,0.2027,0.2244,0.0989,0.903,1.036
1554,1553898,Neutral,good,1247.2,3.7,0.0,5193.325,10415.518,7373.774,3641.719,2308.752,0.1795,0.3600,0.2549,0.1259,0.0798,2.025,1.413
1555,1554898,Neutral,good,1246.9,3.3,0.0,1778.224,756.589,3406.077,4368.804,1564.399,0.1498,0.0637,0.2868,0.3679,0.1317,0.780,0.222
1556,1555898,Neutral,good,1247.3,3.9,0.0,2369.781,7330.621,18292.350,12900.987,4328.278,0.0524,0.1621,0.4045,0.2853,0.0957,1.418,0.401
1557,1556898,Neutral,good,1246.2,3.8,0.0,4418.738,3211.664,2132.144,6050.375,1514.680,0.2550,0.1853,0.1230,0.3492,0.0874,0.352,1.506
1558,1557898,Neutral,good,1248.0,2.8,0.0,2848.176,3565.302,5182.431,6170.948,941.637,0.1522,0.1906,0.2770,0.3298,0.0503,0.840,0.688
1559,1558898,Neutral,good,1247.9,3.6,0.0,8510.600,5265.653,3549.197,6385.781,1045.666,0.3438,0.2127,0.1434,0.2579,0.0422,0.556,1.484
1560,1559898,Neutral,good,1248.4,2.8,0.0,252.615,1661.982,1191.069,4297.153,910.365,0.0304,0.1999,0.1433,0.5169,0.1095,0.277,1.395
1561,1560898,Neutral,good,1248.1,3.3,0.0,3962.504,3831.088,454.503,4670.229,637.825,0.2923,0.2826,0.0335,0.3445,0.0471,0.097,8.429
1562,1561898,Neutral,good,1247.8,3.7,0.0,6838.943,1750.807,4455.927,2453.765,284.529,0.4333,0.1109,0.2823,0.1555,0.0180,1.816,0.393
1563,1562898,Neutral,good,1248.0,2.8,0.0,979.963,4497.923,4927.699,5018.035,852.518,0.0602,0.2764,0.3028,0.3083,0.0524,0.982,0.913
1564,1563898,Neutral,good,1247.4,3.4,0.0,2103.665,7889.485,3451.673,3680.762,5082.781,0.0947,0.3552,0.1554,0.1657,0.2289,0.938,2.286
1565,1564898,Neutral,good,1248.0,3.0,0.0,3426.902,8116.420,2230.559,2197.327,1099.412,0.2007,0.4755,0.1307,0.1287,0.0644,1.015,3.639
1566,1565897,Neutral,good,1247.6,3.1,0.0,7377.238,1605.904,5464.679,5655.248,1728.827,0.3379,0.0736,0.2503,0.2590,0.0792,0.966,0.294
1567,1566897,Neutral,good,1247.7,3.2,0.0,1373.336,4145.553,3410.818,2575.342,1320.318,0.1071,0.3232,0.2659,0.2008,0.1029,1.324,1.215
1568,1567897,Neutral,good,1247.5,3.2,0.0,7263.447,7864.718,3019.860,1365.384,346.307,0.3657,0.3960,0.1521,0.0688,0.0174,2.212,2.604
1569,1568897,Neutral,good,1247.2,3.3,0.0,1180.404,1858.467,2492.712,3217.769,3385.360,0.0973,0.1532,0.2054,0.2652,0.2790,0.775,0.746
1570,1569897,Neutral,good,1247.4,3.5,0.0,436.809,1996.714,4926.211,3980.799,629.961,0.0365,0.1668,0.4115,0.3326,0.0526,1.237,0.405
1571,1570897,Neutral,good,1247.1,3.3,0.0,7817.889,14432.979,4651.338,3331.129,1256.961,0.2483,0.4583,0.1477,0.1058,0.0399,1.396,3.103
1572,1571897,Neutral,good,1247.3,3.2,0.0,3522.452,881.407,1430.216,2433.185,533.690,0.4002,0.1001,0.1625,0.2765,0.0606,0.588,0.616
1573,1572897,Neutral,good,1247.7,3.7,0.0,1688.784,3529.816,7373.815,5270.894,686.534,0.0910,0.1903,0.3975,0.2841,0.0370,1.399,0.479
1574,1573897,Neutral,good,1247.4,3.4,0.0,719.928,2646.855,3596.155,11256.491,7646.735,0.0278,0.1023,0.1390,0.4352,0.2956,0.319,0.736
1575,1574897,Neutral,good,1248.4,2.7,0.0,1149.979,773.908,2018.422,2378.680,1776.487,0.1420,0.0956,0.2493,0.2938,0.2194,0.849,0.383
1576,1575897,Neutral,good,1247.2,3.7,0.0,4820.956,1384.585,1066.323,7793.111,1247.922,0.2955,0.0849,0.0654,0.4777,0.0765,0.137,1.298
1577,1576897,Neutral,good,1247.3,3.2,0.0,1439.306,241.468,3175.283,6210.719,3936.494,0.0959,0.0161,0.2116,0.4140,0.2624,0.511,0.076
1578,1577897,Neutral,good,1247.4,3.1,0.0,9982.110,1485.633,2193.227,7672.929,1579.390,0.4356,0.0648,0.0957,0.3349,0.0689,0.286,0.677
1579,1578897,Neutral,good,1247.8,3.3,0.0,16767.666,2645.785,3585.661,3696.556,1322.842,0.5984,0.0944,0.1280,0.1319,0.0472,0.970,0.738
1580,1579897,Neutral,good,1248.6,3.1,0.0,530.043,866.797,2472.853,5475.686,2070.003,0.0464,0.0759,0.2166,0.4797,0.1813,0.452,0.351
1581,1580897,Neutral,good,1249.1,2.6,0.0,1565.756,2372.065,2507.626,2740.027,1637.869,0.1447,0.2192,0.2317,0.2532,0.1513,0.915,0.946
1582,1581897,Neutral,good,1247.5,3.6,0.0,5228.562,1357.670,601.040,4172.495,2093.398,0.3886,0.1009,0.0447,0.3101,0.1556,0.144,2.259
1583,1582896,Neutral,good,1248.7,3.2,0.0,1511.636,4820.057,5238.453,6016.053,2315.373,0.0760,0.2422,0.2632,0.3023,0.1163,0.871,0.920
1584,1583896,Neutral,good,1248.1,3.0,0.0,4599.873,3570.415,1867.127,4017.884,3814.208,0.2574,0.1998,0.1045,0.2248,0.2134,0.465,1.912
1585,1584896,Neutral,good,1247.8,3.8,0.0,5469.850,15986.324,8610.732,7279.203,3119.979,0.1352,0.3951,0.2128,0.1799,0.0771,1.183,1.857
1586,1585896,Neutral,good,1248.2,2.6,0.0,937.382,1008.522,981.173,1865.332,915.665,0.1642,0.1767,0.1719,0.3268,0.1604,0.526,1.028
1587,1586896,Neutral,good,1248.9,2.8,0.0,1965.275,3086.181,1676.061,4835.264,725.139,0.1599,0.2512,0.1364,0.3935,0.0590,0.347,1.841
1588,1587896,Neutral,good,1248.1,3.8,0.0,13701.354,12106.234,9138.576,3430.085,1516.422,0.3435,0.3035,0.2291,0.0860,0.0380,2.664,1.325
1589,1588896,Neutral,good,1247.4,3.6,0.0,4453.000,5861.858,4845.241,8543.713,1054.409,0.1799,0.2368,0.1957,0.3451,0.0426,0.567,1.210
1590,1589896,Neutral,good,1248.2,2.7,0.0,662.818,516.469,1703.286,1780.516,531.807,0.1276,0.0994,0.3279,0.3427,0.1024,0.957,0.303
1591,1590896,Neutral,good,1248.2,3.1,0.0,5709.271,10567.247,8713.549,4099.037,1101.238,0.1891,0.3500,0.2886,0.1358,0.0365,2.126,1.213
1592,1591896,Neutral,good,1248.3,3.1,0.0,8873.081,1828.529,2304.347,3170.177,4004.829,0.4397,0.0906,0.1142,0.1571,0.1984,0.727,0.794
1593,1592896,Neutral,good,1247.8,3.2,0.0,1266.719,4050.479,1395.950,2494.825,782.932,0.1268,0.4054,0.1397,0.2497,0.0784,0.560,2.902
1594,1593896,Neutral,good,1248.1,3.3,0.0,3480.080,2000.525,2339.978,2166.224,1896.345,0.2929,0.1683,0.1969,0.1823,0.1596,1.080,0.855
1595,1594896,Neutral,good,1248.4,2.8,0.0,2094.698,228.206,1601.755,5896.843,804.661,0.1971,0.0215,0.1507,0.5549,0.0757,0.272,0.142
1596,1595896,Neutral,good,1248.2,3.1,0.0,5800.081,1539.887,719.860,7042.417,1889.991,0.3413,0.0906,0.0424,0.4144,0.1112,0.102,2.139
1597,1596895,Neutral,good,1248.4,3.7,0.0,5515.534,13144.836,8926.084,2741.453,1021.805,0.1759,0.4193,0.2847,0.0874,0.0326,3.256,1.473
1598,1597895,Neutral,good,1248.2,3.1,0.0,897.385,9824.585,8980.031,2463.864,1048.993,0.0387,0.4232,0.3868,0.1061,0.0452,3.645,1.094
1599,1598895,Neutral,good,1248.5,2.7,0.0,5656.315,4690.039,1896.961,2912.468,449.120,0.3625,0.3005,0.1216,0.1866,0.0288,0.651,2.472
1600,1599895,Neutral,good,1248.8,2.5,0.0,2078.378,2247.666,1329.472,1894.053,1527.979,0.2290,0.2476,0.1465,0.2087,0.1683,0.702,1.691
1601,1600895,Neutral,good,1248.3,2.8,0.0,6674.229,1596.367,2587.513,5692.476,1737.166,0.3650,0.0873,0.1415,0.3113,0.0950,0.455,0.617
1602,1601895,Neutral,good,1248.8,2.8,0.0,1739.852,623.926,51.391,5695.519,1491.232,0.1812,0.0650,0.0054,0.5932,0.1553,0.009,12.141
1603,1602895,Neutral,good,1248.3,3.2,0.0,5781.389,2160.781,1802.151,826.069,1284.677,0.4877,0.1823,0.1520,0.0697,0.1084,2.182,1.199
1604,1603895,Neutral,good,1248.3,3.2,0.0,620.910,1812.908,3071.697,2979.496,1542.259,0.0619,0.1808,0.3063,0.2971,0.1538,1.031,0.590
1605,1604895,Neutral,good,1248.8,3.0,0.0,32357.904,9446.782,2465.821,5184.116,2173.452,0.6268,0.1830,0.0478,0.1004,0.0421,0.476,3.831
1606,1605895,Neutral,good,1248.1,3.6,0.0,3038.754,4008.221,1774.182,4418.263,1668.614,0.2038,0.2689,0.1190,0.2964,0.1119,0.402,2.259
1607,1606895,Neutral,good,1248.1,3.0,0.0,6773.467,3439.739,2482.384,3657.938,780.380,0.3953,0.2008,0.1449,0.2135,0.0455,0.679,1.386
1608,1607895,Neutral,good,1248.5,2.8,0.0,1131.995,410.850,1528.817,3595.990,716.297,0.1533,0.0556,0.2070,0.4870,0.0970,0.425,0.269
1609,1608895,Neutral,good,1248.1,2.9,0.0,3878.779,1775.652,1095.604,4460.341,876.470,0.3209,0.1469,0.0906,0.3690,0.0725,0.246,1.621
1610,1609895,Neutral,good,1247.6,3.1,0.0,1494.161,2600.687,3380.753,11576.396,2051.503,0.0708,0.1232,0.1602,0.5486,0.0972,0.292,0.769
1611,1610895,Neutral,good,1247.6,3.4,0.0,20007.984,5978.583,2846.898,10128.185,2495.627,0.4826,0.1442,0.0687,0.2443,0.0602,0.281,2.100
1612,1611895,Neutral,good,1248.8,2.8,0.0,3404.595,1032.328,4815.138,9399.093,605.722,0.1768,0.0536,0.2500,0.4881,0.0315,0.512,0.214
1613,1612895,Neutral,good,1248.6,3.0,0.0,3348.720,1211.645,2185.410,2762.073,984.250,0.3192,0.1155,0.2083,0.2633,0.0938,0.791,0.554
1614,1613894,Neutral,good,1248.9,3.0,0.0,3081.887,544.685,1034.972,4524.140,3180.574,0.2492,0.0440,0.0837,0.3658,0.2572,0.229,0.526
1615,1614894,Neutral,good,1249.8,3.7,0.0,8369.184,2441.693,1939.135,3592.594,1971.974,0.4570,0.1333,0.1059,0.1962,0.1077,0.540,1.259
1616,1615894,Neutral,good,1249.0,3.2,0.0,3762.778,2498.747,2585.254,2611.079,347.481,0.3187,0.2117,0.2190,0.2212,0.0294,0.990,0.967
1617,1616894,Neutral,good,1248.9,3.7,0.0,19170.918,7991.131,8267.641,4194.838,3535.154,0.4442,0.1852,0.1916,0.0972,0.0819,1.971,0.967
1618,1617894,Neutral,good,1248.3,3.4,0.0,11632.016,4233.920,2907.009,4705.157,1547.401,0.4648,0.1692,0.1162,0.1880,0.0618,0.618,1.456
1619,1618894,Neutral,good,1248.4,3.4,0.0,5126.931,3852.779,4567.157,7266.509,2764.603,0.2174,0.1634,0.1937,0.3082,0.1173,0.629,0.844
1620,1619894,Neutral,good,1248.6,3.2,0.0,2117.700,1656.572,8751.699,6812.574,5540.369,0.0851,0.0666,0.3518,0.2738,0.2227,1.285,0.189
1621,1620894,Neutral,good,1248.1,3.2,0.0,489.913,2626.750,1184.194,3317.087,1147.056,0.0559,0.2997,0.1351,0.3784,0.1309,0.357,2.218
1622,1621894,Neutral,good,1248.1,3.4,0.0,11021.548,4730.255,4440.053,10127.835,3055.306,0.3302,0.1417,0.1330,0.3035,0.0915,0.438,1.065
1623,1622894,Neutral,good,1248.2,3.3,0.0,3719.999,4327.687,1235.865,6930.670,1918.054,0.2052,0.2387,0.0682,0.3822,0.1058,0.178,3.502
1624,1623894,Neutral,good,1248.1,3.0,0.0,1953.455,8041.912,7648.385,3843.389,619.554,0.0884,0.3638,0.3460,0.1739,0.0280,1.990,1.051
1625,1624894,Neutral,good,1248.2,2.7,0.0,1180.482,1217.308,1673.667,5347.232,375.664,0.1205,0.1243,0.1709,0.5460,0.0384,0.313,0.727
1626,1625894,Neutral,good,1248.3,3.2,0.0,2397.712,2026.815,1219.553,3515.951,608.607,0.2455,0.2075,0.1248,0.3599,0.0623,0.347,1.662
1627,1626894,Neutral,good,1248.4,2.8,0.0,2859.368,4564.771,4053.398,3475.158,4905.454,0.1440,0.2299,0.2041,0.1750,0.2470,1.166,1.126
1628,1627894,Neutral,good,1248.8,3.0,0.0,7624.209,10268.739,6716.316,3629.774,3616.195,0.2393,0.3224,0.2108,0.1139,0.1135,1.850,1.529
1629,1628893,Neutral,good,1248.8,3.2,0.0,2907.275,9072.584,4763.516,4149.800,1406.234,0.1304,0.4069,0.2136,0.1861,0.0631,1.148,1.905
1630,1629893,Neutral,good,1248.9,3.2,0.0,1805.288,3322.439,4536.211,2946.540,1977.312,0.1238,0.2278,0.3110,0.2020,0.1355,1.540,0.732
1631,1630893,Neutral,good,1248.5,3.6,0.0,3263.390,9458.204,5474.545,3737.678,1177.490,0.1412,0.4092,0.2369,0.1617,0.0509,1.465,1.728
1632,1631893,Neutral,good,1248.0,3.0,0.0,1688.600,1684.396,762.041,1903.621,1666.475,0.2192,0.2186,0.0989,0.2471,0.2163,0.400,2.210
1633,1632893,Neutral,good,1249.2,3.1,0.0,2252.920,2642.792,2766.870,5535.002,872.303,0.1601,0.1878,0.1967,0.3934,0.0620,0.500,0.955
1634,1633893,Neutral,good,1248.6,2.8,0.0,1163.229,1798.387,2421.598,3302.865,1589.708,0.1132,0.1750,0.2357,0.3214,0.1547,0.733,0.743
1635,1634893,Neutral,good,1248.8,3.4,0.0,5695.942,2002.443,1934.941,13671.169,1486.654,0.2298,0.0808,0.0780,0.5515,0.0600,0.142,1.035
1636,1635893,Neutral,good,1246.3,3.6,0.0,17507.162,4080.601,2385.576,3480.791,4642.930,0.5454,0.1271,0.0743,0.1084,0.1447,0.685,1.711
1637,1636893,Neutral,good,1246.2,4.1,0.0,5339.056,2852.323,1732.144,6416.342,1099.747,0.3061,0.1636,0.0993,0.3679,0.0631,0.270,1.647
1638,1637893,Neutral,good,1246.2,3.0,0.0,1735.875,4698.679,3204.876,1657.792,889.179,0.1424,0.3856,0.2630,0.1360,0.0730,1.933,1.466
1639,1638893,Neutral,good,1245.5,3.2,0.0,2622.589,890.088,2333.844,5897.581,2246.308,0.1875,0.0636,0.1668,0.4215,0.1606,0.396,0.381
1640,1639893,Neutral,good,1246.1,2.6,0.0,4455.172,3576.232,518.273,1214.380,1402.167,0.3990,0.3203,0.0464,0.1088,0.1256,0.427,6.900
1641,1640893,Neutral,good,1246.7,3.1,0.0,1114.396,8426.664,8043.374,4664.875,1844.890,0.0463,0.3497,0.3338,0.1936,0.0766,1.724,1.048
1642,1641893,Neutral,good,1247.4,3.5,0.0,1712.041,1047.458,1918.482,6915.305,2366.078,0.1226,0.0750,0.1374,0.4954,0.1695,0.277,0.546
1643,1642893,Neutral,good,1247.9,2.9,0.0,819.970,3860.836,4499.029,3551.733,1379.291,0.0581,0.2736,0.3188,0.2517,0.0977,1.267,0.858
1644,1643893,Neutral,good,1248.4,3.1,0.0,300.588,1061.160,2073.382,8440.721,419.720,0.0244,0.0863,0.1686,0.6865,0.0341,0.246,0.512
1645,1644893,Neutral,good,1248.6,3.2,0.0,4276.324,6732.230,4860.051,4446.978,4755.782,0.1706,0.2685,0.1938,0.1774,0.1897,1.093,1.385
1646,1645892,Neutral,good,1248.4,3.4,0.0,1617.174,422.086,2687.744,6440.193,1054.612,0.1323,0.0345,0.2199,0.5269,0.0863,0.417,0.157
1647,1646892,Neutral,good,1249.3,2.8,0.0,1597.748,2357.196,1803.925,4013.153,976.084,0.1487,0.2193,0.1678,0.3734,0.0908,0.450,1.307
1648,1647892,Neutral,good,1248.8,3.6,0.0,2808.871,1530.268,1925.593,7555.747,1399.671,0.1845,0.1005,0.1265,0.4964,0.0920,0.255,0.795
1649,1648892,Neutral,good,1248.1,3.8,0.0,7390.433,9222.788,8865.476,4416.609,1341.618,0.2366,0.2953,0.2838,0.1414,0.0429,2.007,1.040
1650,1649892,Neutral,good,1248.3,3.4,0.0,1263.228,1422.605,3329.018,4878.141,1357.339,0.1031,0.1161,0.2717,0.3982,0.1108,0.682,0.427
1651,1650892,Neutral,good,1248.5,3.3,0.0,7456.627,261.705,1584.681,7618.627,570.569,0.4263,0.0150,0.0906,0.4355,0.0326,0.208,0.165
1652,1651892,Neutral,good,1248.7,2.9,0.0,350.818,2531.089,3286.206,8266.353,1047.817,0.0227,0.1635,0.2123,0.5339,0.0677,0.398,0.770
1653,1652892,Neutral,good,1249.7,3.2,0.0,399.645,851.372,756.468,5184.814,1759.255,0.0446,0.0951,0.0845,0.5792,0.1965,0.146,1.125
1654,1653892,Neutral,good,1249.1,3.4,0.0,620.596,6180.978,4028.037,12308.007,2217.755,0.0245,0.2438,0.1589,0.4854,0.0875,0.327,1.534
1655,1654892,Neutral,good,1249.3,3.4,0.0,8204.951,3072.596,1175.196,3747.914,2874.905,0.4301,0.1611,0.0616,0.1965,0.1507,0.314,2.615
1656,1655892,Neutral,good,1248.5,3.2,0.0,16194.222,5527.101,3627.103,2950.963,1073.933,0.5513,0.1882,0.1235,0.1005,0.0366,1.229,1.524
1657,1656892,Neutral,good,1248.8,3.3,0.0,5430.667,1652.399,2252.092,5529.409,2633.980,0.3103,0.0944,0.1287,0.3160,0.1505,0.407,0.734
1658,1657892,Neutral,good,1248.8,2.8,0.0,2661.044,6690.028,3413.845,874.779,1877.517,0.1715,0.4311,0.2200,0.0564,0.1210,3.903,1.960
1659,1658892,Neutral,good,1248.7,4.2,0.0,662.805,3347.325,1544.752,16230.715,8388.111,0.0220,0.1109,0.0512,0.5379,0.2780,0.095,2.167
1660,1659891,Neutral,good,1250.0,3.3,0.0,8623.239,3809.414,6587.104,6175.696,1180.974,0.3269,0.1444,0.2497,0.2341,0.0448,1.067,0.578
1661,1660891,Neutral,good,1249.6,3.3,0.0,4651.123,3457.605,945.181,3155.452,726.633,0.3595,0.2673,0.0731,0.2439,0.0562,0.300,3.658
1662,1661891,Neutral,good,1250.0,3.1,0.0,2690.774,2635.859,3362.365,4165.859,1334.888,0.1896,0.1858,0.2370,0.2936,0.0941,0.807,0.784
1663,1662891,Neutral,good,1248.9,3.5,0.0,3154.469,6066.272,5858.456,2553.235,887.479,0.1703,0.3276,0.3163,0.1379,0.0479,2.295,1.035
1664,1663891,Neutral,good,1248.7,3.7,0.0,5681.083,7795.439,6101.811,2072.539,1194.401,0.2487,0.3412,0.2671,0.0907,0.0523,2.944,1.278
1665,1664891,Neutral,good,1248.5,3.1,0.0,5673.431,3299.427,2210.980,3245.199,1551.357,0.3550,0.2065,0.1384,0.2031,0.0971,0.681,1.492
1666,1665891,Neutral,good,1248.5,3.2,0.0,5642.176,4633.860,8417.200,8388.661,1604.564,0.1967,0.1615,0.2934,0.2924,0.0559,1.003,0.551
1667,1666891,Neutral,good,1248.4,3.2,0.0,677.098,4491.113,6668.126,4836.139,978.002,0.0384,0.2544,0.3778,0.2740,0.0554,1.379,0.674
1668,1667891,Neutral,good,1248.7,2.9,0.0,4925.926,2956.012,1064.690,2829.294,1301.712,0.3767,0.2260,0.0814,0.2163,0.0995,0.376,2.776
1669,1668891,Neutral,good,1249.4,3.4,0.0,3270.826,9867.705,10361.932,7318.087,3446.711,0.0955,0.2880,0.3024,0.2136,0.1006,1.416,0.952
1670,1669891,Neutral,good,1249.2,3.1,0.0,2340.836,1966.682,2942.085,7688.542,1614.795,0.1414,0.1188,0.1777,0.4645,0.0976,0.383,0.668
1671,1670891,Neutral,good,1248.4,3.2,0.0,2400.021,2972.757,3461.458,1350.448,575.616,0.2230,0.2763,0.3217,0.1255,0.0535,2.563,0.859
1672,1671891,Neutral,good,1249.5,3.3,0.0,3665.883,4031.635,1584.122,2852.082,885.793,0.2816,0.3097,0.1217,0.2191,0.0680,0.555,2.545
1673,1672891,Neutral,good,1248.8,3.8,0.0,248.368,3341.982,3505.857,8248.984,3315.299,0.0133,0.1791,0.1879,0.4421,0.1777,0.425,0.953
1674,1673891,Neutral,good,1248.7,3.2,0.0,2078.009,1948.229,9171.836,9783.701,4676.021,0.0751,0.0704,0.3316,0.3537,0.1691,0.937,0.212
1675,1674891,Neutral,good,1248.5,3.1,0.0,9862.970,6565.458,4443.246,1484.594,1373.719,0.4156,0.2767,0.1872,0.0626,0.0579,2.993,1.478
1676,1675890,Neutral,good,1248.1,3.3,0.0,9522.332,3309.918,982.394,3062.269,1924.973,0.5065,0.1760,0.0522,0.1629,0.1024,0.321,3.369
1677,1676890,Neutral,good,1247.7,3.2,0.0,2767.402,4103.758,3172.583,3131.404,2252.623,0.1794,0.2660,0.2056,0.2030,0.1460,1.013,1.294
1678,1677890,Neutral,good,1248.9,3.0,0.0,10482.022,9900.810,3670.378,2936.454,473.824,0.3817,0.3605,0.1336,0.1069,0.0173,1.250,2.697
1679,1678890,Neutral,good,1248.6,3.2,0.0,1851.447,3257.227,4405.717,4218.258,947.579,0.1261,0.2219,0.3001,0.2873,0.0645,1.044,0.739
1680,1679890,Neutral,good,1247.9,3.2,0.0,8639.470,2288.427,3972.941,16695.221,3333.260,0.2473,0.0655,0.1137,0.4780,0.0954,0.238,0.576
1681,1680890,Neutral,good,1249.1,2.9,0.0,2012.026,2159.809,4092.887,3101.601,626.222,0.1678,0.1801,0.3413,0.2586,0.0522,1.320,0.528
1682,1681890,Neutral,good,1248.6,3.4,0.0,11695.646,12230.325,5463.383,4534.813,1821.191,0.3272,0.3422,0.1528,0.1269,0.0509,1.205,2.239
1683,1682890,Neutral,good,1248.5,3.4,0.0,20129.955,13443.197,7458.621,5477.375,694.078,0.4265,0.2848,0.1580,0.1160,0.0147,1.362,1.802
1684,1683890,Neutral,good,1248.5,3.2,0.0,7659.224,2676.480,445.518,1819.258,832.378,0.5702,0.1992,0.0332,0.1354,0.0620,0.245,6.008
1685,1684890,Neutral,good,1248.5,2.5,0.0,4685.767,4863.743,970.660,5954.055,2999.814,0.2406,0.2498,0.0498,0.3057,0.1540,0.163,5.011
1686,1685890,Neutral,good,1247.8,3.4,0.0,6081.698,6541.044,6778.988,6056.134,3972.840,0.2066,0.2223,0.2303,0.2058,0.1350,1.119,0.965
1687,1686890,Neutral,good,1249.3,3.4,0.0,2485.882,2392.656,7623.777,17232.367,1557.329,0.0794,0.0765,0.2436,0.5507,0.0498,0.442,0.314
1688,1687890,Neutral,good,1248.5,3.1,0.0,373.277,486.808,2635.258,6892.726,1695.743,0.0309,0.0403,0.2181,0.5704,0.1403,0.382,0.185
1689,1688890,Neutral,good,1249.4,3.2,0.0,9090.892,2339.770,807.588,1992.742,1927.006,0.5626,0.1448,0.0500,0.1233,0.1193,0.405,2.897
1690,1689890,Neutral,good,1249.6,3.3,0.0,1106.283,4422.607,2707.106,6795.541,1231.327,0.0680,0.2719,0.1665,0.4179,0.0757,0.398,1.634
1691,1690890,Neutral,good,1248.9,3.1,0.0,9278.146,3282.570,3217.219,4275.963,4702.303,0.3748,0.1326,0.1300,0.1727,0.1899,0.752,1.020
1692,1691890,Neutral,good,1249.2,2.8,0.0,1474.519,8338.896,8130.205,3825.490,2687.609,0.0603,0.3410,0.3324,0.1564,0.1099,2.125,1.026
1693,1692889,Neutral,good,1249.1,3.3,0.0,1511.794,1519.165,5393.656,16700.072,1904.743,0.0559,0.0562,0.1995,0.6178,0.0705,0.323,0.282
1694,1693889,Neutral,good,1248.8,3.4,0.0,6899.002,958.495,1373.407,5192.375,1249.389,0.4402,0.0612,0.0876,0.3313,0.0797,0.265,0.698
1695,1694889,Neutral,good,1249.7,2.9,0.0,16043.980,19513.348,8207.419,2650.504,2365.727,0.3289,0.4000,0.1683,0.0543,0.0485,3.097,2.378
1696,1695889,Neutral,good,1250.2,2.9,0.0,682.823,963.256,915.479,1769.546,2055.917,0.1069,0.1508,0.1433,0.2771,0.3219,0.517,1.052
1697,1696889,Neutral,good,1249.2,3.2,0.0,4172.408,1071.792,1968.039,5998.934,7350.745,0.2029,0.0521,0.0957,0.2917,0.3575,0.328,0.545
1698,1697889,Neutral,good,1249.1,3.5,0.0,15925.487,1939.969,1508.480,4601.768,1859.936,0.6164,0.0751,0.0584,0.1781,0.0720,0.328,1.286
1699,1698889,Neutral,good,1248.8,3.8,0.0,6347.395,7511.120,5196.627,1370.577,2557.395,0.2762,0.3268,0.2261,0.0596,0.1113,3.792,1.445
1700,1699889,Neutral,good,1249.5,2.5,0.0,748.151,956.226,423.029,695.781,280.998,0.2410,0.3080,0.1363,0.2241,0.0905,0.608,2.260
1701,1700889,Neutral,good,1249.7,2.5,0.0,2245.595,3169.044,1735.793,3579.191,1805.599,0.1791,0.2528,0.1385,0.2855,0.1440,0.485,1.826
1702,1701889,Neutral,good,1249.3,3.2,0.0,10374.837,2306.927,1486.175,2701.323,547.941,0.5957,0.1325,0.0853,0.1551,0.0315,0.550,1.552
1703,1702889,Neutral,good,1249.1,3.2,0.0,10325.695,16973.367,9307.093,17050.146,1329.263,0.1878,0.3087,0.1693,0.3101,0.0242,0.546,1.824
1704,1703889,Neutral,good,1249.4,3.5,0.0,2431.790,2487.997,5320.458,9456.762,2742.821,0.1084,0.1109,0.2371,0.4214,0.1222,0.563,0.468
1705,1704889,Neutral,good,1249.4,3.3,0.0,15615.643,6710.111,1084.229,5148.055,2664.226,0.5001,0.2149,0.0347,0.1649,0.0853,0.211,6.189
1706,1705889,Neutral,good,1249.3,3.2,0.0,1996.361,804.983,3107.650,12469.285,2822.343,0.0942,0.0380,0.1466,0.5882,0.1331,0.249,0.259
1707,1706889,Neutral,good,1249.2,3.0,0.0,2130.862,5210.262,2373.072,924.204,1100.257,0.1815,0.4439,0.2022,0.0787,0.0937,2.568,2.196
1708,1707888,Neutral,good,1249.8,3.1,0.0,2788.312,9591.088,4965.366,1847.015,2776.012,0.1269,0.4366,0.2260,0.0841,0.1264,2.688,1.932
1709,1708888,Neutral,good,1250.5,3.2,0.0,1717.240,1957.068,6515.544,7170.988,889.984,0.0941,0.1072,0.3570,0.3929,0.0488,0.909,0.300
1710,1709888,Neutral,good,1249.7,3.2,0.0,9207.540,6325.844,4827.511,5055.893,1699.674,0.3396,0.2333,0.1780,0.1865,0.0627,0.955,1.310
1711,1710888,Neutral,good,1250.1,2.9,0.0,2003.153,2037.849,3053.958,3437.475,3377.942,0.1440,0.1465,0.2195,0.2471,0.2428,0.888,0.667
1712,1711888,Neutral,good,1248.9,3.5,0.0,1517.824,768.864,3386.875,8790.742,1098.257,0.0975,0.0494,0.2176,0.5649,0.0706,0.385,0.227
1713,1712888,Neutral,good,1248.9,3.8,0.0,6495.184,1933.009,3219.186,6223.687,4752.807,0.2871,0.0854,0.1423,0.2751,0.2101,0.517,0.600
1714,1713888,Neutral,good,1250.1,3.3,0.0,1856.275,1571.530,3221.855,5908.927,1436.732,0.1326,0.1123,0.2302,0.4222,0.1027,0.545,0.488
1715,1714888,Neutral,good,1251.0,3.2,0.0,2970.697,3426.684,1292.798,1277.576,2232.599,0.2652,0.3059,0.1154,0.1141,0.1993,1.012,2.651
1716,1715888,Neutral,good,1250.1,3.5,0.0,2790.583,3117.810,2252.138,2725.222,1274.116,0.2295,0.2564,0.1852,0.2241,0.1048,0.826,1.384
1717,1716888,Neutral,good,1248.4,3.8,0.0,6152.720,912.635,2318.098,3851.627,2968.641,0.3797,0.0563,0.1431,0.2377,0.1832,0.602,0.394
1718,1717888,Neutral,good,1241.2,6.4,0.0,21764.682,615.294,1759.784,3132.196,2205.814,0.7383,0.0209,0.0597,0.1063,0.0748,0.562,0.350
1719,1718888,Neutral,good,1235.7,5.9,0.0,6366.238,2373.965,748.442,2189.651,885.501,0.5067,0.1890,0.0596,0.1743,0.0705,0.342,3.172
1720,1719888,Neutral,good,1238.2,4.1,0.0,11651.139,1100.567,2785.544,2118.540,1932.970,0.5948,0.0562,0.1422,0.1082,0.0987,1.315,0.395
1721,1720888,Neutral,good,1238.9,4.2,0.0,13258.194,1753.529,5042.227,6128.171,409.163,0.4986,0.0659,0.1896,0.2305,0.0154,0.823,0.348
1722,1721888,Neutral,good,1239.4,3.5,0.0,2340.082,2386.533,2613.384,630.092,491.779,0.2765,0.2820,0.3088,0.0745,0.0581,4.148,0.913
1723,1722888,Neutral,good,1240.1,2.9,0.0,2115.548,4474.507,1177.459,3150.116,882.277,0.1793,0.3792,0.0998,0.2670,0.0748,0.374,3.800
1724,1723887,Neutral,good,1240.8,3.3,0.0,2773.471,6034.560,7054.063,5083.159,2318.444,0.1192,0.2594,0.3032,0.2185,0.0997,1.388,0.855
1725,1724887,Neutral,good,1241.5,3.2,0.0,3196.734,14036.608,12438.955,5523.315,1703.787,0.0866,0.3804,0.3371,0.1497,0.0462,2.252,1.128
1726,1725887,Neutral,good,1241.1,3.8,0.0,6348.564,7243.035,8336.091,2968.957,3813.493,0.2211,0.2523,0.2904,0.1034,0.1328,2.808,0.869
1727,1726887,Neutral,good,1241.6,3.1,0.0,10472.084,897.010,718.618,3569.385,2345.908,0.5817,0.0498,0.0399,0.1983,0.1303,0.201,1.248
1728,1727887,Neutral,good,1242.9,3.5,0.0,5078.561,379.698,2199.254,2303.829,735.250,0.4748,0.0355,0.2056,0.2154,0.0687,0.955,0.173
1729,1728887,Neutral,good,1242.8,3.1,0.0,419.580,1697.883,1453.867,5043.083,1214.986,0.0427,0.1727,0.1479,0.5131,0.1236,0.288,1.168
1730,1729887,Neutral,good,1242.9,3.5,0.0,11122.801,607.856,1091.143,8302.919,5947.854,0.4109,0.0225,0.0403,0.3067,0.2197,0.131,0.557
1731,1730887,Neutral,good,1244.2,3.3,0.0,549.675,694.855,3555.447,7720.043,843.728,0.0411,0.0520,0.2661,0.5777,0.0631,0.461,0.195
1732,1731887,Neutral,good,1243.6,3.4,0.0,8019.271,2577.819,3713.033,10845.646,4602.522,0.2695,0.0866,0.1248,0.3645,0.1547,0.342,0.694
1733,1732887,Neutral,good,1245.0,2.9,0.0,1022.859,5425.444,4558.026,2466.182,1402.828,0.0688,0.3647,0.3064,0.1658,0.0943,1.848,1.190
1734,1733887,Neutral,good,1244.9,3.0,0.0,1731.059,3288.014,4760.460,5342.792,694.894,0.1094,0.2079,0.3010,0.3378,0.0439,0.891,0.691
1735,1734887,Neutral,good,1245.0,3.5,0.0,3154.809,2872.288,4216.286,3988.884,5005.402,0.1640,0.1493,0.2192,0.2073,0.2602,1.057,0.681
1736,1735887,Neutral,good,1244.5,3.5,0.0,15819.324,5090.137,1980.218,9658.335,1892.419,0.4593,0.1478,0.0575,0.2804,0.0549,0.205,2.570
1737,1736886,Neutral,good,1244.9,3.2,0.0,406.887,4450.443,7167.797,12629.899,4787.069,0.0138,0.1512,0.2435,0.4290,0.1626,0.568,0.621
1738,1737887,Neutral,good,1245.6,2.9,0.0,3765.056,4919.661,3970.756,2660.436,659.732,0.2357,0.3079,0.2486,0.1665,0.0413,1.493,1.239
1739,1738887,Neutral,good,1245.5,3.3,0.0,869.091,3223.148,2183.906,3929.824,3269.918,0.0645,0.2392,0.1621,0.2916,0.2426,0.556,1.476
1740,1739886,Neutral,good,1245.7,3.2,0.0,729.945,3461.639,3197.198,4872.969,355.929,0.0579,0.2743,0.2534,0.3862,0.0282,0.656,1.083
1741,1740886,Neutral,good,1246.8,2.8,0.0,8053.628,3142.611,1274.315,2741.833,3551.506,0.4292,0.1675,0.0679,0.1461,0.1893,0.465,2.466
1742,1741886,Neutral,good,1247.2,3.2,0.0,404.637,284.544,2442.871,3284.828,1154.585,0.0534,0.0376,0.3226,0.4338,0.1525,0.744,0.116
1743,1742886,Neutral,good,1246.8,3.7,0.0,1503.155,252.141,1508.428,5518.987,4652.837,0.1119,0.0188,0.1123,0.4108,0.3463,0.273,0.167
1744,1743886,Neutral,good,1247.5,3.3,0.0,2199.156,6642.239,1895.623,6993.212,2987.505,0.1061,0.3206,0.0915,0.3375,0.1442,0.271,3.504
1745,1744886,Neutral,good,1247.3,3.9,0.0,19564.660,5078.269,2447.828,5917.506,3386.183,0.5376,0.1395,0.0673,0.1626,0.0930,0.414,2.075
1746,1745886,Neutral,good,1248.0,3.2,0.0,4911.599,6529.944,2708.531,3919.461,1558.489,0.2502,0.3327,0.1380,0.1997,0.0794,0.691,2.411
1747,1746886,Neutral,good,1248.3,2.9,0.0,1791.955,972.553,928.351,4744.188,2287.431,0.1671,0.0907,0.0866,0.4424,0.2133,0.196,1.048
1748,1747886,Neutral,good,1248.6,3.7,0.0,4348.808,6179.442,3186.150,8684.656,3675.136,0.1668,0.2370,0.1222,0.3331,0.1409,0.367,1.939
1749,1748886,Neutral,good,1248.8,3.5,0.0,3049.304,840.231,3153.449,15086.111,1541.433,0.1288,0.0355,0.1332,0.6373,0.0651,0.209,0.266
1750,1749886,Neutral,good,1249.2,3.2,0.0,1381.653,2309.782,1123.420,3408.257,2210.695,0.1324,0.2214,0.1077,0.3267,0.2119,0.330,2.056
1751,1750886,Neutral,good,1249.0,3.5,0.0,7174.940,1839.287,4716.542,7248.354,1081.847,0.3252,0.0834,0.2138,0.3286,0.0490,0.651,0.390
1752,1751886,Neutral,good,1249.6,3.2,0.0,4715.714,5735.818,5930.741,2884.905,2075.662,0.2210,0.2687,0.2779,0.1352,0.0973,2.056,0.967
1753,1753542,Neutral,good,1247.7,4.0,0.0,3533.339,4739.849,3667.623,6022.333,1189.200,0.1845,0.2475,0.1915,0.3144,0.0621,0.609,1.292
1754,1753885,Neutral,good,1248.2,3.1,0.0,3582.695,3750.943,3452.341,5782.107,2804.882,0.1849,0.1936,0.1782,0.2985,0.1448,0.597,1.086
1755,1754885,Neutral,good,1247.5,3.0,0.0,691.175,3207.135,2711.006,5050.933,1577.586,0.0522,0.2423,0.2048,0.3816,0.1192,0.537,1.183
1756,1755885,Neutral,good,1247.7,3.3,0.0,2846.698,979.914,2289.727,7418.427,1485.904,0.1895,0.0652,0.1524,0.4939,0.0989,0.309,0.428
1757,1756885,Neutral,good,1248.5,2.8,0.0,1611.044,896.969,1248.522,3648.716,2597.718,0.1611,0.0897,0.1248,0.3648,0.2597,0.342,0.718
1758,1757885,Neutral,good,1249.4,3.6,0.0,1592.321,6156.855,5537.542,8614.545,2402.514,0.0655,0.2533,0.2278,0.3545,0.0989,0.643,1.112
1759,1758885,Neutral,good,1249.2,3.4,0.0,9603.759,1135.399,2823.307,2760.995,4733.845,0.4561,0.0539,0.1341,0.1311,0.2248,1.023,0.402
1760,1759885,Neutral,good,1249.4,3.8,0.0,3016.197,2676.767,420.382,12541.535,2074.657,0.1455,0.1291,0.0203,0.6050,0.1001,0.034,6.367
1761,1760885,Neutral,good,1250.0,3.3,0.0,10754.227,8580.701,4339.605,13413.634,2235.267,0.2735,0.2182,0.1104,0.3411,0.0568,0.324,1.977
1762,1761885,Neutral,good,1250.7,2.9,0.0,2126.717,2558.636,2034.187,6500.721,5562.944,0.1132,0.1362,0.1083,0.3461,0.2962,0.313,1.258
1763,1762885,Neutral,good,1250.1,3.0,0.0,1716.160,6000.178,3798.694,1159.950,1453.903,0.1215,0.4247,0.2689,0.0821,0.1029,3.275,1.580
1764,1763885,Neutral,good,1250.3,3.4,0.0,2930.661,4048.530,580.458,2518.363,813.228,0.2691,0.3717,0.0533,0.2312,0.0747,0.230,6.975
1765,1764885,Neutral,good,1250.6,3.0,0.0,2253.609,591.358,2838.767,4926.427,3626.043,0.1583,0.0415,0.1994,0.3460,0.2547,0.576,0.208
1766,1765885,Neutral,good,1251.0,3.2,0.0,4432.771,1749.970,1226.559,2987.344,1405.829,0.3756,0.1483,0.1039,0.2531,0.1191,0.411,1.427
1767,1766885,Neutral,good,1250.7,4.1,0.0,7170.136,8382.375,5061.651,4337.893,1599.524,0.2700,0.3157,0.1906,0.1634,0.0602,1.167,1.656
1768,1767885,Neutral,good,1250.4,2.8,0.0,4425.833,2670.432,1313.843,3845.433,1174.428,0.3295,0.1988,0.0978,0.2863,0.0874,0.342,2.033
1769,1768884,Neutral,good,1250.0,3.3,0.0,4277.009,4712.861,1746.272,2010.539,923.873,0.3129,0.3447,0.1277,0.1471,0.0676,0.869,2.699
1770,1769884,Neutral,good,1250.3,3.2,0.0,1140.271,3065.205,3123.664,4727.670,3721.849,0.0723,0.1943,0.1980,0.2996,0.2359,0.661,0.981
1771,1770884,Neutral,good,1250.2,2.6,0.0,1305.457,2992.525,1851.629,2269.763,1090.893,0.1373,0.3147,0.1947,0.2387,0.1147,0.816,1.616
1772,1771884,Neutral,good,1250.6,3.6,0.0,2600.158,2683.406,3591.729,12900.243,5266.899,0.0962,0.0992,0.1328,0.4770,0.1948,0.278,0.747
1773,1772884,Neutral,good,1249.6,3.4,0.0,1742.302,4191.461,7657.176,1347.060,975.179,0.1095,0.2634,0.4812,0.0847,0.0613,5.684,0.547
1774,1773884,Neutral,good,1245.9,4.0,0.0,12046.035,1309.794,2056.965,2242.438,827.768,0.6517,0.0709,0.1113,0.1213,0.0448,0.917,0.637
1775,1774884,Neutral,good,1246.6,2.5,0.0,1769.349,2932.195,2771.229,3308.781,507.246,0.1567,0.2597,0.2455,0.2931,0.0449,0.838,1.058
1776,1775884,Neutral,good,1246.8,2.6,0.0,1269.850,6835.325,7005.756,3683.399,787.420,0.0648,0.3491,0.3578,0.1881,0.0402,1.902,0.976
1777,1776884,Neutral,good,1246.8,3.6,0.0,12309.972,9836.095,6166.501,1673.085,3119.207,0.3718,0.2971,0.1863,0.0505,0.0942,3.686,1.595
1778,1777884,Neutral,good,1246.3,3.4,0.0,12563.322,539.779,1678.419,2622.260,2451.016,0.6328,0.0272,0.0845,0.1321,0.1234,0.640,0.322
1779,1778884,Neutral,good,1247.2,2.9,0.0,2595.655,477.023,1344.530,3179.801,884.970,0.3060,0.0562,0.1585,0.3749,0.1043,0.423,0.355
1780,1779884,Neutral,good,1247.0,3.0,0.0,68.711,5808.304,5817.858,3174.751,1201.531,0.0043,0.3614,0.3620,0.1975,0.0748,1.833,0.998
1781,1780884,Neutral,good,1246.6,3.4,0.0,12203.937,3077.156,897.453,6503.601,1806.171,0.4984,0.1257,0.0366,0.2656,0.0738,0.138,3.429
1782,1781884,Neutral,good,1247.6,2.8,0.0,2038.078,1257.995,740.835,1845.040,1472.980,0.2771,0.1710,0.1007,0.2509,0.2003,0.402,1.698
1783,1782884,Neutral,good,1247.5,2.7,0.0,1443.414,839.978,2773.806,3072.848,762.446,0.1623,0.0945,0.3119,0.3456,0.0857,0.903,0.303
1784,1783884,Neutral,good,1247.4,3.5,0.0,17512.199,13306.168,4917.161,4921.845,2515.624,0.4056,0.3082,0.1139,0.1140,0.0583,0.999,2.706
1785,1784884,Neutral,good,1247.1,3.4,0.0,5333.377,3411.687,1458.433,6778.778,3765.693,0.2571,0.1644,0.0703,0.3267,0.1815,0.215,2.339
1786,1785883,Neutral,good,1247.5,2.7,0.0,2947.777,8295.198,6186.902,8259.916,1313.146,0.1092,0.3072,0.2291,0.3059,0.0486,0.749,1.341
1787,1786883,Neutral,good,1247.4,2.8,0.0,3797.424,2335.239,3126.191,6622.784,1312.414,0.2209,0.1358,0.1818,0.3852,0.0763,0.472,0.747
1788,1787883,Neutral,good,1248.0,3.1,0.0,4353.862,11433.793,9723.183,8518.409,2493.690,0.1192,0.3131,0.2662,0.2332,0.0683,1.141,1.176
1789,1788883,Neutral,good,1248.1,3.3,0.0,1940.883,1672.355,4397.836,5327.050,898.621,0.1363,0.1175,0.3089,0.3742,0.0631,0.826,0.380
1790,1789883,Neutral,good,1247.8,3.2,0.0,1152.505,2706.734,3804.757,2665.019,1879.566,0.0944,0.2217,0.3116,0.2183,0.1540,1.428,0.711
1791,1790883,Neutral,good,1248.2,3.1,0.0,2337.706,3027.749,694.208,8230.536,842.448,0.1545,0.2001,0.0459,0.5439,0.0557,0.084,4.361
1792,1791883,Neutral,good,1248.2,3.4,0.0,425.494,1823.468,2092.924,3617.068,3524.954,0.0371,0.1588,0.1822,0.3150,0.3069,0.579,0.871
1793,1792883,Neutral,good,1248.5,2.8,0.0,5490.235,2497.867,1653.478,4496.673,633.880,0.3717,0.1691,0.1119,0.3044,0.0429,0.368,1.511
1794,1793883,Neutral,good,1248.0,3.3,0.0,514.202,1982.203,1494.554,9336.622,434.804,0.0374,0.1440,0.1086,0.6784,0.0316,0.160,1.326
1795,1794883,Neutral,good,1248.5,3.6,0.0,2168.922,1857.588,1442.383,7034.428,3045.866,0.1395,0.1195,0.0928,0.4524,0.1959,0.205,1.288
1796,1795883,Neutral,good,1248.9,2.6,0.0,865.326,844.843,2324.426,1801.496,1484.932,0.1182,0.1154,0.3175,0.2461,0.2028,1.290,0.363
1797,1796883,Neutral,good,1248.9,3.3,0.0,1158.957,2457.834,2518.940,2892.731,476.464,0.1219,0.2586,0.2650,0.3043,0.0501,0.871,0.976
1798,1797883,Neutral,good,1248.2,3.2,0.0,8743.883,2939.969,4598.284,3098.433,870.180,0.4318,0.1452,0.2271,0.1530,0.0430,1.484,0.639
1799,1798883,Neutral,good,1248.6,3.0,0.0,426.177,1755.746,2449.255,4058.626,1928.399,0.0401,0.1654,0.2307,0.3822,0.1816,0.603,0.717
1800,1799883,Neutral,good,1249.2,2.5,0.0,306.982,589.456,2140.905,1377.371,674.949,0.0603,0.1158,0.4206,0.2706,0.1326,1.554,0.275
1801,1800882,Neutral,good,1249.2,3.3,0.0,3652.498,4372.741,6369.925,5280.423,1816.453,0.1699,0.2035,0.2964,0.2457,0.0845,1.206,0.686
1802,1801882,Neutral,good,1249.2,3.2,0.0,8649.465,5094.539,5414.866,4772.208,856.110,0.3489,0.2055,0.2185,0.1925,0.0345,1.135,0.941
1803,1802882,Neutral,good,1248.6,3.2,0.0,3769.474,3764.924,7225.141,4202.941,1354.062,0.1855,0.1853,0.3556,0.2069,0.0666,1.719,0.521
1804,1803882,Neutral,good,1249.3,3.0,0.0,2388.409,3377.215,2448.738,3705.233,1090.318,0.1836,0.2596,0.1882,0.2848,0.0838,0.661,1.379
1805,1804882,Neutral,good,1249.0,3.7,0.0,9827.587,3261.609,3327.679,1567.064,2692.868,0.4753,0.1577,0.1609,0.0758,0.1302,2.124,0.980
1806,1805882,Neutral,good,1248.6,3.1,0.0,2380.477,3908.481,4099.869,3835.386,2168.909,0.1452,0.2384,0.2501,0.2340,0.1323,1.069,0.953
1807,1806882,Neutral,good,1248.8,2.9,0.0,2055.651,2649.403,5035.958,1149.421,708.449,0.1772,0.2284,0.4342,0.0991,0.0611,4.381,0.526
1808,1807882,Neutral,good,1248.6,3.1,0.0,2192.424,3481.622,2464.946,3688.082,1647.549,0.1627,0.2584,0.1829,0.2737,0.1223,0.668,1.412
1809,1808882,Neutral,good,1247.9,2.4,0.0,4070.800,1445.132,914.359,2311.233,1770.586,0.3872,0.1375,0.0870,0.2199,0.1684,0.396,1.580
1810,1809882,Neutral,good,1248.3,2.9,0.0,2162.846,3991.813,929.982,3184.980,1313.940,0.1867,0.3446,0.0803,0.2750,0.1134,0.292,4.292
1811,1810882,Neutral,good,1248.5,3.3,0.0,4616.694,8666.073,5949.889,1056.172,1494.314,0.2119,0.3978,0.2731,0.0485,0.0686,5.633,1.457
1812,1811882,Neutral,good,1248.3,3.1,0.0,1227.868,2672.983,3517.583,4224.470,985.408,0.0972,0.2117,0.2785,0.3345,0.0780,0.833,0.760
1813,1812882,Neutral,good,1249.6,2.6,0.0,2061.727,2388.134,2523.443,4309.904,2571.940,0.1488,0.1724,0.1821,0.3111,0.1856,0.585,0.946
1814,1813882,Neutral,good,1249.0,3.2,0.0,1999.991,2017.341,3033.643,3471.370,1504.301,0.1663,0.1677,0.2522,0.2886,0.1251,0.874,0.665
1815,1814882,Neutral,good,1248.9,3.1,0.0,10411.413,8766.031,5904.612,1019.988,1664.166,0.3750,0.3157,0.2127,0.0367,0.0599,5.789,1.485
1816,1815881,Neutral,good,1248.7,3.4,0.0,4512.511,11136.175,10935.583,3129.025,2135.830,0.1417,0.3497,0.3434,0.0982,0.0671,3.495,1.018
1817,1816881,Neutral,good,1248.8,2.8,0.0,1638.945,767.458,1155.106,1265.295,794.146,0.2916,0.1365,0.2055,0.2251,0.1413,0.913,0.664
1818,1817881,Neutral,good,1248.1,3.7,0.0,15676.882,10250.668,6354.833,5327.631,2070.140,0.3951,0.2583,0.1602,0.1343,0.0522,1.193,1.613
1819,1818881,Neutral,good,1248.1,3.2,0.0,2769.067,1331.830,4658.969,5874.942,1093.930,0.1761,0.0847,0.2962,0.3735,0.0695,0.793,0.286
1820,1819881,Neutral,good,1247.6,2.8,0.0,2473.546,4078.600,2694.712,13898.644,2245.027,0.0974,0.1606,0.1061,0.5474,0.0884,0.194,1.514
1821,1820881,Neutral,good,1248.4,2.9,0.0,562.022,851.252,1188.010,1606.283,941.575,0.1091,0.1653,0.2307,0.3120,0.1829,0.740,0.717
1822,1821881,Neutral,good,1248.9,3.0,0.0,4250.620,3666.782,4974.750,12323.125,2001.596,0.1562,0.1347,0.1828,0.4528,0.0735,0.404,0.737
1823,1822881,Neutral,good,1248.3,3.1,0.0,3446.472,2888.219,2185.984,3761.330,1460.243,0.2508,0.2102,0.1591,0.2737,0.1063,0.581,1.321
1824,1823881,Neutral,good,1248.8,2.8,0.0,9151.636,1585.458,2467.375,3689.139,2673.636,0.4677,0.0810,0.1261,0.1885,0.1366,0.669,0.643
1825,1824881,Neutral,good,1249.1,3.4,0.0,2556.169,2744.316,997.524,3533.935,1002.184,0.2359,0.2533,0.0921,0.3262,0.0925,0.282,2.751
1826,1825881,Neutral,good,1248.5,3.6,0.0,11711.307,3421.572,3737.035,8253.333,1202.038,0.4135,0.1208,0.1319,0.2914,0.0424,0.453,0.916
1827,1826881,Neutral,good,1248.5,3.0,0.0,5948.687,5317.114,1123.659,4147.256,4257.566,0.2861,0.2557,0.0540,0.1994,0.2047,0.271,4.732
1828,1827881,Neutral,good,1248.5,3.1,0.0,6127.991,5086.798,2163.860,2932.599,262.087,0.3698,0.3069,0.1306,0.1769,0.0158,0.738,2.351
1829,1828881,Neutral,good,1248.3,3.1,0.0,5780.339,3233.548,3135.776,4692.299,710.074,0.3293,0.1842,0.1787,0.2673,0.0405,0.668,1.031
1830,1829881,Neutral,good,1248.9,2.5,0.0,1592.752,1627.806,1663.835,2992.630,872.965,0.1820,0.1860,0.1902,0.3420,0.0998,0.556,0.978
1831,1830881,Neutral,good,1248.4,3.4,0.0,3520.212,724.532,953.499,16305.354,3919.781,0.1385,0.0285,0.0375,0.6414,0.1542,0.058,0.760
1832,1831880,Neutral,good,1248.1,3.5,0.0,4749.462,1079.546,5438.372,6724.526,2850.802,0.2279,0.0518,0.2609,0.3226,0.1368,0.809,0.199
1833,1832880,Neutral,good,1248.7,2.9,0.0,1599.820,4747.296,3568.749,4247.750,2797.149,0.0943,0.2799,0.2104,0.2504,0.1649,0.840,1.330
1834,1833880,Neutral,good,1248.9,3.0,0.0,895.723,790.264,2054.035,5174.720,1055.767,0.0898,0.0793,0.2060,0.5190,0.1059,0.397,0.385
1835,1834880,Neutral,good,1248.7,3.1,0.0,8637.213,3087.524,1948.129,1687.746,732.320,0.5367,0.1919,0.1211,0.1049,0.0455,1.154,1.585
1836,1835880,Neutral,good,1249.3,2.7,0.0,998.639,1229.809,2288.009,3799.838,1423.025,0.1025,0.1263,0.2349,0.3902,0.1461,0.602,0.538
1837,1836880,Neutral,good,1248.8,3.1,0.0,1157.338,2005.344,2425.464,3156.865,8408.369,0.0675,0.1169,0.1414,0.1840,0.4902,0.768,0.827
1838,1837880,Neutral,good,1249.1,3.5,0.0,10228.143,8383.931,1791.050,7835.710,1670.036,0.3420,0.2803,0.0599,0.2620,0.0558,0.229,4.681
1839,1838880,Neutral,good,1249.9,3.3,0.0,6923.790,3114.369,2442.437,3863.124,3198.138,0.3543,0.1594,0.1250,0.1977,0.1637,0.632,1.275
1840,1839880,Neutral,good,1248.8,3.7,0.0,2172.511,1363.454,2827.169,1719.221,729.155,0.2466,0.1547,0.3208,0.1951,0.0828,1.644,0.482
1841,1840880,Neutral,good,1249.1,3.5,0.0,5737.754,11825.009,10372.423,1847.543,1265.190,0.1848,0.3809,0.3341,0.0595,0.0407,5.614,1.140
1842,1841880,Neutral,good,1249.2,2.8,0.0,1060.346,2016.530,1178.145,3734.364,418.523,0.1261,0.2398,0.1401,0.4441,0.0498,0.315,1.712
1843,1842880,Neutral,good,1249.0,3.4,0.0,13477.715,11327.725,3733.915,1773.049,1013.132,0.4302,0.3616,0.1192,0.0566,0.0323,2.106,3.034
1844,1843880,Neutral,good,1248.8,3.0,0.0,4518.868,3161.285,3276.325,2082.716,1619.125,0.3083,0.2157,0.2235,0.1421,0.1105,1.573,0.965
1845,1844880,Neutral,good,1249.2,3.1,0.0,130.139,2343.843,6510.146,2372.130,956.564,0.0106,0.1904,0.5287,0.1927,0.0777,2.744,0.360
1846,1845880,Neutral,good,1248.8,2.9,0.0,2056.620,5390.377,4206.592,6830.815,1663.928,0.1021,0.2675,0.2088,0.3390,0.0826,0.616,1.281
1847,1846880,Neutral,good,1249.1,3.2,0.0,3190.336,5004.553,4049.352,5257.210,1524.251,0.1677,0.2630,0.2128,0.2763,0.0801,0.770,1.236
1848,1847879,Neutral,good,1249.3,3.7,0.0,5238.568,5913.710,4292.698,3724.922,846.575,0.2617,0.2954,0.2145,0.1861,0.0423,1.152,1.378
1849,1848879,Neutral,good,1248.6,3.7,0.0,3176.883,3858.473,5660.243,5524.614,3785.140,0.1444,0.1753,0.2572,0.2511,0.1720,1.025,0.682
1850,1849879,Neutral,good,1249.2,3.1,0.0,5175.069,4455.571,2060.344,2661.519,2093.794,0.3147,0.2709,0.1253,0.1618,0.1273,0.774,2.163
1851,1850879,Neutral,good,1249.5,3.0,0.0,8416.578,3113.469,3536.640,6882.837,1379.181,0.3608,0.1335,0.1516,0.2950,0.0591,0.514,0.880
1852,1851879,Neutral,good,1249.2,3.5,0.0,4544.616,5867.853,11547.295,7019.219,1945.066,0.1470,0.1898,0.3734,0.2270,0.0629,1.645,0.508
1853,1852879,Neutral,good,1249.3,4.0,0.0,7684.370,1438.051,3208.211,14868.357,3911.477,0.2470,0.0462,0.1031,0.4779,0.1257,0.216,0.448
1854,1853879,Neutral,good,1249.4,3.2,0.0,3902.575,4924.670,4789.536,1873.535,1114.310,0.2350,0.2966,0.2884,0.1128,0.0671,2.556,1.028
1855,1854879,Neutral,good,1249.2,4.0,0.0,1073.902,11733.002,6332.187,4077.271,1980.450,0.0426,0.4657,0.2513,0.1618,0.0786,1.553,1.853
1856,1855879,Neutral,good,1249.7,2.6,0.0,482.626,2957.886,5387.969,1567.842,1307.968,0.0412,0.2527,0.4603,0.1340,0.1118,3.437,0.549
1857,1856879,Neutral,good,1248.8,3.3,0.0,4298.072,2347.184,3013.199,7885.446,2808.129,0.2112,0.1153,0.1481,0.3875,0.1380,0.382,0.779
1858,1857879,Neutral,good,1247.7,3.1,0.0,4416.707,1281.923,892.868,861.086,951.949,0.5255,0.1525,0.1062,0.1025,0.1133,1.037,1.436
1859,1858879,Neutral,good,1249.9,2.9,0.0,1774.888,986.495,1723.940,4969.633,4188.099,0.1301,0.0723,0.1264,0.3643,0.3070,0.347,0.572
1860,1859879,Neutral,good,1250.0,3.4,0.0,656.922,1396.483,5231.640,9022.687,2149.937,0.0356,0.0757,0.2834,0.4888,0.1165,0.580,0.267
1861,1860879,Neutral,good,1250.3,2.8,0.0,8398.736,403.119,814.365,3163.742,284.210,0.6429,0.0309,0.0623,0.2422,0.0218,0.257,0.495
1862,1861879,Neutral,good,1250.5,3.3,0.0,4010.007,2884.987,2119.199,1917.182,236.352,0.3591,0.2583,0.1898,0.1717,0.0212,1.105,1.361
1863,1862878,Neutral,good,1248.9,3.3,0.0,14524.834,2864.568,1292.848,2030.126,538.095,0.6835,0.1348,0.0608,0.0955,0.0253,0.637,2.216
1864,1863878,Neutral,good,1248.4,3.8,0.0,13938.257,3736.264,693.777,3288.227,1044.037,0.6140,0.1646,0.0306,0.1449,0.0460,0.211,5.385
1865,1864878,Neutral,good,1247.7,3.8,0.0,13208.375,7779.375,4475.330,2514.870,508.864,0.4637,0.2731,0.1571,0.0883,0.0179,1.780,1.738
1866,1865878,Neutral,good,1249.0,3.4,0.0,12943.014,2733.972,7985.891,9123.172,1890.627,0.3732,0.0788,0.2303,0.2631,0.0545,0.875,0.342
1867,1866878,Neutral,good,1248.5,2.8,0.0,4993.491,5537.942,2393.038,4810.875,1095.738,0.2652,0.2941,0.1271,0.2555,0.0582,0.497,2.314
1868,1867878,Neutral,good,1249.4,3.0,0.0,4643.319,4628.575,863.407,1197.896,2488.512,0.3359,0.3349,0.0625,0.0867,0.1800,0.721,5.361
1869,1868878,Neutral,good,1248.9,3.1,0.0,1556.584,1476.848,1139.880,2286.307,3654.832,0.1539,0.1460,0.1127,0.2260,0.3613,0.499,1.296
1870,1869878,Neutral,good,1248.6,2.9,0.0,1810.546,576.256,2336.176,6682.968,1586.101,0.1394,0.0444,0.1798,0.5144,0.1221,0.350,0.247
1871,1870878,Neutral,good,1249.0,3.4,0.0,3143.680,341.766,634.546,9224.233,3441.824,0.1873,0.0204,0.0378,0.5495,0.2050,0.069,0.539
1872,1871878,Neutral,good,1248.7,3.5,0.0,5618.799,2226.567,1501.602,6789.043,2151.959,0.3072,0.1218,0.0821,0.3712,0.1177,0.221,1.483
1873,1872878,Neutral,good,1234.5,19.4,0.0,217999.531,3765.301,5728.337,5665.844,2338.464,0.9257,0.0160,0.0243,0.0241,0.0099,1.011,0.657
1874,1873878,Neutral,good,1196.8,26.7,0.0,527261.562,36077.508,9536.200,10254.896,2473.681,0.9004,0.0616,0.0163,0.0175,0.0042,0.930,3.783
1875,1874878,Neutral,good,1196.5,6.1,0.0,16589.779,1780.400,1538.224,1067.007,1691.775,0.7319,0.0785,0.0679,0.0471,0.0746,1.442,1.157
1876,1875878,Neutral,good,1196.3,9.7,0.0,157138.922,6765.659,664.138,1419.185,905.826,0.9416,0.0405,0.0040,0.0085,0.0054,0.468,10.187
1877,1876878,Neutral,good,1185.7,5.5,0.0,20370.371,4297.946,6156.743,8257.805,701.462,0.5120,0.1080,0.1548,0.2076,0.0176,0.746,0.698
1878,1877877,Neutral,good,1185.1,7.1,0.0,56270.062,1710.322,1775.604,9419.855,1393.137,0.7974,0.0242,0.0252,0.1335,0.0197,0.188,0.963
1879,1878878,Neutral,good,1184.7,6.4,0.0,74284.203,5984.413,2300.158,3648.771,603.263,0.8556,0.0689,0.0265,0.0420,0.0069,0.630,2.602
1880,1879877,Neutral,good,1186.1,5.3,0.0,25512.166,4640.461,942.691,3098.984,6051.767,0.6339,0.1153,0.0234,0.0770,0.1504,0.304,4.923
1881,1880877,Neutral,good,1184.5,2.8,0.0,301.671,1198.606,2073.034,6635.353,1760.310,0.0252,0.1001,0.1732,0.5544,0.1471,0.312,0.578
1882,1881877,Neutral,good,1182.8,3.0,0.0,5342.875,738.554,887.453,2808.834,1090.867,0.4916,0.0680,0.0817,0.2584,0.1004,0.316,0.832
1883,1882877,Neutral,good,1182.3,3.4,0.0,6488.137,2896.424,6984.218,3632.518,3533.845,0.2757,0.1231,0.2968,0.1543,0.1502,1.923,0.415
1884,1883877,Neutral,good,1180.8,3.9,0.0,7741.761,3063.920,4789.841,3981.162,1147.282,0.3736,0.1478,0.2311,0.1921,0.0554,1.203,0.640
1885,1884877,Neutral,good,1180.0,3.4,0.0,8254.653,1716.816,2592.214,5077.818,2510.191,0.4096,0.0852,0.1286,0.2520,0.1246,0.510,0.662
1886,1885877,Neutral,good,1179.7,3.0,0.0,4748.147,3149.532,4225.192,7873.298,2843.548,0.2079,0.1379,0.1850,0.3447,0.1245,0.537,0.745
1887,1886877,Neutral,good,1179.3,2.9,0.0,3644.255,2239.400,2438.973,4732.197,971.747,0.2598,0.1597,0.1739,0.3374,0.0693,0.515,0.918
1888,1887877,Neutral,good,1178.8,3.2,0.0,3536.042,3280.114,3493.867,6976.957,3618.685,0.1691,0.1569,0.1671,0.3337,0.1731,0.501,0.939
1889,1888877,Neutral,good,1179.3,2.8,0.0,2868.940,2314.507,503.204,2399.543,1140.763,0.3109,0.2508,0.0545,0.2601,0.1236,0.210,4.600
1890,1889877,Neutral,good,1177.8,3.4,0.0,23285.441,8210.898,3406.017,1786.196,618.973,0.6241,0.2201,0.0913,0.0479,0.0166,1.907,2.411
1891,1890877,Neutral,good,1178.8,2.1,0.0,2177.655,1043.225,824.757,1782.323,245.337,0.3586,0.1718,0.1358,0.2935,0.0404,0.463,1.265
1892,1891877,Neutral,good,1178.6,2.8,0.0,1794.602,2351.464,5572.447,4936.230,480.411,0.1186,0.1554,0.3682,0.3261,0.0317,1.129,0.422
1893,1892877,Neutral,good,1178.6,2.7,0.0,3719.031,2428.488,2372.966,4033.114,837.049,0.2777,0.1814,0.1772,0.3012,0.0625,0.588,1.023
1894,1893877,Neutral,good,1177.9,2.9,0.0,6379.896,4119.264,3177.254,2922.693,1599.298,0.3506,0.2264,0.1746,0.1606,0.0879,1.087,1.296
1895,1894876,Neutral,good,1178.3,2.7,0.0,3980.585,3590.050,511.125,6516.241,1917.158,0.2410,0.2174,0.0309,0.3946,0.1161,0.078,7.024
1896,1895876,Neutral,good,1178.1,2.9,0.0,9945.579,2127.430,3431.656,2485.682,880.957,0.5270,0.1127,0.1818,0.1317,0.0467,1.381,0.620
1897,1896876,Neutral,good,1178.2,2.8,0.0,4776.029,467.545,293.366,1028.124,506.070,0.6754,0.0661,0.0415,0.1454,0.0716,0.285,1.594
1898,1897876,Neutral,good,1178.3,2.6,0.0,6252.092,502.805,467.146,1806.467,1162.935,0.6135,0.0493,0.0458,0.1773,0.1141,0.259,1.076
1899,1898876,Neutral,good,1178.2,3.0,0.0,5701.754,2012.331,1997.794,1283.080,758.981,0.4851,0.1712,0.1700,0.1092,0.0646,1.557,1.007
1900,1899876,Neutral,good,1178.0,3.2,0.0,2862.443,1482.990,2049.435,14169.342,924.888,0.1332,0.0690,0.0954,0.6594,0.0430,0.145,0.724
1901,1900876,Neutral,good,1177.8,3.2,0.0,9821.477,4863.970,2194.818,4117.014,1344.897,0.4396,0.2177,0.0982,0.1843,0.0602,0.533,2.216
1902,1901876,Neutral,good,1177.6,3.5,0.0,4882.490,2672.182,1935.070,4568.566,1861.288,0.3067,0.1679,0.1216,0.2870,0.1169,0.424,1.381
1903,1902876,Neutral,good,1177.9,2.6,0.0,6409.497,1988.261,845.250,2357.467,3213.112,0.4327,0.1342,0.0571,0.1591,0.2169,0.359,2.352
1904,1903876,Neutral,good,1177.6,3.1,0.0,6313.015,4533.154,1020.154,1147.373,983.088,0.4510,0.3239,0.0729,0.0820,0.0702,0.889,4.444
1905,1904876,Neutral,good,1176.8,2.9,0.0,5081.404,571.206,209.135,1293.477,795.357,0.6391,0.0718,0.0263,0.1627,0.1000,0.162,2.731
1906,1905876,Neutral,good,1177.6,2.7,0.0,2252.188,3148.398,943.880,3635.582,2631.183,0.1786,0.2497,0.0748,0.2883,0.2086,0.260,3.336
1907,1906876,Neutral,good,1178.2,2.5,0.0,3011.775,265.942,842.168,680.451,592.637,0.5585,0.0493,0.1562,0.1262,0.1099,1.238,0.316
1908,1907876,Neutral,good,1177.6,2.6,0.0,7949.001,1862.496,864.374,2228.067,508.309,0.5927,0.1389,0.0644,0.1661,0.0379,0.388,2.155
1909,1908876,Neutral,good,1177.6,3.2,0.0,2484.046,430.914,1300.029,9744.098,1919.088,0.1564,0.0271,0.0819,0.6137,0.1209,0.133,0.331
1910,1909876,Neutral,good,1177.9,3.1,0.0,3333.304,805.113,1047.727,4595.746,1722.914,0.2897,0.0700,0.0911,0.3995,0.1498,0.228,0.768
1911,1910875,Neutral,good,1177.3,3.0,0.0,5326.858,473.497,2434.596,2225.615,490.962,0.4864,0.0432,0.2223,0.2032,0.0448,1.094,0.194
1912,1911875,Neutral,good,1177.5,2.9,0.0,6393.239,2779.057,2062.206,8210.576,3369.580,0.2802,0.1218,0.0904,0.3599,0.1477,0.251,1.348
1913,1912875,Neutral,good,1176.5,3.7,0.0,26067.162,3125.960,2084.133,2576.696,607.569,0.7564,0.0907,0.0605,0.0748,0.0176,0.809,1.500
1914,1913875,Neutral,good,1176.6,3.0,0.0,7821.393,3781.319,1254.488,3196.810,1248.241,0.4520,0.2185,0.0725,0.1848,0.0721,0.392,3.014
1915,1914875,Neutral,good,1177.3,3.4,0.0,2031.926,2392.474,4951.135,3402.157,1610.380,0.1412,0.1663,0.3441,0.2365,0.1119,1.455,0.483
1916,1915875,Neutral,good,1176.6,3.1,0.0,4441.727,2962.312,1498.288,1920.279,210.832,0.4026,0.2685,0.1358,0.1740,0.0191,0.780,1.977
1917,1916875,Neutral,good,1176.0,2.8,0.0,2906.978,754.068,2246.050,4883.804,1900.460,0.2291,0.0594,0.1770,0.3848,0.1497,0.460,0.336
1918,1917875,Neutral,good,1175.9,3.2,0.0,1911.338,4126.787,1374.490,1461.429,960.836,0.1943,0.4196,0.1398,0.1486,0.0977,0.941,3.002
1919,1918875,Neutral,good,1176.7,2.7,0.0,3110.681,5201.288,2330.279,1560.775,2553.757,0.2108,0.3525,0.1579,0.1058,0.1731,1.493,2.232
1920,1919875,Neutral,good,1177.4,2.3,0.0,688.553,2928.888,1749.845,3448.325,1922.975,0.0641,0.2727,0.1629,0.3211,0.1791,0.507,1.674
1921,1920875,Neutral,good,1176.4,3.2,0.0,3799.054,3280.932,3284.691,2381.790,738.147,0.2817,0.2433,0.2436,0.1766,0.0547,1.379,0.999
1922,1921875,Neutral,good,1177.0,2.9,0.0,4837.492,1279.218,1741.911,1676.672,1125.637,0.4538,0.1200,0.1634,0.1573,0.1056,1.039,0.734
1923,1922875,Neutral,good,1176.8,3.0,0.0,10157.296,3887.296,3098.672,1550.158,234.445,0.5366,0.2054,0.1637,0.0819,0.0124,1.999,1.255
1924,1923875,Neutral,good,1177.0,2.9,0.0,7161.822,1434.846,494.651,1623.169,646.217,0.6304,0.1263,0.0435,0.1429,0.0569,0.305,2.901
1925,1924875,Neutral,good,1177.0,2.7,0.0,1250.818,4567.589,2902.118,2133.814,541.746,0.1098,0.4008,0.2547,0.1872,0.0475,1.360,1.574
1926,1925874,Neutral,good,1176.9,2.9,0.0,1178.934,461.109,1987.948,3593.028,663.384,0.1495,0.0585,0.2521,0.4557,0.0841,0.553,0.232
1927,1926874,Neutral,good,1176.4,3.1,0.0,1398.696,2132.966,2902.690,2868.465,3134.876,0.1125,0.1715,0.2334,0.2306,0.2520,1.012,0.735
1928,1927874,Neutral,good,1176.6,3.0,0.0,3089.560,3486.817,6105.136,7180.938,248.912,0.1536,0.1734,0.3036,0.3571,0.0124,0.850,0.571
1929,1928874,Neutral,good,1176.8,3.0,0.0,7900.503,837.312,2614.985,2149.728,1929.419,0.5120,0.0543,0.1695,0.1393,0.1250,1.216,0.320
1930,1929874,Neutral,good,1176.8,3.0,0.0,5042.971,2916.176,1666.768,1941.913,783.725,0.4083,0.2361,0.1349,0.1572,0.0635,0.858,1.750
1931,1930874,Neutral,good,1176.5,3.0,0.0,4642.984,1676.442,2488.568,6145.426,2586.810,0.2647,0.0956,0.1419,0.3504,0.1475,0.405,0.674
1932,1931874,Neutral,good,1176.8,2.9,0.0,19817.266,11806.159,4950.055,2062.664,1373.951,0.4953,0.2951,0.1237,0.0516,0.0343,2.400,2.385
1933,1932874,Neutral,good,1176.9,2.8,0.0,7413.312,7661.630,4169.947,2301.982,828.353,0.3313,0.3424,0.1864,0.1029,0.0370,1.811,1.837
1934,1933874,Neutral,good,1177.0,3.0,0.0,2461.220,1846.354,1684.510,2363.527,1965.225,0.2385,0.1789,0.1632,0.2290,0.1904,0.713,1.096
1935,1934874,Neutral,good,1177.1,2.8,0.0,2752.721,2219.290,1115.873,2186.322,162.197,0.3263,0.2631,0.1323,0.2592,0.0192,0.510,1.989
1936,1935874,Neutral,good,1177.6,3.0,0.0,1863.170,887.695,2424.488,2424.087,1468.048,0.2055,0.0979,0.2674,0.2673,0.1619,1.000,0.366
1937,1936874,Neutral,good,1177.7,2.5,0.0,6034.618,3362.975,2389.242,822.566,707.585,0.4532,0.2525,0.1794,0.0618,0.0531,2.905,1.408
1938,1937874,Neutral,good,1177.1,3.2,0.0,6553.354,8898.767,11553.581,11420.138,339.836,0.1691,0.2296,0.2980,0.2946,0.0088,1.012,0.770
1939,1938874,Neutral,good,1177.3,2.8,0.0,2204.709,1305.212,1318.740,1733.163,1275.754,0.2813,0.1665,0.1683,0.2211,0.1628,0.761,0.990
1940,1939874,Neutral,good,1177.2,3.2,0.0,6708.880,982.023,262.758,1272.996,6748.614,0.4200,0.0615,0.0164,0.0797,0.4224,0.206,3.737
1941,1940873,Neutral,good,1176.9,2.7,0.0,5081.222,2936.585,4721.135,1204.142,1076.725,0.3383,0.1955,0.3143,0.0802,0.0717,3.921,0.622
1942,1941873,Neutral,good,1177.2,2.8,0.0,5169.188,3204.285,430.520,1461.544,1528.418,0.4383,0.2717,0.0365,0.1239,0.1296,0.295,7.443
1943,1942873,Neutral,good,1176.9,3.3,0.0,1180.873,1804.641,2974.538,2397.679,1445.492,0.1205,0.1841,0.3034,0.2446,0.1475,1.241,0.607
1944,1943873,Neutral,good,1176.7,3.4,0.0,4388.133,4938.948,576.602,2188.053,1998.603,0.3114,0.3505,0.0409,0.1553,0.1418,0.264,8.566
1945,1944873,Neutral,good,1177.0,3.4,0.0,1261.281,6424.642,8894.273,7569.315,2205.096,0.0479,0.2438,0.3375,0.2872,0.0837,1.175,0.722
1946,1945873,Neutral,good,1177.0,2.7,0.0,3661.333,4369.983,2982.596,1435.614,857.070,0.2752,0.3284,0.2241,0.1079,0.0644,2.078,1.465
1947,1946873,Neutral,good,1177.0,3.0,0.0,5427.433,8774.901,5517.183,2906.218,605.811,0.2336,0.3777,0.2375,0.1251,0.0261,1.898,1.590
1948,1947873,Neutral,good,1176.4,3.4,0.0,2818.339,2133.429,1405.361,1495.216,1026.037,0.3174,0.2403,0.1583,0.1684,0.1156,0.940,1.518
1949,1948873,Neutral,good,1177.3,2.7,0.0,8344.862,863.578,1677.036,2769.617,968.439,0.5706,0.0591,0.1147,0.1894,0.0662,0.606,0.515
1950,1949873,Neutral,good,1176.4,3.4,0.0,5145.542,2683.048,1513.062,5249.771,670.485,0.3371,0.1758,0.0991,0.3440,0.0439,0.288,1.773
1951,1950873,Neutral,good,1176.5,3.1,0.0,4409.496,788.837,959.857,3742.590,939.395,0.4068,0.0728,0.0885,0.3453,0.0867,0.256,0.822
1952,1951873,Neutral,good,1176.5,2.8,0.0,2467.360,3735.150,1448.003,2030.194,1825.707,0.2144,0.3246,0.1258,0.1764,0.1587,0.713,2.580
1953,1952873,Neutral,good,1176.4,2.9,0.0,4129.396,1315.449,778.358,9412.442,432.837,0.2570,0.0819,0.0484,0.5858,0.0269,0.083,1.690
1954,1953873,Neutral,good,1176.7,2.7,0.0,2291.679,783.664,1984.861,2275.246,1881.988,0.2486,0.0850,0.2153,0.2468,0.2042,0.872,0.395
1955,1954873,Neutral,good,1176.5,2.9,0.0,4100.959,1478.644,1391.976,5828.204,1123.444,0.2945,0.1062,0.1000,0.4186,0.0807,0.239,1.062
1956,1955873,Neutral,good,1176.6,2.5,0.0,1582.117,2612.507,2884.955,3140.725,898.761,0.1423,0.2350,0.2595,0.2825,0.0808,0.919,0.906
1957,1956872,Neutral,good,1176.6,2.7,0.0,1784.309,2991.432,1143.784,2985.061,1257.734,0.1756,0.2944,0.1126,0.2937,0.1238,0.383,2.615
1958,1957872,Neutral,good,1176.5,2.9,0.0,1666.564,1597.125,3364.428,4914.719,1371.801,0.1290,0.1237,0.2605,0.3806,0.1062,0.685,0.475
1959,1958872,Neutral,good,1176.9,2.8,0.0,3611.810,5119.790,1340.374,2715.071,670.949,0.2684,0.3804,0.0996,0.2017,0.0499,0.494,3.820
1960,1959872,Neutral,good,1176.8,2.7,0.0,1824.411,2046.761,1291.670,2151.624,1932.113,0.1973,0.2214,0.1397,0.2327,0.2090,0.600,1.585
1961,1960872,Neutral,good,1176.8,3.0,0.0,12433.489,3055.285,3856.242,13639.100,3746.188,0.3385,0.0832,0.1050,0.3713,0.1020,0.283,0.792
1962,1961872,Neutral,good,1176.9,2.4,0.0,3769.672,1122.558,2967.418,2886.324,747.600,0.3280,0.0977,0.2582,0.2511,0.0650,1.028,0.378
1963,1962872,Neutral,good,1177.4,3.0,0.0,5886.558,6065.900,4372.417,1457.362,1117.259,0.3115,0.3210,0.2314,0.0771,0.0591,3.000,1.387
1964,1963872,Neutral,good,1176.6,3.2,0.0,4338.781,635.956,583.731,1406.479,1195.073,0.5317,0.0779,0.0715,0.1724,0.1465,0.415,1.089
1965,1964872,Neutral,good,1176.4,3.1,0.0,8754.922,975.005,604.295,1737.780,672.491,0.6870,0.0765,0.0474,0.1364,0.0528,0.348,1.613
1966,1965872,Neutral,good,1176.3,3.0,0.0,2833.254,3431.324,1657.178,2010.765,2035.689,0.2367,0.2867,0.1385,0.1680,0.1701,0.824,2.071
1967,1966872,Neutral,good,1176.5,2.5,0.0,2809.163,1470.142,1121.732,732.154,177.770,0.4451,0.2330,0.1777,0.1160,0.0282,1.532,1.311
1968,1967872,Neutral,good,1176.9,3.0,0.0,9414.312,9001.600,2923.782,5675.440,451.193,0.3428,0.3277,0.1064,0.2066,0.0164,0.515,3.079
1969,1968872,Neutral,good,1176.5,3.3,0.0,7345.247,4303.570,3868.268,3883.869,1449.658,0.3523,0.2064,0.1855,0.1863,0.0695,0.996,1.113
1970,1969872,Neutral,good,1176.3,3.0,0.0,8630.015,654.193,361.366,954.809,1075.266,0.7391,0.0560,0.0310,0.0818,0.0921,0.378,1.810
1971,1970872,Neutral,good,1176.7,2.5,0.0,5429.247,1006.539,1181.975,1280.419,1587.453,0.5178,0.0960,0.1127,0.1221,0.1514,0.923,0.852
1972,1971872,Neutral,good,1176.1,3.3,0.0,7553.677,743.075,2698.555,1944.316,540.789,0.5603,0.0551,0.2002,0.1442,0.0401,1.388,0.275
1973,1972871,Neutral,good,1175.4,3.2,0.0,4830.588,825.237,673.087,1860.080,1589.396,0.4940,0.0844,0.0688,0.1902,0.1625,0.362,1.226
1974,1973871,Neutral,good,1175.6,2.3,0.0,1685.791,1078.202,1610.531,1816.480,268.255,0.2610,0.1669,0.2493,0.2812,0.0415,0.887,0.669
1975,1974871,Neutral,good,1175.7,2.9,0.0,968.737,4130.536,6369.923,3865.221,735.116,0.0603,0.2570,0.3964,0.2405,0.0457,1.648,0.648
1976,1975871,Neutral,good,1176.1,2.4,0.0,3335.089,687.271,680.449,3046.580,732.034,0.3932,0.0810,0.0802,0.3592,0.0863,0.223,1.010
1977,1976871,Neutral,good,1174.9,2.8,0.0,8222.092,1729.292,1498.973,1082.917,886.678,0.6127,0.1289,0.1117,0.0807,0.0661,1.384,1.154
1978,1977871,Neutral,good,1174.7,3.4,0.0,3401.617,1715.006,4304.608,3962.830,947.898,0.2373,0.1197,0.3004,0.2765,0.0661,1.086,0.398
1979,1978871,Neutral,good,1175.8,2.7,0.0,3447.508,2719.020,350.078,1225.701,1211.378,0.3850,0.3037,0.0391,0.1369,0.1353,0.286,7.767
1980,1979871,Neutral,good,1175.5,3.0,0.0,5283.045,8477.458,4270.646,3797.901,1939.852,0.2223,0.3567,0.1797,0.1598,0.0816,1.124,1.985
1981,1980871,Neutral,good,1175.1,3.1,0.0,2353.579,3512.301,5260.868,6938.060,2409.220,0.1150,0.1715,0.2570,0.3389,0.1177,0.758,0.668
1982,1981871,Neutral,good,1176.0,2.4,0.0,1164.480,1961.418,1743.567,1795.769,752.107,0.1570,0.2644,0.2351,0.2421,0.1014,0.971,1.125
1983,1982871,Neutral,good,1175.7,3.3,0.0,6141.736,389.519,1250.792,2121.176,1577.498,0.5350,0.0339,0.1089,0.1848,0.1374,0.590,0.311
1984,1983871,Neutral,good,1175.4,3.4,0.0,12148.145,2536.732,4018.228,9992.787,2967.688,0.3837,0.0801,0.1269,0.3156,0.0937,0.402,0.631
1985,1984871,Neutral,good,1175.4,3.1,0.0,10705.206,2380.143,3649.432,3419.720,1478.443,0.4949,0.1100,0.1687,0.1581,0.0683,1.067,0.652
1986,1985871,Neutral,good,1175.4,3.5,0.0,8687.479,4244.709,1467.035,1737.042,1223.157,0.5004,0.2445,0.0845,0.1001,0.0705,0.845,2.893
1987,1986871,Neutral,good,1176.1,2.8,0.0,613.065,1231.727,3837.951,1545.814,1961.657,0.0667,0.1340,0.4176,0.1682,0.2135,2.483,0.321
1988,1987871,Neutral,good,1175.7,2.9,0.0,3693.903,466.734,704.426,2815.092,403.589,0.4570,0.0577,0.0871,0.3482,0.0499,0.250,0.663
1989,1988870,Neutral,good,1175.5,3.6,0.0,14047.696,3597.524,4009.474,4121.104,1436.948,0.5162,0.1322,0.1473,0.1514,0.0528,0.973,0.897
1990,1989870,Neutral,good,1175.4,3.1,0.0,1287.320,7839.636,6150.276,2105.788,663.163,0.0713,0.4344,0.3408,0.1167,0.0367,2.921,1.275
1991,1990870,Neutral,good,1175.3,3.1,0.0,4943.493,1407.836,999.156,1219.073,798.953,0.5277,0.1503,0.1067,0.1301,0.0853,0.820,1.409
1992,1991870,Neutral,good,1175.2,3.0,0.0,3704.642,1124.642,2445.298,2871.915,1978.328,0.3055,0.0928,0.2017,0.2369,0.1632,0.851,0.460
1993,1992870,Neutral,good,1174.3,3.3,0.0,5244.377,3808.155,2574.358,11454.974,1165.830,0.2163,0.1571,0.1062,0.4724,0.0481,0.225,1.479
1994,1993870,Neutral,good,1176.0,3.1,0.0,5898.771,7769.396,3383.490,1355.140,1196.406,0.3009,0.3963,0.1726,0.0691,0.0610,2.497,2.296
1995,1994870,Neutral,good,1175.3,3.4,0.0,4789.913,10824.457,9194.465,2704.464,1848.034,0.1631,0.3687,0.3131,0.0921,0.0629,3.400,1.177
1996,1995870,Neutral,good,1175.4,3.3,0.0,3009.417,4113.752,5567.003,4008.402,781.271,0.1722,0.2353,0.3185,0.2293,0.0447,1.389,0.739
1997,1996870,Neutral,good,1175.4,3.8,0.0,27336.605,10813.285,4793.031,5265.321,3241.718,0.5313,0.2102,0.0932,0.1023,0.0630,0.910,2.256
1998,1997870,Neutral,good,1176.2,3.4,0.0,10389.388,834.647,3752.518,3250.935,1766.516,0.5196,0.0417,0.1877,0.1626,0.0884,1.154,0.222
1999,1998870,Neutral,good,1175.6,3.7,0.0,5832.448,3438.631,694.548,1686.675,409.097,0.4836,0.2851,0.0576,0.1398,0.0339,0.412,4.951
2000,1999870,Neutral,good,1175.2,3.2,0.0,3293.017,3731.289,339.108,2851.821,989.586,0.2939,0.3330,0.0303,0.2545,0.0883,0.119,11.003
2001,2000870,Neutral,good,1175.3,3.1,0.0,1186.037,5995.827,3362.996,2537.366,2550.006,0.0759,0.3836,0.2151,0.1623,0.1631,1.325,1.783
2002,2001870,Neutral,good,1174.9,3.2,0.0,1491.647,2639.826,4313.365,3203.935,606.745,0.1217,0.2154,0.3520,0.2614,0.0495,1.346,0.612
2003,2002870,Neutral,good,1174.5,3.4,0.0,7708.642,5356.203,2940.083,11261.639,2247.406,0.2612,0.1815,0.0996,0.3816,0.0761,0.261,1.822
2004,2003870,Neutral,good,1174.2,2.7,0.0,6666.801,2951.876,2751.794,2661.727,352.338,0.4333,0.1919,0.1789,0.1730,0.0229,1.034,1.073
2005,2004869,Neutral,good,1174.7,3.0,0.0,1575.610,4097.671,2297.741,2918.299,1362.128,0.1286,0.3345,0.1875,0.2382,0.1112,0.787,1.783
2006,2005869,Neutral,good,1175.6,3.3,0.0,1167.527,866.608,973.883,5520.527,890.797,0.1239,0.0920,0.1034,0.5861,0.0946,0.176,0.890
2007,2006869,Neutral,good,1113.5,62.0,0.0,15128279.000,1826208.375,366651.594,164669.781,58444.277,0.8623,0.1041,0.0209,0.0094,0.0033,2.227,4.981
2008,2007869,Neutral,good,1105.4,18.0,0.0,70234.500,14346.594,11601.403,16147.054,4552.771,0.6009,0.1227,0.0993,0.1381,0.0390,0.718,1.237
2009,2008869,Neutral,good,1120.3,21.1,0.0,729018.000,8825.362,3316.059,1626.535,507.851,0.9808,0.0119,0.0045,0.0022,0.0007,2.039,2.661
2010,2009869,Neutral,good,1147.6,40.4,0.0,5832275.000,288029.281,51171.727,14693.164,4734.904,0.9421,0.0465,0.0083,0.0024,0.0008,3.483,5.629
2011,2010869,Neutral,good,1155.9,19.8,0.0,170248.328,25256.354,7888.633,10684.034,3288.912,0.7832,0.1162,0.0363,0.0492,0.0151,0.738,3.202
2012,2011869,Neutral,good,1163.9,8.7,0.0,111759.898,4855.908,1851.958,4488.382,3069.972,0.8868,0.0385,0.0147,0.0356,0.0244,0.413,2.622
2013,2012869,Neutral,good,1179.7,5.5,0.0,7571.557,1660.885,669.862,1783.351,351.149,0.6290,0.1380,0.0557,0.1482,0.0292,0.376,2.479
2014,2013869,Neutral,good,1181.0,10.9,0.0,209922.750,7453.951,3576.004,2617.268,1542.503,0.9325,0.0331,0.0159,0.0116,0.0069,1.366,2.084
2015,2014869,Neutral,good,1182.2,13.4,0.0,200717.219,3257.884,2496.462,8235.844,4184.022,0.9170,0.0149,0.0114,0.0376,0.0191,0.303,1.305
2016,2015869,Neutral,good,1181.6,12.3,0.0,192242.766,2435.675,2216.967,13290.311,3646.702,0.8990,0.0114,0.0104,0.0622,0.0171,0.167,1.099
2017,2016869,Neutral,good,1180.9,8.5,0.0,93340.875,3025.529,4777.658,5531.542,334.499,0.8723,0.0283,0.0446,0.0517,0.0031,0.864,0.633
2018,2017869,Neutral,good,1179.9,5.2,0.0,16866.953,2750.101,1981.810,3027.900,1723.927,0.6401,0.1044,0.0752,0.1149,0.0654,0.655,1.388
2019,2018869,Neutral,good,1179.2,3.3,0.0,6663.829,2555.408,2721.000,1439.730,767.782,0.4710,0.1806,0.1923,0.1018,0.0543,1.890,0.939
2020,2019869,Neutral,good,1179.1,2.7,0.0,764.528,894.987,877.219,1166.690,1227.558,0.1550,0.1815,0.1779,0.2366,0.2489,0.752,1.020
2021,2020868,Neutral,good,1178.6,2.1,0.0,772.411,990.616,1036.555,2574.145,1060.958,0.1200,0.1539,0.1611,0.4000,0.1649,0.403,0.956
2022,2021868,Neutral,good,1178.0,2.7,0.0,98.592,1843.814,2744.613,3395.532,1606.534,0.0102,0.1903,0.2833,0.3504,0.1658,0.808,0.672
2023,2022868,Neutral,good,1178.4,2.6,0.0,2850.437,7462.907,1463.738,2876.700,1224.406,0.1795,0.4700,0.0922,0.1812,0.0771,0.509,5.099
2024,2023868,Neutral,good,1178.4,2.7,0.0,6483.239,7041.265,6105.528,8819.390,1468.831,0.2167,0.2354,0.2041,0.2948,0.0491,0.692,1.153
2025,2024868,Neutral,good,1178.0,3.0,0.0,5978.693,2360.187,565.453,3543.762,1000.855,0.4445,0.1755,0.0420,0.2635,0.0744,0.160,4.174
2026,2025868,Neutral,good,1178.1,2.8,0.0,10879.723,4100.832,1628.118,2478.446,1365.005,0.5320,0.2005,0.0796,0.1212,0.0667,0.657,2.519
2027,2026868,Neutral,good,1178.7,3.2,0.0,1020.706,2071.174,3108.055,2372.165,1218.518,0.1043,0.2115,0.3175,0.2423,0.1245,1.310,0.666
2028,2027868,Neutral,good,1178.6,3.1,0.0,3061.406,1118.849,831.236,4065.054,1505.692,0.2893,0.1057,0.0786,0.3841,0.1423,0.204,1.346
2029,2028868,Neutral,good,1178.4,3.1,0.0,3966.000,988.330,481.448,2646.207,478.950,0.4633,0.1154,0.0562,0.3091,0.0559,0.182,2.053
2030,2029868,Neutral,good,1177.9,3.0,0.0,4962.249,4271.345,2448.360,2523.337,761.455,0.3316,0.2854,0.1636,0.1686,0.0509,0.970,1.745
2031,2030868,Neutral,good,1179.0,3.1,0.0,1619.665,3130.795,3112.903,1875.331,2476.581,0.1326,0.2563,0.2548,0.1535,0.2027,1.660,1.006
2032,2031868,Neutral,good,1179.4,3.2,0.0,3339.535,1267.474,1083.781,2990.847,1391.604,0.3315,0.1258,0.1076,0.2969,0.1381,0.362,1.169
2033,2032868,Neutral,good,1179.0,3.4,0.0,2205.931,2659.164,2309.086,2830.500,1086.381,0.1989,0.2398,0.2082,0.2552,0.0980,0.816,1.152
2034,2033868,Neutral,good,1180.0,2.8,0.0,1596.980,417.578,975.273,855.908,732.880,0.3488,0.0912,0.2130,0.1869,0.1601,1.139,0.428
2035,2034867,Neutral,good,1180.3,3.1,0.0,809.426,746.618,754.251,6180.362,1906.620,0.0778,0.0718,0.0725,0.5944,0.1834,0.122,0.990
2036,2035867,Neutral,good,1179.8,3.3,0.0,3228.076,1815.409,1116.521,1824.151,703.885,0.3716,0.2090,0.1285,0.2100,0.0810,0.612,1.626
2037,2036867,Neutral,good,1180.2,2.9,0.0,3840.000,1539.396,3126.645,2956.240,1425.748,0.2980,0.1194,0.2426,0.2294,0.1106,1.058,0.492
2038,2037867,Neutral,good,1180.9,2.5,0.0,964.766,2754.601,6983.622,9701.654,444.401,0.0463,0.1321,0.3350,0.4653,0.0213,0.720,0.394
2039,2038867,Neutral,good,1180.6,3.4,0.0,9018.531,4680.626,5370.632,2623.496,1026.615,0.3969,0.2060,0.2364,0.1155,0.0452,2.047,0.872
2040,2039867,Neutral,good,1180.7,2.8,0.0,56.972,995.243,1595.012,1847.712,489.897,0.0114,0.1997,0.3200,0.3707,0.0983,0.863,0.624
2041,2040867,Neutral,good,1181.5,3.2,0.0,669.860,2671.401,5906.164,2314.316,594.047,0.0551,0.2198,0.4859,0.1904,0.0489,2.552,0.452
2042,2041867,Neutral,good,1181.3,3.4,0.0,11294.146,3071.706,808.750,5865.458,1361.044,0.5042,0.1371,0.0361,0.2618,0.0608,0.138,3.798
2043,2042867,Neutral,good,1180.7,3.7,0.0,21759.443,2767.127,5106.691,1972.457,903.632,0.6693,0.0851,0.1571,0.0607,0.0278,2.589,0.542
2044,2043867,Neutral,good,1181.7,2.6,0.0,1689.104,2869.865,1622.333,3753.006,418.468,0.1632,0.2772,0.1567,0.3625,0.0404,0.432,1.769
2045,2044867,Neutral,good,1181.1,3.1,0.0,6818.802,2287.061,2581.263,2247.999,606.341,0.4689,0.1573,0.1775,0.1546,0.0417,1.148,0.886
2046,2045867,Neutral,good,1182.2,2.6,0.0,3269.042,813.265,789.493,2458.120,881.854,0.3981,0.0990,0.0961,0.2993,0.1074,0.321,1.030
2047,2046867,Neutral,good,1181.4,3.0,0.0,6462.384,2757.042,2125.038,6134.237,2125.932,0.3296,0.1406,0.1084,0.3129,0.1084,0.346,1.297
2048,2047867,Neutral,good,1181.6,2.8,0.0,14112.183,4340.818,780.652,1834.802,1280.066,0.6315,0.1942,0.0349,0.0821,0.0573,0.425,5.561
2049,2048867,Neutral,good,1182.2,3.1,0.0,5126.302,1590.710,678.157,1382.683,508.156,0.5520,0.1713,0.0730,0.1489,0.0547,0.490,2.346
2050,2049867,Neutral,good,1181.8,4.1,0.0,9778.505,7343.914,2832.345,8941.929,474.322,0.3329,0.2500,0.0964,0.3044,0.0161,0.317,2.593
2051,2050866,Neutral,good,1182.6,2.7,0.0,3704.806,3152.737,222.716,1313.281,1398.783,0.3783,0.3220,0.0227,0.1341,0.1428,0.170,14.156
2052,2051866,Neutral,good,1182.2,3.2,0.0,4431.686,7068.949,7257.127,3211.935,4652.644,0.1665,0.2655,0.2726,0.1206,0.1748,2.259,0.974
2053,2052866,Neutral,good,1182.6,3.0,0.0,4662.564,2647.490,5401.873,4387.344,824.290,0.2601,0.1477,0.3014,0.2448,0.0460,1.231,0.490
2054,2053866,Neutral,good,1183.1,2.7,0.0,3246.999,1575.257,2509.712,1260.119,1144.991,0.3335,0.1618,0.2577,0.1294,0.1176,1.992,0.628
2055,2054866,Neutral,good,1184.3,2.9,0.0,2862.473,2372.284,3945.241,9280.248,1461.507,0.1437,0.1191,0.1980,0.4658,0.0734,0.425,0.601
2056,2055866,Neutral,good,1183.4,3.1,0.0,10430.490,4754.926,3020.459,1589.599,677.231,0.5095,0.2323,0.1475,0.0776,0.0331,1.900,1.574
2057,2056866,Neutral,good,1183.2,3.4,0.0,7331.855,1028.100,1496.535,7546.647,999.340,0.3984,0.0559,0.0813,0.4101,0.0543,0.198,0.687
2058,2057866,Neutral,good,1183.5,3.0,0.0,8017.796,3726.047,4154.395,1973.698,1128.180,0.4220,0.1961,0.2187,0.1039,0.0594,2.105,0.897
2059,2058866,Neutral,good,1184.3,2.7,0.0,631.783,895.679,398.748,11021.050,1131.691,0.0449,0.0636,0.0283,0.7828,0.0804,0.036,2.246
2060,2059866,Neutral,good,1184.1,2.9,0.0,2364.900,3275.080,5013.206,2058.678,657.100,0.1769,0.2450,0.3750,0.1540,0.0492,2.435,0.653
2061,2060866,Neutral,good,1183.4,3.4,0.0,2425.800,2714.682,1660.724,2171.086,1107.307,0.2407,0.2693,0.1648,0.2154,0.1099,0.765,1.635
2062,2061866,Neutral,good,1183.6,2.9,0.0,668.868,848.711,2121.643,5910.011,1054.590,0.0631,0.0800,0.2001,0.5573,0.0995,0.359,0.400
2063,2062866,Neutral,good,1182.7,3.0,0.0,9580.555,3542.330,2737.996,1516.961,931.049,0.5233,0.1935,0.1495,0.0829,0.0509,1.805,1.294
2064,2063866,Neutral,good,1182.8,3.5,0.0,12278.312,9929.829,1167.717,4499.623,1362.372,0.4199,0.3396,0.0399,0.1539,0.0466,0.260,8.504
2065,2064866,Neutral,good,1183.9,2.4,0.0,1768.878,3051.295,3033.524,4468.033,1086.998,0.1319,0.2276,0.2262,0.3332,0.0811,0.679,1.006
2066,2065866,Neutral,good,1184.6,2.7,0.0,2058.740,1652.352,1698.549,1375.860,939.732,0.2665,0.2139,0.2199,0.1781,0.1216,1.235,0.973
2067,2066865,Neutral,good,1185.5,2.4,0.0,1717.443,2739.360,1350.539,1424.852,794.458,0.2140,0.3413,0.1683,0.1775,0.0990,0.948,2.028
2068,2067865,Neutral,good,1186.2,3.0,0.0,1058.029,1635.302,1396.617,1778.929,1896.958,0.1362,0.2106,0.1798,0.2291,0.2443,0.785,1.171
2069,2068865,Neutral,good,1186.3,3.2,0.0,9645.569,7393.878,3871.515,4784.729,5045.144,0.3138,0.2405,0.1259,0.1556,0.1641,0.809,1.910
2070,2069865,Neutral,good,1186.2,3.5,0.0,10061.336,7600.040,2512.124,7098.612,737.976,0.3592,0.2713,0.0897,0.2534,0.0263,0.354,3.025
2071,2070865,Neutral,good,1186.0,3.4,0.0,7962.871,1896.487,2293.414,5128.008,722.775,0.4423,0.1053,0.1274,0.2848,0.0401,0.447,0.827
2072,2071865,Neutral,good,1186.2,3.4,0.0,15732.760,1828.759,1774.486,2807.629,812.399,0.6853,0.0797,0.0773,0.1223,0.0354,0.632,1.031
2073,2072865,Neutral,good,1185.3,3.7,0.0,11510.623,13392.085,8316.510,5557.508,1920.339,0.2828,0.3291,0.2044,0.1366,0.0472,1.496,1.610
2074,2073865,Neutral,good,1185.0,3.2,0.0,6133.617,1919.055,727.338,1182.116,424.347,0.5905,0.1848,0.0700,0.1138,0.0409,0.615,2.638
2075,2074865,Neutral,good,1185.5,3.0,0.0,23.413,1448.415,2798.777,4340.053,4201.241,0.0018,0.1131,0.2185,0.3388,0.3279,0.645,0.518
2076,2075865,Neutral,good,1185.9,2.9,0.0,492.115,2248.416,1237.254,6983.410,1684.338,0.0389,0.1778,0.0978,0.5522,0.1332,0.177,1.817
2077,2076865,Neutral,good,1186.6,3.0,0.0,1848.476,1436.238,2780.999,1633.752,784.370,0.2179,0.1693,0.3278,0.1926,0.0925,1.702,0.516
2078,2077865,Neutral,good,1186.3,2.8,0.0,4252.207,1393.889,1813.094,580.219,552.586,0.4949,0.1622,0.2110,0.0675,0.0643,3.125,0.769
2079,2078865,Neutral,good,1186.5,3.3,0.0,1625.097,2911.707,5458.158,3438.666,1235.927,0.1108,0.1985,0.3721,0.2344,0.0843,1.587,0.533
2080,2079865,Neutral,good,1186.5,3.0,0.0,2184.169,847.732,734.303,7529.395,2997.451,0.1528,0.0593,0.0514,0.5268,0.2097,0.098,1.154
2081,2080865,Neutral,good,1186.7,3.6,0.0,34946.023,3507.543,2918.493,3098.525,1718.784,0.7566,0.0759,0.0632,0.0671,0.0372,0.942,1.202
2082,2081864,Neutral,good,1185.8,3.0,0.0,14078.964,1144.321,2114.339,3900.299,1046.628,0.6318,0.0514,0.0949,0.1750,0.0470,0.542,0.541
2083,2082864,Neutral,good,1184.5,3.5,0.0,4349.723,6445.036,4955.130,1234.674,863.818,0.2437,0.3611,0.2776,0.0692,0.0484,4.013,1.301
2084,2083864,Neutral,good,1184.0,2.8,0.0,1180.287,993.942,559.958,1910.162,425.926,0.2328,0.1960,0.1104,0.3767,0.0840,0.293,1.775
2085,2084864,Neutral,good,1183.2,3.4,0.0,12999.808,7477.072,1797.341,3699.624,683.159,0.4877,0.2805,0.0674,0.1388,0.0256,0.486,4.160
2086,2085864,Neutral,good,1183.5,2.6,0.0,1807.623,2100.894,625.901,1053.775,966.243,0.2758,0.3205,0.0955,0.1608,0.1474,0.594,3.357
2087,2086864,Neutral,good,1184.3,2.6,0.0,1101.358,5002.443,1357.081,2775.540,708.678,0.1006,0.4570,0.1240,0.2536,0.0647,0.489,3.686
2088,2087864,Neutral,good,1184.8,3.1,0.0,2215.683,230.662,1708.666,1683.001,1286.704,0.3110,0.0324,0.2398,0.2362,0.1806,1.015,0.135
2089,2088864,Neutral,good,1185.3,3.1,0.0,9513.956,795.840,390.795,1451.990,726.287,0.7387,0.0618,0.0303,0.1127,0.0564,0.269,2.036
2090,2089864,Neutral,good,1185.5,3.5,0.0,23478.846,3211.727,2228.577,5300.567,2256.456,0.6437,0.0881,0.0611,0.1453,0.0619,0.420,1.441
2091,2090864,Neutral,good,1184.8,3.3,0.0,7927.396,3797.154,2288.891,3215.743,627.947,0.4439,0.2126,0.1282,0.1801,0.0352,0.712,1.659
2092,2091864,Neutral,good,1184.4,3.3,0.0,3742.568,2846.361,2393.391,1418.625,1384.582,0.3176,0.2415,0.2031,0.1204,0.1175,1.687,1.189
2093,2092864,Neutral,good,1184.0,2.7,0.0,2850.459,865.656,98.418,454.654,409.417,0.6093,0.1850,0.0210,0.0972,0.0875,0.216,8.796
2094,2093864,Neutral,good,1183.4,3.3,0.0,2862.129,1544.435,2048.529,2546.339,1709.260,0.2672,0.1442,0.1913,0.2377,0.1596,0.804,0.754
2095,2094864,Neutral,good,1184.3,2.8,0.0,524.123,7882.820,5553.729,996.502,2010.766,0.0309,0.4646,0.3273,0.0587,0.1185,5.573,1.419
2096,2095864,Neutral,good,1184.4,2.9,0.0,6525.587,3033.477,497.964,5901.363,2231.943,0.3587,0.1668,0.0274,0.3244,0.1227,0.084,6.092
2097,2096863,Neutral,good,1183.4,2.7,0.0,7615.610,1617.915,1277.019,4639.201,2201.459,0.4389,0.0932,0.0736,0.2674,0.1269,0.275,1.267
2098,2097863,Neutral,good,1183.1,3.0,0.0,6699.630,1336.375,3049.806,3285.860,807.000,0.4414,0.0880,0.2009,0.2165,0.0532,0.928,0.438
2099,2098863,Neutral,good,1183.2,3.2,0.0,15165.625,9121.899,2084.041,5788.507,6219.153,0.3952,0.2377,0.0543,0.1508,0.1620,0.360,4.377
2100,2099863,Neutral,good,1183.1,2.5,0.0,1542.785,660.891,1700.264,3146.236,817.025,0.1961,0.0840,0.2161,0.3999,0.1039,0.540,0.389
2101,2100863,Neutral,good,1184.2,3.1,0.0,234.129,1088.174,2913.910,1987.483,480.662,0.0349,0.1623,0.4346,0.2964,0.0717,1.466,0.373
2102,2101863,Neutral,good,1184.1,3.1,0.0,2712.939,1900.629,460.834,1843.837,1236.717,0.3327,0.2331,0.0565,0.2261,0.1517,0.250,4.124
2103,2102863,Neutral,good,1184.2,3.2,0.0,3567.277,1725.183,1926.264,1767.542,1074.502,0.3546,0.1715,0.1915,0.1757,0.1068,1.090,0.896
2104,2103863,Neutral,good,1183.9,3.3,0.0,8920.885,338.277,721.300,1590.472,427.442,0.7435,0.0282,0.0601,0.1326,0.0356,0.454,0.469
2105,2104863,Neutral,good,1183.7,3.2,0.0,6726.806,375.939,1719.544,5840.072,2231.416,0.3982,0.0223,0.1018,0.3457,0.1321,0.294,0.219
2106,2105863,Neutral,good,1183.7,2.8,0.0,3180.126,1579.740,781.412,4617.043,808.448,0.2900,0.1440,0.0713,0.4210,0.0737,0.169,2.022
2107,2106863,Neutral,good,1184.5,2.8,0.0,5320.265,3718.141,4714.964,4234.007,967.039,0.2807,0.1962,0.2488,0.2234,0.0510,1.114,0.789
2108,2107863,Neutral,good,1185.5,3.4,0.0,14006.246,1793.689,2133.443,3428.681,2255.369,0.5930,0.0759,0.0903,0.1452,0.0955,0.622,0.841
2109,2108863,Neutral,good,1184.3,3.4,0.0,2213.290,209.672,319.561,1716.534,462.078,0.4498,0.0426,0.0649,0.3488,0.0939,0.186,0.656
2110,2109863,Neutral,good,1184.1,3.2,0.0,1923.984,2025.938,1777.861,2431.517,299.483,0.2275,0.2395,0.2102,0.2875,0.0354,0.731,1.140
2111,2110863,Neutral,good,1184.0,2.9,0.0,2811.006,3146.315,2457.805,3347.890,1337.259,0.2146,0.2402,0.1876,0.2556,0.1021,0.734,1.280
2112,2111863,Neutral,good,1184.0,3.1,0.0,3037.722,2932.641,2149.036,3205.362,2817.728,0.2148,0.2074,0.1520,0.2266,0.1992,0.670,1.365
2113,2112863,Neutral,good,1184.5,2.8,0.0,2103.942,1045.488,1411.005,2047.379,1298.622,0.2661,0.1322,0.1785,0.2590,0.1642,0.689,0.741
2114,2113862,Neutral,good,1184.3,2.9,0.0,1943.647,5671.194,670.504,2431.663,6000.316,0.1163,0.3392,0.0401,0.1455,0.3589,0.276,8.458
2115,2114862,Neutral,good,1184.3,2.8,0.0,5278.556,2970.271,3575.420,1711.158,1108.765,0.3605,0.2028,0.2442,0.1168,0.0757,2.089,0.831
2116,2115862,Neutral,good,1185.2,3.1,0.0,1951.700,156.267,710.136,4279.078,989.052,0.2414,0.0193,0.0878,0.5292,0.1223,0.166,0.220
2117,2116862,Neutral,good,1184.7,3.1,0.0,1915.667,2558.881,321.351,1963.712,1607.507,0.2290,0.3058,0.0384,0.2347,0.1921,0.164,7.963
2118,2117862,Neutral,good,1184.3,2.9,0.0,3125.583,1181.079,2380.063,1620.983,547.174,0.3530,0.1334,0.2688,0.1831,0.0618,1.468,0.496
2119,2118862,Neutral,good,1184.6,3.3,0.0,10138.867,3238.990,2835.929,5904.647,4906.863,0.3752,0.1199,0.1049,0.2185,0.1816,0.480,1.142
2120,2119862,Neutral,good,1184.8,2.9,0.0,3905.474,2675.889,4402.529,4146.834,544.436,0.2492,0.1707,0.2809,0.2645,0.0347,1.062,0.608
2121,2120862,Neutral,good,1185.2,2.6,0.0,2285.305,2237.053,1191.611,1495.135,727.399,0.2879,0.2819,0.1501,0.1884,0.0917,0.797,1.877
2122,2121862,Neutral,good,1184.5,3.0,0.0,7816.243,3671.739,325.301,825.087,877.337,0.5783,0.2717,0.0241,0.0610,0.0649,0.394,11.287
2123,2122862,Neutral,good,1185.4,2.8,0.0,2116.970,1089.198,1310.045,1552.781,750.478,0.3104,0.1597,0.1921,0.2277,0.1100,0.844,0.831
2124,2123862,Neutral,good,1185.7,2.9,0.0,5952.336,4888.471,3853.123,3061.462,173.241,0.3320,0.2727,0.2149,0.1708,0.0097,1.259,1.269
2125,2124862,Neutral,good,1185.1,3.2,0.0,11103.478,1384.443,1759.297,2247.758,1309.738,0.6236,0.0778,0.0988,0.1262,0.0736,0.783,0.787
2126,2125862,Neutral,good,1184.8,3.3,0.0,6127.539,3092.921,362.779,2108.616,907.310,0.4863,0.2455,0.0288,0.1674,0.0720,0.172,8.526
2127,2126862,Neutral,good,1184.7,3.4,0.0,4554.941,3078.307,606.882,3230.902,1971.280,0.3389,0.2290,0.0451,0.2404,0.1466,0.188,5.072
2128,2127862,Neutral,good,1184.4,3.2,0.0,12711.559,6522.666,1777.488,2481.078,2740.262,0.4846,0.2486,0.0678,0.0946,0.1045,0.716,3.670
2129,2128861,Neutral,good,1184.9,3.1,0.0,8530.772,3932.662,3372.642,2680.701,1435.328,0.4276,0.1971,0.1690,0.1344,0.0719,1.258,1.166
2130,2129861,Neutral,good,1184.9,3.1,0.0,1067.032,1113.181,941.171,5992.487,1637.104,0.0992,0.1035,0.0875,0.5574,0.1523,0.157,1.183
2131,2130861,Neutral,good,1185.9,2.8,0.0,502.271,947.831,962.851,1189.439,578.290,0.1201,0.2267,0.2303,0.2845,0.1383,0.810,0.984
2132,2131861,Neutral,good,1185.8,3.1,0.0,5058.109,3615.257,789.929,3023.399,1414.968,0.3638,0.2601,0.0568,0.2175,0.1018,0.261,4.577
2133,2132861,Neutral,good,1185.6,3.2,0.0,5149.014,8221.327,3380.171,2766.757,1456.977,0.2455,0.3920,0.1612,0.1319,0.0695,1.222,2.432
2134,2133861,Neutral,good,1184.6,3.3,0.0,15421.269,3542.333,5540.074,2607.228,745.533,0.5536,0.1272,0.1989,0.0936,0.0268,2.125,0.639
2135,2134861,Neutral,good,1184.7,2.9,0.0,8634.701,2015.135,1587.094,2514.973,1772.357,0.5225,0.1220,0.0960,0.1522,0.1073,0.631,1.270
2136,2135861,Neutral,good,1184.6,2.4,0.0,833.858,772.251,1050.551,1308.436,1156.348,0.1628,0.1508,0.2051,0.2555,0.2258,0.803,0.735
2137,2136861,Neutral,good,1185.3,3.0,0.0,6232.761,592.927,853.988,2198.299,1807.137,0.5334,0.0507,0.0731,0.1881,0.1547,0.388,0.694
2138,2137861,Neutral,good,1184.1,3.4,0.0,7993.860,3667.799,512.998,2338.341,4901.667,0.4117,0.1889,0.0264,0.1204,0.2525,0.219,7.150
2139,2138861,Neutral,good,1182.9,3.2,0.0,11693.994,1290.418,751.285,2375.855,1085.375,0.6800,0.0750,0.0437,0.1382,0.0631,0.316,1.718
2140,2139861,Neutral,good,1183.1,3.0,0.0,3738.844,5427.280,572.872,2356.947,769.268,0.2906,0.4219,0.0445,0.1832,0.0598,0.243,9.474
2141,2140861,Neutral,good,1184.3,2.7,0.0,4461.575,4874.996,3466.815,3774.414,775.135,0.2571,0.2809,0.1998,0.2175,0.0447,0.919,1.406
2142,2141861,Neutral,good,1184.9,2.7,0.0,2364.861,798.515,954.505,3091.706,2667.437,0.2394,0.0808,0.0966,0.3130,0.2701,0.309,0.837
2143,2142861,Neutral,good,1184.2,3.4,0.0,2233.737,3351.421,3681.612,2614.422,717.485,0.1773,0.2660,0.2922,0.2075,0.0569,1.408,0.910
2144,2143861,Neutral,good,1184.6,3.1,0.0,737.761,800.875,914.371,1472.119,233.768,0.1774,0.1926,0.2199,0.3540,0.0562,0.621,0.876
2145,2144860,Neutral,good,1185.2,2.9,0.0,9445.179,8029.351,4091.187,4008.630,1798.771,0.3451,0.2933,0.1495,0.1464,0.0657,1.021,1.963
2146,2145860,Neutral,good,1185.5,2.7,0.0,3283.776,2407.094,1615.386,3190.339,1113.245,0.2828,0.2073,0.1391,0.2748,0.0959,0.506,1.490
2147,2146860,Neutral,good,1185.4,2.9,0.0,2691.976,362.150,1250.788,1579.336,1851.718,0.3480,0.0468,0.1617,0.2042,0.2394,0.792,0.290
2148,2147860,Neutral,good,1185.1,3.3,0.0,3904.398,4355.322,3529.880,2217.146,896.853,0.2620,0.2922,0.2368,0.1488,0.0602,1.592,1.234
2149,2148860,Neutral,good,1185.7,2.8,0.0,7668.942,4976.414,1446.912,1773.003,2590.943,0.4155,0.2696,0.0784,0.0961,0.1404,0.816,3.439
2150,2149860,Neutral,good,1185.7,3.2,0.0,2131.220,4484.938,3603.915,6951.264,1306.890,0.1153,0.2427,0.1950,0.3762,0.0707,0.518,1.244
2151,2150860,Neutral,good,1184.7,3.6,0.0,3801.093,2101.236,2390.877,2853.459,1350.018,0.3042,0.1681,0.1913,0.2283,0.1080,0.838,0.879
2152,2151860,Neutral,good,1184.9,3.2,0.0,1468.597,4515.835,5525.024,3287.238,1642.271,0.0893,0.2747,0.3361,0.2000,0.0999,1.681,0.817
2153,2152860,Neutral,good,1184.9,3.0,0.0,3637.836,2511.009,1102.978,3360.198,2681.852,0.2736,0.1889,0.0830,0.2528,0.2017,0.328,2.277
2154,2153860,Neutral,good,1185.3,2.8,0.0,2154.730,650.445,1167.492,1920.329,1917.235,0.2759,0.0833,0.1495,0.2459,0.2455,0.608,0.557
2155,2154860,Neutral,good,1185.0,3.4,0.0,2602.731,1019.198,1437.473,1078.955,827.806,0.3736,0.1463,0.2064,0.1549,0.1188,1.332,0.709
2156,2155860,Neutral,good,1185.1,2.7,0.0,2690.857,1681.526,2164.277,1495.016,483.604,0.3160,0.1975,0.2542,0.1756,0.0568,1.448,0.777
2157,2156860,Neutral,good,1184.9,3.0,0.0,1690.696,1935.721,960.404,4311.714,1383.887,0.1644,0.1883,0.0934,0.4193,0.1346,0.223,2.016
2158,2157860,Neutral,good,1185.1,2.6,0.0,4700.405,4668.469,2200.136,1182.335,760.188,0.3479,0.3455,0.1628,0.0875,0.0563,1.861,2.122
2159,2158860,Neutral,good,1185.5,2.9,0.0,4417.965,6274.609,2894.038,2189.412,1781.651,0.2516,0.3574,0.1648,0.1247,0.1015,1.322,2.168
2160,2159859,Neutral,good,1185.9,2.6,0.0,1797.942,720.308,2748.039,6310.318,1306.276,0.1396,0.0559,0.2133,0.4898,0.1014,0.435,0.262
2161,2160859,Neutral,good,1185.3,3.3,0.0,6672.572,2812.449,1792.319,3696.511,1143.340,0.4140,0.1745,0.1112,0.2294,0.0709,0.485,1.569
2162,2161859,Neutral,good,1185.2,3.4,0.0,7035.330,1354.303,1790.108,3766.719,1522.726,0.4548,0.0875,0.1157,0.2435,0.0984,0.475,0.757
2163,2162859,Neutral,good,1185.6,2.8,0.0,5921.281,2165.410,1255.899,2387.762,1541.035,0.4462,0.1632,0.0946,0.1799,0.1161,0.526,1.724
2164,2163859,Neutral,good,1185.6,3.2,0.0,4364.380,1018.668,2858.461,4596.178,1785.788,0.2985,0.0697,0.1955,0.3143,0.1221,0.622,0.356
2165,2164859,Neutral,good,1185.3,3.3,0.0,4280.889,1154.511,728.245,1918.131,1103.435,0.4661,0.1257,0.0793,0.2088,0.1201,0.380,1.585
2166,2165859,Neutral,good,1185.7,2.8,0.0,1954.520,2207.438,544.259,1341.911,1382.082,0.2631,0.2971,0.0732,0.1806,0.1860,0.406,4.056
2167,2166859,Neutral,good,1185.5,2.9,0.0,3550.969,1789.210,2887.891,5813.017,2057.006,0.2206,0.1111,0.1794,0.3611,0.1278,0.497,0.620
2168,2167859,Neutral,good,1185.1,2.9,0.0,4264.405,2872.197,1084.139,3249.180,1775.964,0.3219,0.2168,0.0818,0.2453,0.1341,0.334,2.649
2169,2168859,Neutral,good,1185.3,3.2,0.0,7829.453,7087.447,1668.157,3771.864,3689.607,0.3256,0.2947,0.0694,0.1569,0.1534,0.442,4.249
2170,2169859,Neutral,good,1185.3,3.1,0.0,5702.983,6917.653,941.738,2200.692,1114.804,0.3379,0.4099,0.0558,0.1304,0.0661,0.428,7.346
2171,2170859,Neutral,good,1185.6,3.0,0.0,7836.002,3335.621,2289.958,8148.274,2229.038,0.3287,0.1399,0.0961,0.3418,0.0935,0.281,1.457
2172,2171859,Neutral,good,1185.0,3.0,0.0,13058.678,865.512,1105.799,3133.564,549.811,0.6978,0.0463,0.0591,0.1675,0.0294,0.353,0.783
2173,2172859,Neutral,good,1185.0,2.9,0.0,5816.847,737.220,1377.782,1848.784,415.581,0.5705,0.0723,0.1351,0.1813,0.0408,0.745,0.535
2174,2173859,Neutral,good,1185.6,2.9,0.0,986.821,535.713,2083.394,7540.917,676.294,0.0835,0.0453,0.1762,0.6378,0.0572,0.276,0.257
2175,2174859,Neutral,good,1185.3,2.9,0.0,1924.167,1630.041,2277.796,3373.727,1522.436,0.1794,0.1519,0.2123,0.3145,0.1419,0.675,0.716
2176,2175859,Neutral,good,1184.8,2.9,0.0,4418.782,1277.122,1599.725,11443.278,1993.951,0.2131,0.0616,0.0772,0.5519,0.0962,0.140,0.798
2177,2176858,Neutral,good,1184.7,2.7,0.0,9300.180,2528.701,3490.313,3254.016,260.988,0.4938,0.1343,0.1853,0.1728,0.0139,1.073,0.724
2178,2177858,Neutral,good,1184.6,3.0,0.0,463.134,2010.965,1827.782,5318.332,1264.238,0.0426,0.1848,0.1679,0.4886,0.1162,0.344,1.100
2179,2178858,Neutral,good,1185.1,2.5,0.0,3522.271,1346.317,2374.420,1712.290,380.511,0.3773,0.1442,0.2543,0.1834,0.0408,1.387,0.567
2180,2179858,Neutral,good,1185.9,2.7,0.0,1411.042,1770.029,1514.389,3147.365,1043.404,0.1588,0.1992,0.1704,0.3542,0.1174,0.481,1.169
2181,2180858,Neutral,good,1185.1,3.3,0.0,7685.329,3014.522,3604.294,7018.506,826.489,0.3470,0.1361,0.1627,0.3169,0.0373,0.514,0.836
2182,2181858,Neutral,good,1184.8,3.1,0.0,3812.009,8030.515,7385.824,5391.446,518.001,0.1516,0.3195,0.2938,0.2145,0.0206,1.370,1.087
2183,2182858,Neutral,good,1184.3,3.2,0.0,6325.734,1640.741,298.484,3976.932,943.685,0.4797,0.1244,0.0226,0.3016,0.0716,0.075,5.497
2184,2183858,Neutral,good,1184.9,2.4,0.0,3134.522,2389.198,1122.867,2539.847,1196.943,0.3019,0.2301,0.1081,0.2446,0.1153,0.442,2.128
2185,2184858,Neutral,good,1184.7,3.2,0.0,10775.773,4791.971,1870.089,5394.999,942.109,0.4532,0.2016,0.0787,0.2269,0.0396,0.347,2.562
2186,2185858,Neutral,good,1184.3,2.4,0.0,3098.059,2156.177,494.222,2746.738,713.864,0.3364,0.2341,0.0537,0.2983,0.0775,0.180,4.363
2187,2186858,Neutral,good,1184.9,3.0,0.0,4498.131,8546.196,10811.501,2078.525,1503.334,0.1639,0.3115,0.3940,0.0758,0.0548,5.202,0.790
2188,2187858,Neutral,good,1185.0,3.2,0.0,6271.522,3968.619,7150.504,4082.664,1081.230,0.2781,0.1760,0.3170,0.1810,0.0479,1.751,0.555
2189,2188858,Neutral,good,1184.7,2.9,0.0,9876.409,3247.600,1787.534,4598.745,1061.149,0.4801,0.1579,0.0869,0.2236,0.0516,0.389,1.817
2190,2189858,Neutral,good,1184.2,3.2,0.0,11679.863,2207.329,3875.706,768.236,1536.305,0.5820,0.1100,0.1931,0.0383,0.0766,5.045,0.570
2191,2190858,Neutral,good,1184.4,3.2,0.0,11009.015,5751.197,4989.044,3277.241,846.762,0.4255,0.2223,0.1928,0.1267,0.0327,1.522,1.153
2192,2191857,Neutral,good,1185.1,3.0,0.0,7212.584,3166.076,1563.979,1781.145,439.584,0.5092,0.2235,0.1104,0.1258,0.0310,0.878,2.024
2193,2192857,Neutral,good,1184.5,3.3,0.0,8196.525,4517.722,2673.874,2632.503,850.536,0.4343,0.2394,0.1417,0.1395,0.0451,1.016,1.690
2194,2193857,Neutral,good,1184.6,2.8,0.0,1671.083,586.239,1402.460,2287.691,1171.044,0.2348,0.0824,0.1970,0.3214,0.1645,0.613,0.418
2195,2194857,Neutral,good,1184.0,3.7,0.0,8329.696,8780.319,7048.863,3470.233,473.852,0.2964,0.3124,0.2508,0.1235,0.0169,2.031,1.246
2196,2195857,Neutral,good,1184.7,3.1,0.0,2917.236,2266.832,1155.279,3801.635,2467.085,0.2314,0.1798,0.0916,0.3015,0.1957,0.304,1.962
2197,2196857,Neutral,good,1185.7,2.5,0.0,811.881,3475.117,3548.212,753.470,955.395,0.0851,0.3641,0.3718,0.0789,0.1001,4.709,0.979
2198,2197857,Neutral,good,1185.1,3.2,0.0,6891.676,11722.442,19907.207,6409.505,1221.936,0.1493,0.2540,0.4313,0.1389,0.0265,3.106,0.589
2199,2198857,Neutral,good,1184.8,2.9,0.0,9498.511,4627.999,2523.750,2214.191,440.667,0.4920,0.2397,0.1307,0.1147,0.0228,1.140,1.834
2200,2199857,Neutral,good,1184.4,3.1,0.0,3738.856,1213.950,2147.555,6141.845,517.266,0.2717,0.0882,0.1561,0.4464,0.0376,0.350,0.565
2201,2200857,Neutral,good,1185.0,2.6,0.0,11945.921,2793.981,3521.664,1720.489,517.840,0.5827,0.1363,0.1718,0.0839,0.0253,2.047,0.793
2202,2201857,Neutral,good,1184.8,2.9,0.0,1291.136,5076.474,7944.611,7861.566,3697.626,0.0499,0.1962,0.3071,0.3039,0.1429,1.011,0.639
2203,2202857,Neutral,good,1184.2,3.1,0.0,3470.475,1219.226,541.672,1295.138,586.865,0.4879,0.1714,0.0761,0.1821,0.0825,0.418,2.251
2204,2203857,Neutral,good,1185.3,2.9,0.0,5080.962,2676.187,2204.700,5070.761,2732.895,0.2860,0.1506,0.1241,0.2854,0.1538,0.435,1.214
2205,2204857,Neutral,good,1184.4,3.5,0.0,30198.961,18495.789,9585.476,2868.139,3381.994,0.4680,0.2866,0.1485,0.0444,0.0524,3.342,1.930
2206,2205857,Neutral,good,1184.6,2.5,0.0,6004.725,4007.327,968.715,1093.130,886.406,0.4633,0.3092,0.0747,0.0843,0.0684,0.886,4.137
2207,2206857,Neutral,good,1184.8,2.9,0.0,2121.112,461.939,1181.028,2948.824,474.259,0.2951,0.0643,0.1643,0.4103,0.0660,0.401,0.391
2208,2207856,Neutral,good,1183.8,3.6,0.0,10068.738,3481.674,7846.536,16851.371,656.051,0.2588,0.0895,0.2017,0.4331,0.0169,0.466,0.444
2209,2208856,Neutral,good,1184.6,2.9,0.0,9406.217,1767.732,2377.293,4319.543,1459.647,0.4866,0.0914,0.1230,0.2235,0.0755,0.550,0.744
2210,2209856,Neutral,good,1184.3,3.0,0.0,5810.991,12452.954,6022.311,2848.106,850.763,0.2076,0.4450,0.2152,0.1018,0.0304,2.114,2.068
2211,2210856,Neutral,good,1184.6,2.5,0.0,1911.510,1419.026,1628.371,4019.311,709.222,0.1973,0.1465,0.1681,0.4149,0.0732,0.405,0.871
2212,2211856,Neutral,good,1183.5,3.3,0.0,6071.468,1785.897,1565.714,2291.989,843.217,0.4835,0.1422,0.1247,0.1825,0.0671,0.683,1.141
2213,2212856,Neutral,good,1183.9,2.7,0.0,6801.533,2937.707,2320.374,7657.916,2454.205,0.3068,0.1325,0.1047,0.3454,0.1107,0.303,1.266
2214,2213856,Neutral,good,1184.3,2.8,0.0,458.960,2710.774,955.883,1131.333,312.944,0.0824,0.4867,0.1716,0.2031,0.0562,0.845,2.836
2215,2214856,Neutral,good,1183.9,2.9,0.0,7388.742,6321.187,2314.829,3813.188,2006.756,0.3382,0.2894,0.1060,0.1746,0.0919,0.607,2.731
2216,2215856,Neutral,good,1184.8,2.5,0.0,3489.885,1659.196,1684.110,9873.284,2679.234,0.1800,0.0856,0.0869,0.5093,0.1382,0.171,0.985
2217,2216856,Neutral,good,1184.7,2.8,0.0,6418.443,2118.358,1478.610,4181.040,1215.353,0.4165,0.1375,0.0959,0.2713,0.0789,0.354,1.433
2218,2217856,Neutral,good,1184.4,3.3,0.0,18347.025,5477.691,1759.581,5568.100,1938.942,0.5544,0.1655,0.0532,0.1683,0.0586,0.316,3.113
2219,2218856,Neutral,good,1184.6,3.7,0.0,2527.172,4009.911,2469.445,9987.263,2974.327,0.1150,0.1825,0.1124,0.4546,0.1354,0.247,1.624
2220,2219856,Neutral,good,1184.9,2.7,0.0,6800.773,1862.293,2217.501,581.657,642.605,0.5618,0.1538,0.1832,0.0481,0.0531,3.812,0.840
2221,2220856,Neutral,good,1184.0,3.4,0.0,4378.295,891.356,781.697,3055.357,3342.700,0.3517,0.0716,0.0628,0.2454,0.2685,0.256,1.140
2222,2221856,Neutral,good,1185.3,2.7,0.0,1604.028,6388.362,4360.244,8230.848,2958.057,0.0681,0.2714,0.1852,0.3496,0.1257,0.530,1.465
2223,2222855,Neutral,good,1184.6,3.0,0.0,5701.620,1305.831,2076.169,6327.613,2240.153,0.3230,0.0740,0.1176,0.3585,0.1269,0.328,0.629
2224,2223855,Neutral,good,1184.9,2.6,0.0,1229.007,218.957,1496.620,2050.604,732.109,0.2146,0.0382,0.2613,0.3580,0.1278,0.730,0.146
2225,2224855,Neutral,good,1184.2,3.2,0.0,6813.418,2678.384,819.754,1736.647,886.969,0.5267,0.2071,0.0634,0.1343,0.0686,0.472,3.267
2226,2225855,Neutral,good,1184.9,3.0,0.0,4503.698,1738.475,1962.311,2698.920,144.782,0.4076,0.1574,0.1776,0.2443,0.0131,0.727,0.886
2227,2226855,Neutral,good,1185.0,3.5,0.0,1356.456,4544.815,8204.576,10719.932,1188.423,0.0521,0.1747,0.3154,0.4121,0.0457,0.765,0.554
2228,2227855,Neutral,good,1185.0,2.9,0.0,4128.544,3942.614,1171.423,2317.290,384.603,0.3456,0.3301,0.0981,0.1940,0.0322,0.506,3.366
2229,2228855,Neutral,good,1184.7,3.3,0.0,7734.623,4440.545,4908.803,7842.836,3715.867,0.2700,0.1550,0.1714,0.2738,0.1297,0.626,0.905
2230,2229855,Neutral,good,1184.9,3.2,0.0,2577.415,3189.838,2993.872,2669.928,1419.698,0.2006,0.2482,0.2330,0.2078,0.1105,1.121,1.065
2231,2230855,Neutral,good,1183.8,3.2,0.0,11563.116,11890.683,9086.838,6027.997,2184.939,0.2837,0.2918,0.2230,0.1479,0.0536,1.507,1.309
2232,2231855,Neutral,good,1183.3,2.9,0.0,2006.894,1465.787,456.988,3905.735,6178.900,0.1432,0.1046,0.0326,0.2787,0.4409,0.117,3.207
2233,2232855,Neutral,good,1182.7,3.4,0.0,21093.141,9833.036,6565.042,1245.605,2606.178,0.5102,0.2378,0.1588,0.0301,0.0630,5.271,1.498
2234,2233855,Neutral,good,1181.6,3.9,0.0,7785.894,4237.713,6074.653,13091.013,1360.904,0.2392,0.1302,0.1866,0.4022,0.0418,0.464,0.698
2235,2234855,Neutral,good,1182.5,3.3,0.0,8436.151,10443.703,2608.153,9554.407,2456.263,0.2518,0.3118,0.0779,0.2852,0.0733,0.273,4.004
2236,2235855,Neutral,good,1183.0,2.6,0.0,757.395,3385.260,1373.666,1175.041,1172.521,0.0963,0.4305,0.1747,0.1494,0.1491,1.169,2.464
2237,2236855,Neutral,good,1183.4,2.7,0.0,3061.568,2374.515,2580.812,1186.975,1030.414,0.2991,0.2320,0.2522,0.1160,0.1007,2.174,0.920
2238,2237855,Neutral,good,1183.0,3.5,0.0,10024.823,3101.447,1441.148,6254.907,1711.055,0.4449,0.1376,0.0640,0.2776,0.0759,0.230,2.152
2239,2238854,Neutral,good,1184.7,2.5,0.0,6180.652,4421.854,1365.171,1471.312,633.701,0.4392,0.3142,0.0970,0.1046,0.0450,0.928,3.239
2240,2239854,Neutral,good,1184.0,3.0,0.0,4499.119,3422.101,1213.601,3649.772,1654.518,0.3116,0.2370,0.0840,0.2528,0.1146,0.333,2.820
2241,2240854,Neutral,good,1183.8,3.7,0.0,8231.100,630.503,2239.842,2147.469,736.776,0.5885,0.0451,0.1602,0.1535,0.0527,1.043,0.281
2242,2241854,Neutral,good,1184.0,3.3,0.0,7191.544,9851.451,5483.200,1493.429,1047.395,0.2869,0.3930,0.2187,0.0596,0.0418,3.672,1.797
2243,2242854,Neutral,good,1184.1,2.8,0.0,1448.529,4745.941,3626.305,2225.473,900.247,0.1119,0.3666,0.2801,0.1719,0.0695,1.629,1.309
2244,2243854,Neutral,good,1183.9,2.7,0.0,4009.534,1181.009,4003.556,9805.968,1024.089,0.2002,0.0590,0.1999,0.4897,0.0511,0.408,0.295
2245,2244854,Neutral,good,1183.6,3.3,0.0,2032.724,614.498,2284.885,3956.877,2573.704,0.1773,0.0536,0.1993,0.3452,0.2245,0.577,0.269
2246,2245854,Neutral,good,1184.1,3.1,0.0,3646.502,2584.469,708.958,4093.514,1947.212,0.2809,0.1991,0.0546,0.3154,0.1500,0.173,3.645
2247,2246854,Neutral,good,1184.6,3.2,0.0,5094.861,2267.005,1141.425,1577.146,1876.531,0.4261,0.1896,0.0955,0.1319,0.1569,0.724,1.986
2248,2247854,Neutral,good,1184.9,2.8,0.0,891.419,3350.911,2341.120,2858.967,1750.969,0.0796,0.2994,0.2092,0.2554,0.1564,0.819,1.431
2249,2248854,Neutral,good,1184.7,3.5,0.0,11971.622,7810.252,2107.451,769.526,453.700,0.5180,0.3379,0.0912,0.0333,0.0196,2.739,3.706
2250,2249854,Neutral,good,1184.7,3.3,0.0,3790.883,2579.053,1532.498,2395.048,1206.265,0.3295,0.2242,0.1332,0.2082,0.1049,0.640,1.683
2251,2250854,Neutral,good,1184.8,3.0,0.0,5324.034,7032.539,6080.461,3913.884,2087.900,0.2179,0.2878,0.2488,0.1602,0.0854,1.554,1.157
2252,2251854,Neutral,good,1183.3,3.7,0.0,10257.222,10171.271,7480.552,2835.202,1729.901,0.3159,0.3132,0.2304,0.0873,0.0533,2.638,1.360
2253,2252854,Neutral,good,1183.0,3.4,0.0,13618.125,6625.959,1049.976,6928.958,1479.376,0.4585,0.2231,0.0353,0.2333,0.0498,0.152,6.311
2254,2253854,Neutral,good,1183.0,2.7,0.0,2046.179,4749.944,3276.554,1959.897,726.684,0.1604,0.3723,0.2568,0.1536,0.0570,1.672,1.450
2255,2254853,Neutral,good,1182.8,2.9,0.0,2697.744,6055.852,1576.284,2520.874,972.028,0.1952,0.4381,0.1140,0.1824,0.0703,0.625,3.842
2256,2255853,Neutral,good,1183.1,2.8,0.0,7889.498,2806.722,3065.528,2477.102,369.684,0.4750,0.1690,0.1846,0.1491,0.0223,1.238,0.916
2257,2256853,Neutral,good,1182.3,2.8,0.0,6436.664,893.930,2076.915,9877.870,1559.327,0.3088,0.0429,0.0996,0.4739,0.0748,0.210,0.430
2258,2257853,Neutral,good,1182.0,2.9,0.0,1325.743,322.713,304.439,3534.861,815.803,0.2103,0.0512,0.0483,0.5608,0.1294,0.086,1.060
2259,2258853,Neutral,good,1182.3,2.4,0.0,3104.427,1411.256,638.362,772.430,1238.344,0.4333,0.1970,0.0891,0.1078,0.1728,0.826,2.211
2260,2259853,Neutral,good,1182.2,2.7,0.0,4608.201,5117.464,1062.567,4615.400,1308.865,0.2757,0.3062,0.0636,0.2762,0.0783,0.230,4.816
2261,2260853,Neutral,good,1181.9,3.0,0.0,4813.208,1249.068,1367.102,1790.239,2871.572,0.3981,0.1033,0.1131,0.1481,0.2375,0.764,0.914
2262,2261853,Neutral,good,1182.7,2.8,0.0,478.526,3982.816,6586.792,5178.323,1040.186,0.0277,0.2307,0.3815,0.2999,0.0602,1.272,0.605
2263,2262853,Neutral,good,1181.8,2.6,0.0,2640.518,355.796,684.703,1803.864,2530.693,0.3294,0.0444,0.0854,0.2250,0.3157,0.380,0.520
2264,2263853,Neutral,good,1182.0,3.0,0.0,5476.910,792.544,2872.274,4371.989,1406.990,0.3671,0.0531,0.1925,0.2930,0.0943,0.657,0.276
2265,2264853,Neutral,good,1182.3,2.7,0.0,1129.791,1194.795,1382.850,5649.639,1621.265,0.1029,0.1088,0.1260,0.5146,0.1477,0.245,0.864
2266,2265853,Neutral,good,1181.7,3.0,0.0,10221.540,1432.860,975.190,1915.112,541.724,0.6775,0.0950,0.0646,0.1269,0.0359,0.509,1.469
2267,2266853,Neutral,good,1182.6,2.6,0.0,3185.692,5208.478,4621.373,5177.925,1659.876,0.1605,0.2623,0.2328,0.2608,0.0836,0.893,1.127
2268,2267853,Neutral,good,1182.3,3.1,0.0,12930.434,3955.648,2803.504,3207.463,1494.363,0.5301,0.1622,0.1149,0.1315,0.0613,0.874,1.411
2269,2268853,Neutral,good,1183.1,2.5,0.0,1889.966,3989.149,3232.049,2984.224,704.251,0.1477,0.3117,0.2525,0.2331,0.0550,1.083,1.234
2270,2269853,Neutral,good,1182.4,3.4,0.0,5376.384,1357.378,1213.757,1733.781,272.147,0.5402,0.1364,0.1219,0.1742,0.0273,0.700,1.118
2271,2270852,Neutral,good,1182.3,3.5,0.0,4175.050,6088.216,5790.095,10357.605,1646.656,0.1488,0.2170,0.2064,0.3692,0.0587,0.559,1.051
2272,2271852,Neutral,good,1182.9,3.3,0.0,3971.544,627.202,1392.272,7324.219,1594.744,0.2664,0.0421,0.0934,0.4912,0.1070,0.190,0.450
2273,2272852,Neutral,good,1182.4,3.2,0.0,2606.606,1050.801,6125.990,5785.325,1343.703,0.1541,0.0621,0.3622,0.3421,0.0795,1.059,0.172
2274,2273852,Neutral,good,1182.2,3.2,0.0,7913.682,3425.307,1311.165,17887.230,3383.435,0.2333,0.1010,0.0387,0.5273,0.0997,0.073,2.612
2275,2274852,Neutral,good,1182.2,3.1,0.0,5845.667,7759.001,5947.807,1987.759,1741.473,0.2511,0.3333,0.2555,0.0854,0.0748,2.992,1.305
2276,2275852,Neutral,good,1182.5,3.4,0.0,5480.899,4762.065,885.574,3148.136,870.530,0.3618,0.3144,0.0585,0.2078,0.0575,0.281,5.377
2277,2276852,Neutral,good,1183.2,3.1,0.0,2750.941,1253.028,1377.522,2406.630,1153.608,0.3077,0.1401,0.1541,0.2691,0.1290,0.572,0.910
2278,2277852,Neutral,good,1182.7,3.2,0.0,18115.572,3468.333,2183.094,8077.967,1376.275,0.5453,0.1044,0.0657,0.2432,0.0414,0.270,1.589
2279,2278852,Neutral,good,1182.1,3.4,0.0,4520.766,2362.367,1699.848,1184.240,758.037,0.4295,0.2244,0.1615,0.1125,0.0720,1.435,1.390
2280,2279852,Neutral,good,1181.4,3.3,0.0,8918.663,3455.613,2411.727,869.341,410.343,0.5551,0.2151,0.1501,0.0541,0.0255,2.774,1.433
2281,2280852,Neutral,good,1182.2,3.1,0.0,2509.976,1242.857,945.907,3134.303,1187.242,0.2783,0.1378,0.1049,0.3475,0.1316,0.302,1.314
2282,2281852,Neutral,good,1182.9,3.4,0.0,4213.589,2135.946,2832.918,10098.867,995.522,0.2078,0.1053,0.1397,0.4980,0.0491,0.281,0.754
2283,2282852,Neutral,good,1182.4,2.9,0.0,4815.852,1425.735,824.276,3345.492,2538.074,0.3719,0.1101,0.0637,0.2584,0.1960,0.246,1.730
2284,2283851,Neutral,good,1182.6,3.0,0.0,7507.621,3240.797,2660.174,3191.461,1589.951,0.4127,0.1782,0.1462,0.1755,0.0874,0.834,1.218
2285,2284851,Neutral,good,1181.9,3.1,0.0,3375.764,485.103,3280.905,4894.562,870.831,0.2615,0.0376,0.2542,0.3792,0.0675,0.670,0.148
2286,2285851,Neutral,good,1183.7,2.5,0.0,591.489,996.067,2635.202,950.238,205.572,0.1100,0.1852,0.4899,0.1767,0.0382,2.773,0.378
2287,2286851,Neutral,good,1182.7,3.4,0.0,3586.527,2183.366,3579.616,9937.170,2076.849,0.1679,0.1022,0.1676,0.4651,0.0972,0.360,0.610
2288,2287851,Neutral,good,1182.4,3.2,0.0,3340.800,678.897,1238.108,4002.487,1471.255,0.3113,0.0633,0.1154,0.3730,0.1371,0.309,0.548
2289,2288851,Neutral,good,1182.9,3.3,0.0,5660.396,3060.074,2294.267,1329.102,308.149,0.4474,0.2419,0.1813,0.1051,0.0244,1.726,1.334
2290,2289851,Neutral,good,1183.0,3.0,0.0,12498.476,11345.488,1593.873,697.919,1533.929,0.4517,0.4100,0.0576,0.0252,0.0554,2.284,7.118
2291,2290851,Neutral,good,1182.8,3.0,0.0,8419.045,2405.245,666.530,3985.746,1740.740,0.4890,0.1397,0.0387,0.2315,0.1011,0.167,3.609
2292,2291851,Neutral,good,1182.2,3.3,0.0,7677.094,3499.532,2037.624,2514.091,4622.853,0.3772,0.1720,0.1001,0.1235,0.2272,0.810,1.717
2293,2292851,Neutral,good,1183.4,2.7,0.0,703.946,1007.099,3329.714,3924.079,737.289,0.0726,0.1038,0.3432,0.4045,0.0760,0.849,0.302
2294,2293851,Neutral,good,1182.3,3.4,0.0,6733.066,2300.380,482.490,3226.279,1413.394,0.4756,0.1625,0.0341,0.2279,0.0998,0.150,4.768
2295,2294851,Neutral,good,1182.1,3.2,0.0,22112.705,19345.307,8274.678,11100.071,909.729,0.3581,0.3133,0.1340,0.1798,0.0147,0.745,2.338
2296,2295851,Neutral,good,1182.4,3.2,0.0,4974.378,1453.625,1342.751,3457.017,2287.275,0.3681,0.1076,0.0994,0.2558,0.1692,0.388,1.083
2297,2296851,Neutral,good,1183.0,2.9,0.0,4796.495,1688.099,1520.562,2612.345,1224.069,0.4051,0.1426,0.1284,0.2206,0.1034,0.582,1.110
2298,2297851,Neutral,good,1183.6,2.8,0.0,5355.059,1432.437,506.200,754.368,1286.103,0.5737,0.1535,0.0542,0.0808,0.1378,0.671,2.830
2299,2298851,Neutral,good,1183.2,3.2,0.0,7450.956,4972.788,4570.681,3238.871,1693.049,0.3398,0.2268,0.2085,0.1477,0.0772,1.411,1.088
2300,2299851,Neutral,good,1183.1,3.1,0.0,6526.635,2597.159,2264.169,1928.860,551.514,0.4706,0.1873,0.1633,0.1391,0.0398,1.174,1.147
2301,2300850,Neutral,good,1183.2,3.5,0.0,5813.110,5902.954,2433.457,11235.237,5079.617,0.1908,0.1938,0.0799,0.3688,0.1667,0.217,2.426
2302,2301850,Neutral,good,1182.9,3.1,0.0,7063.167,3054.112,1856.325,1010.022,546.415,0.5220,0.2257,0.1372,0.0747,0.0404,1.838,1.645
2303,2302850,Neutral,good,1182.0,3.2,0.0,3795.755,2840.672,4908.807,4258.104,2458.648,0.2079,0.1556,0.2688,0.2332,0.1346,1.153,0.579
2304,2303850,Neutral,good,1182.3,3.2,0.0,7728.877,2110.552,920.567,984.839,618.958,0.6251,0.1707,0.0745,0.0797,0.0501,0.935,2.293
2305,2304850,Neutral,good,1182.3,2.7,0.0,7332.463,674.848,1650.017,1218.974,574.853,0.6403,0.0589,0.1441,0.1064,0.0502,1.354,0.409
2306,2305850,Neutral,good,1181.5,3.4,0.0,20315.076,1532.777,976.482,4265.748,2670.606,0.6826,0.0515,0.0328,0.1433,0.0897,0.229,1.570
2307,2306850,Neutral,good,1181.4,3.2,0.0,5709.424,2355.225,2716.172,2345.782,1314.181,0.3954,0.1631,0.1881,0.1624,0.0910,1.158,0.867
2308,2307850,Neutral,good,1181.1,2.9,0.0,5704.161,5301.640,3388.516,6807.621,3652.938,0.2295,0.2133,0.1363,0.2739,0.1470,0.498,1.565
2309,2308850,Neutral,good,1181.6,2.9,0.0,1528.122,737.849,1185.656,3188.102,1586.857,0.1858,0.0897,0.1441,0.3875,0.1929,0.372,0.622
2310,2309850,Neutral,good,1182.3,3.2,0.0,1006.363,1990.443,1531.225,4275.294,2985.237,0.0854,0.1688,0.1299,0.3627,0.2532,0.358,1.300
2311,2310850,Neutral,good,1182.5,2.9,0.0,11376.439,4940.366,1712.555,4357.066,3824.933,0.4340,0.1885,0.0653,0.1662,0.1459,0.393,2.885
2312,2311850,Neutral,good,1182.8,3.0,0.0,12256.171,9998.095,9911.529,987.819,858.504,0.3603,0.2940,0.2914,0.0290,0.0252,10.034,1.009
2313,2312850,Neutral,good,1182.4,3.1,0.0,1877.174,1422.944,2062.488,2544.125,916.128,0.2128,0.1613,0.2338,0.2884,0.1038,0.811,0.690
2314,2313850,Neutral,good,1182.5,2.9,0.0,4509.271,54.470,505.129,1430.587,646.822,0.6310,0.0076,0.0707,0.2002,0.0905,0.353,0.108
2315,2314850,Neutral,good,1182.3,3.0,0.0,9281.803,2225.296,1231.072,2172.434,437.996,0.6047,0.1450,0.0802,0.1415,0.0285,0.567,1.808
2316,2315849,Neutral,good,1183.3,3.1,0.0,6888.688,4573.845,529.448,4248.294,920.470,0.4014,0.2665,0.0309,0.2476,0.0536,0.125,8.639
2317,2316849,Neutral,good,1182.5,3.1,0.0,6723.975,2326.801,482.534,1220.548,708.208,0.5866,0.2030,0.0421,0.1065,0.0618,0.395,4.822
2318,2317849,Neutral,good,1181.5,3.4,0.0,7348.959,2960.958,3190.802,3798.428,1482.093,0.3913,0.1577,0.1699,0.2022,0.0789,0.840,0.928
2319,2318849,Neutral,good,1181.3,3.2,0.0,1621.153,2555.206,2974.221,4851.807,700.137,0.1276,0.2012,0.2341,0.3820,0.0551,0.613,0.859
2320,2319849,Neutral,good,1182.2,3.2,0.0,2942.868,3804.137,3432.888,2821.146,620.264,0.2160,0.2793,0.2520,0.2071,0.0455,1.217,1.108
2321,2320849,Neutral,good,1182.0,2.4,0.0,1870.604,2736.335,1090.701,2109.115,391.504,0.2282,0.3338,0.1330,0.2573,0.0478,0.517,2.509
2322,2321849,Neutral,good,1182.2,2.9,0.0,3672.242,945.876,2400.896,3682.742,2651.538,0.2750,0.0708,0.1798,0.2758,0.1986,0.652,0.394
2323,2322849,Neutral,good,1182.6,2.8,0.0,2084.764,3134.809,5222.552,2223.364,933.235,0.1533,0.2305,0.3840,0.1635,0.0686,2.349,0.600
2324,2323849,Neutral,good,1182.9,2.8,0.0,2971.416,2222.769,1679.953,5000.458,1964.419,0.2147,0.1606,0.1214,0.3613,0.1419,0.336,1.323
2325,2324849,Neutral,good,1182.5,2.9,0.0,5537.263,1874.678,762.105,1989.653,1527.617,0.4736,0.1603,0.0652,0.1702,0.1307,0.383,2.460
2326,2325849,Neutral,good,1182.8,3.0,0.0,1738.275,263.933,2039.164,3466.586,1146.590,0.2009,0.0305,0.2356,0.4006,0.1325,0.588,0.129
2327,2326849,Neutral,good,1183.1,2.9,0.0,3834.359,2705.020,3078.492,2489.068,1695.385,0.2778,0.1960,0.2230,0.1803,0.1228,1.237,0.879
2328,2327849,Neutral,good,1182.4,3.0,0.0,8330.854,1244.141,329.799,1581.010,284.970,0.7078,0.1057,0.0280,0.1343,0.0242,0.209,3.772
2329,2328849,Neutral,good,1182.1,3.1,0.0,2680.096,692.156,367.762,1689.972,508.634,0.4513,0.1166,0.0619,0.2846,0.0856,0.218,1.882
2330,2329849,Neutral,good,1181.2,3.3,0.0,12706.001,10406.675,621.812,6106.065,2062.360,0.3983,0.3262,0.0195,0.1914,0.0646,0.102,16.736
2331,2330849,Neutral,good,1180.3,3.0,0.0,6758.679,439.075,416.911,1109.457,181.097,0.7590,0.0493,0.0468,0.1246,0.0203,0.376,1.053
2332,2331849,Neutral,good,1180.5,3.0,0.0,1159.144,496.013,657.361,1380.416,1524.864,0.2222,0.0951,0.1260,0.2646,0.2922,0.476,0.755
2333,2332848,Neutral,good,1180.2,3.0,0.0,10071.121,1532.759,1676.982,1656.829,458.304,0.6541,0.0996,0.1089,0.1076,0.0298,1.012,0.914
2334,2333848,Neutral,good,1180.9,2.9,0.0,7670.084,1334.102,619.929,4031.545,1365.203,0.5106,0.0888,0.0413,0.2684,0.0909,0.154,2.152
2335,2334848,Neutral,good,1181.1,2.7,0.0,1221.100,2497.616,2182.244,1572.480,487.439,0.1534,0.3137,0.2741,0.1975,0.0612,1.388,1.145
2336,2335848,Neutral,good,1180.6,2.8,0.0,5347.457,859.965,147.143,2556.254,1047.471,0.5370,0.0864,0.0148,0.2567,0.1052,0.058,5.844
2337,2336848,Neutral,good,1181.7,2.8,0.0,2450.334,3143.475,4293.904,5193.194,2263.201,0.1413,0.1812,0.2476,0.2994,0.1305,0.827,0.732
2338,2337848,Neutral,good,1181.7,3.0,0.0,8785.596,3134.806,3146.486,6406.760,1034.115,0.3903,0.1393,0.1398,0.2846,0.0459,0.491,0.996
2339,2338848,Neutral,good,1182.0,3.3,0.0,5183.898,2050.440,3650.368,2850.895,2533.065,0.3186,0.1260,0.2244,0.1752,0.1557,1.280,0.562
2340,2339848,Neutral,good,1182.1,3.3,0.0,4970.544,5289.217,888.196,3517.192,5773.916,0.2432,0.2588,0.0435,0.1721,0.2825,0.253,5.955
2341,2340848,Neutral,good,1182.1,3.0,0.0,14076.515,1970.116,2130.873,5988.606,2156.545,0.5348,0.0748,0.0810,0.2275,0.0819,0.356,0.925
2342,2341848,Neutral,good,1182.3,3.2,0.0,7664.417,4330.134,1796.014,7210.910,1329.586,0.3432,0.1939,0.0804,0.3229,0.0595,0.249,2.411
2343,2342848,Neutral,good,1181.5,3.6,0.0,3088.108,4136.267,1950.630,3164.649,1603.284,0.2215,0.2967,0.1399,0.2270,0.1150,0.616,2.120
2344,2343848,Neutral,good,1182.1,2.6,0.0,9829.199,6599.263,5638.288,1875.927,1027.319,0.3936,0.2643,0.2258,0.0751,0.0411,3.006,1.170
2345,2344848,Neutral,good,1182.0,2.7,0.0,1595.981,263.880,487.393,3284.385,1993.360,0.2093,0.0346,0.0639,0.4307,0.2614,0.148,0.541
2346,2345848,Neutral,good,1181.8,3.1,0.0,3567.708,2162.472,197.608,1801.484,1305.929,0.3949,0.2393,0.0219,0.1994,0.1445,0.110,10.943
2347,2346848,Neutral,good,1181.7,2.8,0.0,7168.408,2854.842,1900.482,2820.375,496.952,0.4703,0.1873,0.1247,0.1851,0.0326,0.674,1.502
2348,2347847,Neutral,good,1181.7,2.8,0.0,2899.919,608.641,709.532,4283.069,532.808,0.3210,0.0674,0.0785,0.4741,0.0590,0.166,0.858
2349,2348847,Neutral,good,1180.8,2.9,0.0,7983.058,1434.645,1391.086,1418.398,2145.210,0.5554,0.0998,0.0968,0.0987,0.1493,0.981,1.031
2350,2349847,Neutral,good,1180.8,2.8,0.0,18907.203,8670.815,4857.740,4778.165,2878.188,0.4716,0.2163,0.1212,0.1192,0.0718,1.017,1.785
2351,2350847,Neutral,good,1181.7,3.2,0.0,7572.876,3022.819,5079.829,8480.751,993.637,0.3011,0.1202,0.2020,0.3372,0.0395,0.599,0.595
2352,2351847,Neutral,good,1181.2,3.3,0.0,5748.123,4230.990,2541.544,1061.085,365.832,0.4121,0.3033,0.1822,0.0761,0.0262,2.395,1.665
2353,2352847,Neutral,good,1181.5,2.9,0.0,2996.536,1105.138,3788.048,7629.175,2151.779,0.1696,0.0625,0.2144,0.4317,0.1218,0.497,0.292
2354,2353847,Neutral,good,1181.9,3.1,0.0,6699.283,1159.650,2361.586,2781.895,470.390,0.4972,0.0861,0.1753,0.2065,0.0349,0.849,0.491
2355,2354847,Neutral,good,1181.8,3.7,0.0,3962.088,1234.735,3781.299,12209.880,3972.429,0.1575,0.0491,0.1503,0.4853,0.1579,0.310,0.327
2356,2355847,Neutral,good,1181.6,3.4,0.0,4078.214,2559.358,4322.182,2116.248,842.623,0.2930,0.1839,0.3105,0.1520,0.0605,2.042,0.592
2357,2356847,Neutral,good,1181.8,2.8,0.0,6768.965,1261.089,482.832,1092.807,392.923,0.6770,0.1261,0.0483,0.1093,0.0393,0.442,2.612
2358,2357847,Neutral,good,1181.7,3.4,0.0,10657.021,8599.095,1181.311,1940.673,1786.857,0.4410,0.3558,0.0489,0.0803,0.0739,0.609,7.279
2359,2358847,Neutral,good,1181.8,3.0,0.0,762.787,2920.575,1088.091,4253.026,3610.922,0.0604,0.2311,0.0861,0.3366,0.2858,0.256,2.684
2360,2359847,Neutral,good,1182.1,2.9,0.0,1276.543,398.580,1711.641,1775.721,842.175,0.2126,0.0664,0.2851,0.2957,0.1403,0.964,0.233
2361,2360847,Neutral,good,1182.3,3.3,0.0,5861.422,2705.760,2810.638,2217.542,1103.673,0.3988,0.1841,0.1912,0.1509,0.0751,1.267,0.963
2362,2361847,Neutral,good,1183.4,3.0,0.0,1747.038,434.421,3479.311,3657.809,788.364,0.1729,0.0430,0.3442,0.3619,0.0780,0.951,0.125
2363,2362847,Neutral,good,1182.6,3.2,0.0,9395.024,3570.345,3435.723,1931.863,475.166,0.4995,0.1898,0.1827,0.1027,0.0253,1.778,1.039
2364,2363846,Neutral,good,1182.6,3.4,0.0,1328.195,790.956,841.318,4489.083,3660.182,0.1196,0.0712,0.0757,0.4041,0.3295,0.187,0.940
2365,2364846,Neutral,good,1182.8,2.9,0.0,5315.218,1440.294,836.076,1214.774,624.608,0.5636,0.1527,0.0887,0.1288,0.0662,0.688,1.723
2366,2365846,Neutral,good,1182.9,3.3,0.0,5194.707,979.528,2657.515,6640.425,703.533,0.3211,0.0606,0.1643,0.4105,0.0435,0.400,0.369
2367,2366846,Neutral,good,1183.1,3.1,0.0,7406.453,10485.187,4600.585,2678.001,588.664,0.2875,0.4071,0.1786,0.1040,0.0229,1.718,2.279
2368,2367846,Neutral,good,1182.2,3.6,0.0,10952.535,3362.000,1436.509,3130.631,1474.567,0.5380,0.1652,0.0706,0.1538,0.0724,0.459,2.340
2369,2368846,Neutral,good,1181.9,3.4,0.0,6550.912,1012.990,1717.569,4914.031,1642.709,0.4136,0.0640,0.1084,0.3103,0.1037,0.350,0.590
2370,2369846,Neutral,good,1181.8,2.8,0.0,1840.255,536.612,2445.979,1261.458,790.745,0.2677,0.0781,0.3558,0.1835,0.1150,1.939,0.219
2371,2370846,Neutral,good,1182.7,2.5,0.0,782.205,1402.085,2449.255,2731.514,758.261,0.0963,0.1726,0.3015,0.3363,0.0933,0.897,0.572
2372,2371846,Neutral,good,1182.9,2.8,0.0,2161.817,807.215,260.982,6876.220,4910.177,0.1440,0.0538,0.0174,0.4579,0.3270,0.038,3.093
2373,2372846,Neutral,good,1182.4,3.1,0.0,3488.420,7103.927,7729.189,1394.991,737.498,0.1705,0.3473,0.3779,0.0682,0.0361,5.541,0.919
2374,2373846,Neutral,good,1182.4,3.1,0.0,1983.281,1051.325,991.570,3306.050,2023.317,0.2120,0.1124,0.1060,0.3534,0.2163,0.300,1.060
2375,2374846,Neutral,good,1181.5,3.2,0.0,5859.567,557.503,814.577,2363.683,1316.208,0.5370,0.0511,0.0747,0.2166,0.1206,0.345,0.684
2376,2375846,Neutral,good,1182.1,2.5,0.0,3193.920,4621.088,2524.662,2273.680,331.268,0.2467,0.3570,0.1950,0.1756,0.0256,1.110,1.830
2377,2376846,Neutral,good,1181.8,3.0,0.0,3010.751,625.957,1205.300,1724.978,561.890,0.4223,0.0878,0.1691,0.2420,0.0788,0.699,0.519
2378,2377846,Neutral,good,1181.9,2.9,0.0,2236.157,4061.392,3417.576,3974.303,405.392,0.1587,0.2881,0.2425,0.2820,0.0288,0.860,1.188
2379,2378846,Neutral,good,1182.4,2.7,0.0,4756.313,1472.498,2258.337,3312.294,2153.899,0.3409,0.1055,0.1618,0.2374,0.1544,0.682,0.652
2380,2379845,Neutral,good,1182.1,2.9,0.0,6587.858,6529.653,6695.664,3001.563,1515.956,0.2708,0.2684,0.2752,0.1234,0.0623,2.231,0.975
2381,2380845,Neutral,good,1181.9,2.9,0.0,6117.553,941.141,2111.131,952.731,564.953,0.5724,0.0881,0.1975,0.0891,0.0529,2.216,0.446
2382,2381845,Neutral,good,1181.7,2.7,0.0,3260.764,650.122,764.604,1462.605,390.738,0.4994,0.0996,0.1171,0.2240,0.0598,0.523,0.850
2383,2382845,Neutral,good,1182.7,2.8,0.0,656.353,4762.501,3401.761,2534.437,1334.599,0.0517,0.3753,0.2681,0.1997,0.1052,1.342,1.400
2384,2383845,Neutral,good,1182.4,3.3,0.0,15891.103,2930.141,1675.257,2021.202,918.981,0.6780,0.1250,0.0715,0.0862,0.0392,0.829,1.749
2385,2384845,Neutral,good,1181.5,3.3,0.0,6183.968,1042.282,2171.070,4096.366,2609.741,0.3840,0.0647,0.1348,0.2544,0.1621,0.530,0.480
2386,2385845,Neutral,good,1181.6,3.5,0.0,20153.322,832.421,3978.104,3889.363,639.797,0.6833,0.0282,0.1349,0.1319,0.0217,1.023,0.209
2387,2386845,Neutral,good,1182.0,2.7,0.0,4329.085,1592.218,1179.257,2335.535,1477.347,0.3967,0.1459,0.1081,0.2140,0.1354,0.505,1.350
2388,2387845,Neutral,good,1181.9,2.4,0.0,7089.710,927.552,1477.081,782.779,1075.634,0.6245,0.0817,0.1301,0.0690,0.0947,1.887,0.628
2389,2388845,Neutral,good,1181.2,3.2,0.0,3104.741,5562.405,1629.293,4313.173,1709.614,0.1903,0.3408,0.0998,0.2643,0.1048,0.378,3.414
2390,2389845,Neutral,good,1182.1,2.5,0.0,2189.760,5315.622,4731.256,1667.871,1092.781,0.1460,0.3544,0.3155,0.1112,0.0729,2.837,1.124
2391,2390845,Neutral,good,1182.2,3.2,0.0,2980.818,3387.305,1180.153,11087.712,6982.402,0.1164,0.1322,0.0461,0.4328,0.2726,0.106,2.870
2392,2391845,Neutral,good,1181.3,3.3,0.0,13318.604,7601.448,1717.010,1166.734,589.169,0.5460,0.3116,0.0704,0.0478,0.0242,1.472,4.427
2393,2392845,Neutral,good,1181.7,3.2,0.0,5958.867,1239.955,1097.686,2263.806,5595.052,0.3688,0.0768,0.0679,0.1401,0.3463,0.485,1.130
2394,2393845,Neutral,good,1181.0,3.0,0.0,4834.951,5113.174,6858.209,3229.711,508.613,0.2353,0.2489,0.3338,0.1572,0.0248,2.123,0.746
2395,2394844,Neutral,good,1181.8,2.8,0.0,1353.705,3884.442,2195.695,4901.534,293.896,0.1072,0.3076,0.1739,0.3881,0.0233,0.448,1.769
2396,2395844,Neutral,good,1181.9,2.8,0.0,5065.671,478.762,760.555,4013.963,1907.458,0.4143,0.0392,0.0622,0.3283,0.1560,0.189,0.629
2397,2396844,Neutral,good,1181.5,3.5,0.0,5177.628,10363.584,6851.935,4825.396,1705.432,0.1790,0.3583,0.2369,0.1668,0.0590,1.420,1.513
2398,2397844,Neutral,good,1182.1,3.0,0.0,1764.034,1281.564,4612.627,5388.251,859.483,0.1269,0.0922,0.3317,0.3875,0.0618,0.856,0.278
2399,2398844,Neutral,good,1182.2,2.7,0.0,899.767,384.442,898.193,3474.743,2071.823,0.1164,0.0497,0.1162,0.4496,0.2681,0.258,0.428
2400,2399844,Neutral,good,1182.3,3.0,0.0,1952.895,959.513,1551.550,4167.915,1107.693,0.2005,0.0985,0.1593,0.4279,0.1137,0.372,0.618
2401,2400844,Neutral,good,1181.7,3.3,0.0,23089.686,2037.489,748.204,1321.697,1299.549,0.8103,0.0715,0.0263,0.0464,0.0456,0.566,2.723
2402,2401844,Neutral,good,1181.4,3.1,0.0,6882.972,5041.671,1980.256,2388.938,388.302,0.4126,0.3022,0.1187,0.1432,0.0233,0.829,2.546
2403,2402844,Neutral,good,1181.8,2.9,0.0,1652.528,2030.678,1592.055,2216.436,1820.451,0.1775,0.2181,0.1710,0.2380,0.1955,0.718,1.276
2404,2403844,Neutral,good,1181.8,2.7,0.0,2229.013,568.031,237.026,2032.092,3685.004,0.2547,0.0649,0.0271,0.2322,0.4211,0.117,2.396
2405,2404844,Neutral,good,1182.0,3.1,0.0,652.423,1326.070,2519.247,2983.931,1722.262,0.0709,0.1441,0.2737,0.3242,0.1871,0.844,0.526
2406,2405844,Neutral,good,1182.1,2.9,0.0,2391.401,2930.474,1986.802,2476.486,363.550,0.2356,0.2888,0.1958,0.2440,0.0358,0.802,1.475
2407,2406844,Neutral,good,1181.5,3.3,0.0,6092.998,2960.683,4544.455,3448.346,599.423,0.3453,0.1678,0.2575,0.1954,0.0340,1.318,0.651
2408,2407844,Neutral,good,1182.2,3.0,0.0,1566.919,1040.443,229.959,3477.437,1794.013,0.1932,0.1283,0.0284,0.4288,0.2212,0.066,4.524
2409,2408844,Neutral,good,1182.9,3.0,0.0,2527.871,794.094,406.150,5386.829,2987.100,0.2089,0.0656,0.0336,0.4451,0.2468,0.075,1.955
2410,2409844,Neutral,good,1182.5,3.3,0.0,17931.611,7248.661,1984.566,859.202,1032.302,0.6171,0.2495,0.0683,0.0296,0.0355,2.310,3.653
2411,2410843,Neutral,good,1182.6,2.6,0.0,1877.855,214.517,1010.740,2047.725,755.605,0.3179,0.0363,0.1711,0.3467,0.1279,0.494,0.212
2412,2411843,Neutral,good,1182.2,3.0,0.0,4035.225,1054.193,2072.366,8418.673,1415.511,0.2374,0.0620,0.1219,0.4953,0.0833,0.246,0.509
2413,2412843,Neutral,good,1182.3,3.1,0.0,2337.975,749.940,307.081,7041.131,3646.141,0.1660,0.0533,0.0218,0.5000,0.2589,0.044,2.442
2414,2413843,Neutral,good,1182.4,2.8,0.0,6874.237,4798.135,1448.889,3959.154,1729.340,0.3655,0.2551,0.0770,0.2105,0.0919,0.366,3.312
2415,2414843,Neutral,good,1182.7,2.8,0.0,1254.244,2955.024,3369.594,1440.676,4216.101,0.0948,0.2233,0.2546,0.1088,0.3185,2.339,0.877
2416,2415843,Neutral,good,1181.7,3.3,0.0,7436.931,3717.293,1833.773,789.789,1144.243,0.4984,0.2491,0.1229,0.0529,0.0767,2.322,2.027
2417,2416843,Neutral,good,1181.9,3.2,0.0,4908.983,751.255,1326.345,4300.250,2679.746,0.3515,0.0538,0.0950,0.3079,0.1919,0.308,0.566
2418,2417843,Neutral,good,1181.8,2.8,0.0,7071.434,2468.948,1935.793,2391.674,551.959,0.4904,0.1712,0.1342,0.1659,0.0383,0.809,1.275
2419,2418843,Neutral,good,1182.0,2.7,0.0,3215.328,3129.155,2230.676,1129.469,458.659,0.3164,0.3079,0.2195,0.1111,0.0451,1.975,1.403
2420,2419843,Neutral,good,1181.7,3.5,0.0,3224.387,17235.666,17300.883,2712.345,2250.750,0.0755,0.4034,0.4049,0.0635,0.0527,6.379,0.996
2421,2420843,Neutral,good,1181.9,3.0,0.0,11544.145,884.846,310.991,1530.248,1535.813,0.7304,0.0560,0.0197,0.0968,0.0972,0.203,2.845
2422,2421843,Neutral,good,1182.2,2.7,0.0,9715.566,3809.983,5451.438,7280.529,966.462,0.3569,0.1399,0.2002,0.2674,0.0355,0.749,0.699
2423,2422843,Neutral,good,1181.9,3.0,0.0,10978.296,1853.623,1927.052,3210.168,1484.790,0.5643,0.0953,0.0991,0.1650,0.0763,0.600,0.962
2424,2423843,Neutral,good,1181.7,3.0,0.0,9098.846,2463.427,1230.269,4074.944,1637.161,0.4917,0.1331,0.0665,0.2202,0.0885,0.302,2.002
2425,2424843,Neutral,good,1181.3,2.9,0.0,2103.636,1874.920,1373.910,1422.377,1108.242,0.2669,0.2378,0.1743,0.1804,0.1406,0.966,1.365
2426,2425842,Neutral,good,1181.7,2.8,0.0,7367.939,717.925,1082.914,3845.223,1938.866,0.4927,0.0480,0.0724,0.2572,0.1297,0.282,0.663
2427,2426842,Neutral,good,1181.8,2.7,0.0,20615.029,4635.555,1929.989,5308.826,2345.230,0.5918,0.1331,0.0554,0.1524,0.0673,0.364,2.402
2428,2427842,Neutral,good,1182.1,3.2,0.0,10210.052,398.163,2122.435,2764.875,1478.985,0.6015,0.0235,0.1250,0.1629,0.0871,0.768,0.188
2429,2428842,Neutral,good,1181.8,2.8,0.0,10743.879,817.042,1074.985,7430.402,943.243,0.5114,0.0389,0.0512,0.3537,0.0449,0.145,0.760
2430,2429842,Neutral,good,1182.3,3.2,0.0,4862.077,808.892,1416.918,2832.096,565.911,0.4637,0.0771,0.1351,0.2701,0.0540,0.500,0.571
2431,2430842,Neutral,good,1182.1,3.1,0.0,11227.043,1066.568,362.093,2535.684,455.459,0.7175,0.0682,0.0231,0.1621,0.0291,0.143,2.946
2432,2431842,Neutral,good,1181.4,3.3,0.0,4767.183,1028.475,2822.418,6904.602,2271.219,0.2679,0.0578,0.1586,0.3880,0.1276,0.409,0.364
2433,2432842,Neutral,good,1181.3,3.3,0.0,5974.586,5185.939,5225.810,6485.236,850.321,0.2519,0.2186,0.2203,0.2734,0.0358,0.806,0.992
2434,2433842,Neutral,good,1181.1,2.9,0.0,3324.227,1736.545,1226.277,2961.979,1541.690,0.3081,0.1609,0.1136,0.2745,0.1429,0.414,1.416
2435,2434842,Neutral,good,1181.5,3.1,0.0,3261.654,2248.946,3987.444,1620.083,1846.831,0.2516,0.1735,0.3076,0.1250,0.1424,2.461,0.564
2436,2435842,Neutral,good,1181.6,2.9,0.0,10297.109,5666.636,918.138,6356.557,1888.458,0.4098,0.2255,0.0365,0.2530,0.0752,0.144,6.172
2437,2436842,Neutral,good,1181.4,2.7,0.0,1250.990,1244.518,1423.331,3242.896,1145.862,0.1506,0.1498,0.1713,0.3904,0.1379,0.439,0.874
2438,2437842,Neutral,good,1180.7,3.4,0.0,4775.320,1926.759,2524.698,2709.155,2649.163,0.3274,0.1321,0.1731,0.1857,0.1816,0.932,0.763
2439,2438842,Neutral,good,1180.5,3.5,0.0,1440.940,5973.557,6475.986,2451.410,642.551,0.0848,0.3517,0.3813,0.1443,0.0378,2.642,0.922
2440,2439842,Neutral,good,1180.4,3.3,0.0,4977.000,2095.439,1250.368,3880.562,1889.676,0.3532,0.1487,0.0887,0.2754,0.1341,0.322,1.676
2441,2440842,Neutral,good,1180.6,2.9,0.0,502.979,5766.521,8810.248,2235.199,1067.536,0.0274,0.3137,0.4793,0.1216,0.0581,3.942,0.655
2442,2441842,Neutral,good,1180.6,3.0,0.0,5732.904,1757.908,640.409,3509.375,865.466,0.4584,0.1406,0.0512,0.2806,0.0692,0.182,2.745
2443,2442841,Neutral,good,1181.2,2.6,0.0,8614.893,3311.622,2016.986,915.123,3076.085,0.4803,0.1846,0.1125,0.0510,0.1715,2.204,1.642
2444,2443841,Neutral,good,1181.3,2.9,0.0,10009.709,2225.920,540.148,1868.113,697.145,0.6525,0.1451,0.0352,0.1218,0.0454,0.289,4.121
2445,2444841,Neutral,good,1182.1,2.5,0.0,1670.239,561.392,1427.181,3759.544,735.428,0.2048,0.0689,0.1750,0.4611,0.0902,0.380,0.393
2446,2445841,Neutral,good,1181.5,3.3,0.0,8722.021,2422.833,1325.319,2359.586,1719.950,0.5270,0.1464,0.0801,0.1426,0.1039,0.562,1.828
2447,2446841,Neutral,good,1181.4,3.1,0.0,5361.763,1979.808,2157.043,1674.770,1537.637,0.4218,0.1558,0.1697,0.1318,0.1210,1.288,0.918
2448,2447841,Neutral,good,1181.7,2.6,0.0,1118.244,2571.212,653.753,3076.084,1705.120,0.1226,0.2818,0.0716,0.3371,0.1869,0.213,3.933
2449,2448841,Neutral,good,1181.5,3.3,0.0,2900.438,399.792,1119.710,2116.232,553.982,0.4091,0.0564,0.1579,0.2985,0.0781,0.529,0.357
2450,2449841,Neutral,good,1181.3,2.8,0.0,4213.734,1364.107,1945.460,3818.999,976.641,0.3421,0.1107,0.1579,0.3100,0.0793,0.509,0.701
2451,2450841,Neutral,good,1181.9,3.3,0.0,1879.932,4346.479,3608.057,10499.420,1190.716,0.0873,0.2019,0.1676,0.4878,0.0553,0.344,1.205
2452,2451841,Neutral,good,1181.7,2.8,0.0,5871.783,4217.883,3063.257,3180.162,142.980,0.3564,0.2560,0.1859,0.1930,0.0087,0.963,1.377
2453,2452841,Neutral,good,1181.4,3.2,0.0,2845.738,855.214,1977.243,2761.028,562.259,0.3161,0.0950,0.2197,0.3067,0.0625,0.716,0.433
2454,2453841,Neutral,good,1181.5,2.9,0.0,1892.136,1484.528,2125.266,2718.871,1652.799,0.1916,0.1504,0.2152,0.2754,0.1674,0.782,0.699
2455,2454841,Neutral,good,1181.8,3.3,0.0,2360.342,3122.176,1463.458,4357.119,1052.625,0.1910,0.2527,0.1184,0.3526,0.0852,0.336,2.133
2456,2455841,Neutral,good,1181.8,2.7,0.0,2445.464,705.026,1629.580,2771.656,1441.233,0.2719,0.0784,0.1812,0.3082,0.1603,0.588,0.433
2457,2456841,Neutral,good,1181.3,3.3,0.0,14633.631,4212.270,1215.425,6895.283,2927.719,0.4897,0.1410,0.0407,0.2307,0.0980,0.176,3.466
2458,2457840,Neutral,good,1181.3,2.7,0.0,2733.651,672.676,2947.782,5884.711,236.149,0.2191,0.0539,0.2363,0.4717,0.0189,0.501,0.228
2459,2458840,Neutral,good,1182.1,2.6,0.0,1461.270,452.605,556.847,871.012,1147.860,0.3255,0.1008,0.1240,0.1940,0.2557,0.639,0.813
2460,2459840,Neutral,good,1182.0,2.8,0.0,6417.250,733.099,959.646,2955.359,1514.484,0.5101,0.0583,0.0763,0.2349,0.1204,0.325,0.764
2461,2460840,Neutral,good,1181.8,2.9,0.0,4042.219,1660.536,2274.291,2304.374,776.039,0.3656,0.1502,0.2057,0.2084,0.0702,0.987,0.730
2462,2461840,Neutral,good,1180.9,3.2,0.0,6565.643,1646.454,1893.031,7981.410,779.792,0.3480,0.0873,0.1003,0.4231,0.0413,0.237,0.870
2463,2462840,Neutral,good,1182.0,2.8,0.0,3363.136,1985.546,1193.070,1580.760,1773.313,0.3399,0.2006,0.1206,0.1597,0.1792,0.755,1.664
2464,2463840,Neutral,good,1181.7,2.4,0.0,3227.285,2517.389,73.443,2983.687,1180.155,0.3233,0.2522,0.0074,0.2989,0.1182,0.025,34.277
2465,2464840,Neutral,good,1181.8,2.3,0.0,3225.862,996.767,765.976,1801.332,538.523,0.4402,0.1360,0.1045,0.2458,0.0735,0.425,1.301
2466,2465840,Neutral,good,1181.2,3.0,0.0,2265.999,1357.194,343.005,4493.425,1013.005,0.2392,0.1433,0.0362,0.4744,0.1069,0.076,3.957
2467,2466840,Neutral,good,1181.7,2.8,0.0,10961.382,5963.171,8186.937,6287.897,894.122,0.3394,0.1847,0.2535,0.1947,0.0277,1.302,0.728
2468,2467840,Neutral,good,1182.3,2.9,0.0,3668.295,949.877,1415.000,4541.472,2222.742,0.2866,0.0742,0.1106,0.3549,0.1737,0.312,0.671
2469,2468840,Neutral,good,1181.3,3.5,0.0,5248.526,2622.267,2616.241,2101.136,1202.722,0.3806,0.1901,0.1897,0.1524,0.0872,1.245,1.002
2470,2469840,Neutral,good,1181.9,2.9,0.0,540.082,234.965,172.791,3230.853,332.223,0.1197,0.0521,0.0383,0.7162,0.0736,0.053,1.360
2471,2470840,Neutral,good,1181.3,3.4,0.0,4762.626,2915.052,1788.193,1228.174,638.928,0.4202,0.2572,0.1578,0.1084,0.0564,1.456,1.630
2472,2471840,Neutral,good,1181.0,3.2,0.0,7131.736,2479.144,2235.899,4367.134,1002.794,0.4142,0.1440,0.1299,0.2537,0.0582,0.512,1.109
2473,2472840,Neutral,good,1181.7,2.4,0.0,3067.859,1733.653,1305.911,2140.390,947.090,0.3336,0.1885,0.1420,0.2328,0.1030,0.610,1.328
2474,2473839,Neutral,good,1181.5,3.4,0.0,4491.324,3645.491,728.690,2280.924,573.062,0.3832,0.3111,0.0622,0.1946,0.0489,0.319,5.003
2475,2474839,Neutral,good,1180.9,3.1,0.0,1941.863,840.218,598.130,1565.365,725.179,0.3424,0.1482,0.1055,0.2760,0.1279,0.382,1.405
2476,2475839,Neutral,good,1181.3,3.0,0.0,10672.354,1464.289,1305.357,2714.237,1119.465,0.6178,0.0848,0.0756,0.1571,0.0648,0.481,1.122
2477,2476839,Neutral,good,1181.8,2.8,0.0,4378.724,6604.285,4004.220,3499.398,888.041,0.2260,0.3409,0.2067,0.1806,0.0458,1.144,1.649
2478,2477839,Neutral,good,1181.6,3.2,0.0,2773.590,6697.782,4144.823,2077.386,939.298,0.1668,0.4027,0.2492,0.1249,0.0565,1.995,1.616
2479,2478839,Neutral,good,1181.1,3.7,0.0,9912.166,1143.176,4164.546,7175.790,4693.329,0.3659,0.0422,0.1537,0.2649,0.1733,0.580,0.275
2480,2479839,Neutral,good,1181.9,3.2,0.0,8144.650,3011.590,2069.565,2771.176,1483.396,0.4659,0.1723,0.1184,0.1585,0.0849,0.747,1.455
2481,2480839,Neutral,good,1181.2,3.1,0.0,3557.276,2111.407,1767.852,2942.072,735.398,0.3201,0.1900,0.1591,0.2647,0.0662,0.601,1.194
2482,2481839,Neutral,good,1181.4,3.6,0.0,10414.679,12261.696,9932.306,6033.913,994.185,0.2628,0.3094,0.2506,0.1522,0.0251,1.646,1.235
2483,2482839,Neutral,good,1181.0,2.8,0.0,5058.893,1748.996,551.617,4035.736,1529.889,0.3914,0.1353,0.0427,0.3122,0.1184,0.137,3.171
2484,2483839,Neutral,good,1181.2,3.1,0.0,2199.268,2762.209,1945.318,2752.824,2505.391,0.1808,0.2271,0.1599,0.2263,0.2060,0.707,1.420
2485,2484839,Neutral,good,1181.5,2.8,0.0,4794.375,4902.239,3174.798,2161.203,2045.011,0.2807,0.2871,0.1859,0.1266,0.1197,1.469,1.544
2486,2485839,Neutral,good,1181.0,3.1,0.0,16793.531,6459.329,1209.679,1857.005,1727.037,0.5988,0.2303,0.0431,0.0662,0.0616,0.651,5.340
2487,2486839,Neutral,good,1181.7,2.9,0.0,4006.004,1024.683,768.101,3383.731,838.012,0.3998,0.1023,0.0767,0.3377,0.0836,0.227,1.334
2488,2487839,Neutral,good,1181.6,3.0,0.0,3763.424,2095.544,4675.438,3886.534,2759.522,0.2191,0.1220,0.2721,0.2262,0.1606,1.203,0.448
2489,2488838,Neutral,good,1181.3,2.9,0.0,5953.656,1631.931,3925.988,4015.421,2338.491,0.3332,0.0913,0.2198,0.2248,0.1309,0.978,0.416
2490,2489838,Neutral,good,1181.4,2.5,0.0,758.628,718.644,825.166,7308.447,925.144,0.0720,0.0682,0.0783,0.6937,0.0878,0.113,0.871
2491,2490838,Neutral,good,1181.1,3.2,0.0,12247.302,5311.508,1561.617,2634.118,506.965,0.5502,0.2386,0.0701,0.1183,0.0228,0.593,3.401
2492,2491838,Neutral,good,1180.9,3.2,0.0,1370.810,1850.797,3979.706,2621.289,1144.893,0.1250,0.1688,0.3629,0.2390,0.1044,1.518,0.465
2493,2492838,Neutral,good,1181.3,3.5,0.0,15992.283,2805.825,3515.777,3705.454,1179.881,0.5880,0.1032,0.1293,0.1362,0.0434,0.949,0.798
2494,2493838,Neutral,good,1180.8,3.2,0.0,8013.227,4091.095,3400.386,4387.660,2165.594,0.3633,0.1855,0.1542,0.1989,0.0982,0.775,1.203
2495,2494838,Neutral,good,1181.2,2.9,0.0,8501.100,5358.463,4063.470,1500.115,1103.348,0.4142,0.2611,0.1980,0.0731,0.0538,2.709,1.319
2496,2495838,Neutral,good,1180.9,3.0,0.0,3840.658,1339.035,833.360,2156.131,1262.736,0.4072,0.1420,0.0884,0.2286,0.1339,0.387,1.607
2497,2496838,Neutral,good,1178.4,5.8,0.0,9482.529,4076.842,1819.577,2776.455,847.920,0.4990,0.2145,0.0958,0.1461,0.0446,0.655,2.241
2498,2497838,Neutral,good,1175.4,4.6,0.0,3105.913,1259.328,1256.260,1053.498,737.252,0.4190,0.1699,0.1695,0.1421,0.0995,1.192,1.002
2499,2498838,Neutral,good,1176.3,2.4,0.0,5618.301,9279.160,4196.489,3565.938,1215.158,0.2353,0.3887,0.1758,0.1494,0.0509,1.177,2.211
2500,2499838,Neutral,good,1176.8,2.5,0.0,8413.687,1426.901,604.610,3443.806,799.361,0.5728,0.0971,0.0412,0.2345,0.0544,0.176,2.360
2501,2500838,Neutral,good,1177.1,2.7,0.0,703.985,1374.435,2783.727,6023.810,1788.884,0.0555,0.1084,0.2196,0.4753,0.1411,0.462,0.494
2502,2501838,Neutral,good,1177.3,2.6,0.0,1396.321,341.979,2489.553,2314.961,690.810,0.1930,0.0473,0.3442,0.3200,0.0955,1.075,0.137
2503,2502838,Neutral,good,1178.9,2.7,0.0,363.602,266.249,181.642,2145.061,406.797,0.1081,0.0792,0.0540,0.6378,0.1209,0.085,1.466
2504,2503838,Neutral,good,1178.9,2.7,0.0,7229.900,870.367,805.038,2757.211,303.735,0.6042,0.0727,0.0673,0.2304,0.0254,0.292,1.081
2505,2504837,Neutral,good,1178.9,3.4,0.0,6472.214,731.305,1219.821,1631.281,681.968,0.6028,0.0681,0.1136,0.1519,0.0635,0.748,0.600
2506,2505837,Neutral,good,1179.2,3.1,0.0,5399.520,1177.974,415.716,1453.496,398.157,0.6105,0.1332,0.0470,0.1643,0.0450,0.286,2.834
2507,2506837,Neutral,good,1179.4,3.0,0.0,10204.863,235.487,325.169,1773.977,1491.099,0.7273,0.0168,0.0232,0.1264,0.1063,0.183,0.724
2508,2507837,Neutral,good,1179.7,2.9,0.0,3782.762,3131.388,2335.752,4508.648,1210.665,0.2527,0.2092,0.1560,0.3012,0.0809,0.518,1.341
2509,2508837,Neutral,good,1179.9,3.0,0.0,5285.554,1076.847,247.300,882.847,1084.768,0.6162,0.1255,0.0288,0.1029,0.1265,0.280,4.354
2510,2509837,Neutral,good,1179.9,2.8,0.0,5272.204,2707.277,1838.622,5107.632,884.156,0.3335,0.1712,0.1163,0.3231,0.0559,0.360,1.472
2511,2510837,Neutral,good,1180.0,2.6,0.0,4618.102,2117.629,2602.969,2290.844,706.691,0.3744,0.1717,0.2110,0.1857,0.0573,1.136,0.814
2512,2511837,Neutral,good,1180.2,2.7,0.0,2960.597,2311.078,1790.660,1381.624,1050.896,0.3118,0.2434,0.1886,0.1455,0.1107,1.296,1.291
2513,2512837,Neutral,good,1180.6,2.7,0.0,3829.812,828.404,620.830,1264.117,389.742,0.5524,0.1195,0.0895,0.1823,0.0562,0.491,1.334
2514,2513837,Neutral,good,1181.9,2.6,0.0,1729.658,2294.484,2627.560,5623.672,1648.881,0.1242,0.1648,0.1887,0.4039,0.1184,0.467,0.873
2515,2514837,Neutral,good,1183.6,2.4,0.0,3469.942,6655.492,1786.973,1485.310,2335.705,0.2205,0.4230,0.1136,0.0944,0.1485,1.203,3.724
2516,2515837,Neutral,good,1184.6,3.1,0.0,15925.381,4490.393,1215.292,926.321,1980.387,0.6490,0.1830,0.0495,0.0378,0.0807,1.312,3.695
2517,2516837,Neutral,good,1184.4,3.4,0.0,7077.388,3133.826,1490.017,1494.599,1301.340,0.4882,0.2162,0.1028,0.1031,0.0898,0.997,2.103
2518,2517837,Neutral,good,1184.6,3.8,0.0,12432.750,1851.456,2150.889,2754.535,161.192,0.6425,0.0957,0.1112,0.1423,0.0083,0.781,0.861
2519,2518837,Neutral,good,1184.8,3.5,0.0,21067.480,3223.120,1293.732,1674.320,593.844,0.7564,0.1157,0.0464,0.0601,0.0213,0.773,2.491
2520,2519836,Neutral,good,1184.0,3.3,0.0,4598.674,1737.131,2598.848,1078.683,663.618,0.4307,0.1627,0.2434,0.1010,0.0622,2.409,0.668
2521,2520836,Neutral,good,1184.6,2.9,0.0,2593.057,197.361,1034.223,5042.555,1499.267,0.2501,0.0190,0.0998,0.4864,0.1446,0.205,0.191
2522,2521836,Neutral,good,1184.3,3.2,0.0,21020.148,10671.408,2691.637,2218.213,1637.051,0.5497,0.2791,0.0704,0.0580,0.0428,1.213,3.965
2523,2522836,Neutral,good,1185.2,2.6,0.0,3217.108,5677.936,856.750,667.497,431.526,0.2965,0.5233,0.0790,0.0615,0.0398,1.284,6.627
2524,2523836,Neutral,good,1185.2,3.1,0.0,2256.700,1138.612,2497.355,3967.893,512.214,0.2176,0.1098,0.2408,0.3825,0.0494,0.629,0.456
2525,2524836,Neutral,good,1161.4,23.1,0.0,1678693.500,129961.625,11984.465,25503.967,8061.439,0.9053,0.0701,0.0065,0.0138,0.0043,0.470,10.844
2526,2525836,Neutral,good,1151.0,10.8,0.0,68817.055,7660.015,989.772,2830.134,2164.632,0.8345,0.0929,0.0120,0.0343,0.0263,0.350,7.739
2527,2526836,Neutral,good,1151.5,4.2,0.0,34004.969,6762.575,3865.743,3675.285,334.149,0.6991,0.1390,0.0795,0.0756,0.0069,1.052,1.749
2528,2527836,Neutral,good,1152.5,7.4,0.0,67566.820,997.655,2015.136,2814.271,566.632,0.9136,0.0135,0.0272,0.0381,0.0077,0.716,0.495
2529,2528836,Neutral,good,1151.9,6.3,0.0,36105.836,6502.536,3171.121,1262.498,1805.343,0.7392,0.1331,0.0649,0.0258,0.0370,2.512,2.051
2530,2529836,Neutral,good,1152.2,4.1,0.0,11041.915,991.099,3015.011,2962.715,1045.901,0.5794,0.0520,0.1582,0.1555,0.0549,1.018,0.329
2531,2530836,Neutral,good,1153.6,3.6,0.0,1288.124,3888.277,2300.015,1609.896,225.481,0.1383,0.4176,0.2470,0.1729,0.0242,1.429,1.691
2532,2531836,Neutral,good,1152.8,3.4,0.0,9626.693,2766.568,3459.027,7360.511,2208.383,0.3787,0.1088,0.1361,0.2895,0.0869,0.470,0.800
2533,2532836,Neutral,good,1153.2,3.7,0.0,4846.226,6747.450,8187.566,6742.980,4510.016,0.1562,0.2174,0.2638,0.2173,0.1453,1.214,0.824
2534,2533836,Neutral,good,1154.1,3.6,0.0,5962.415,682.605,1601.951,4500.198,3434.205,0.3685,0.0422,0.0990,0.2781,0.2122,0.356,0.426
2535,2534836,Neutral,good,1154.0,3.4,0.0,11319.438,2793.937,2364.701,1252.929,1777.157,0.5802,0.1432,0.1212,0.0642,0.0911,1.887,1.182
2536,2535835,Neutral,good,1153.3,3.6,0.0,9068.894,3621.036,579.380,1378.611,679.746,0.5917,0.2362,0.0378,0.0899,0.0443,0.420,6.250
2537,2536835,Neutral,good,1154.1,2.9,0.0,2612.904,704.611,5249.458,2893.449,1182.454,0.2067,0.0557,0.4152,0.2289,0.0935,1.814,0.134
2538,2537835,Neutral,good,1154.1,2.9,0.0,4416.867,3913.826,3552.197,616.293,333.013,0.3442,0.3050,0.2768,0.0480,0.0260,5.764,1.102
2539,2538835,Neutral,good,1153.5,3.1,0.0,2286.972,439.900,1465.682,768.517,626.056,0.4093,0.0787,0.2623,0.1376,0.1121,1.907,0.300
2540,2539835,Neutral,good,1153.4,3.3,0.0,10511.601,2432.719,3209.721,8296.002,1524.141,0.4047,0.0937,0.1236,0.3194,0.0587,0.387,0.758
2541,2540835,Neutral,good,1153.6,3.0,0.0,2831.121,897.305,1628.781,1345.341,927.921,0.3710,0.1176,0.2135,0.1763,0.1216,1.211,0.551
2542,2541835,Neutral,good,1154.8,2.5,0.0,139.135,894.042,1004.050,3891.532,3103.296,0.0154,0.0990,0.1112,0.4309,0.3436,0.258,0.890
2543,2542835,Neutral,good,1155.0,2.7,0.0,2993.433,1627.117,2112.333,1026.426,613.219,0.3575,0.1943,0.2523,0.1226,0.0732,2.058,0.770
2544,2543835,Neutral,good,1154.5,3.3,0.0,5063.640,714.948,659.482,4483.982,1518.778,0.4070,0.0575,0.0530,0.3604,0.1221,0.147,1.084
2545,2544835,Neutral,good,1154.0,3.5,0.0,23215.879,1466.385,575.610,3393.990,873.493,0.7863,0.0497,0.0195,0.1150,0.0296,0.170,2.548
2546,2545835,Neutral,good,1154.4,3.4,0.0,10039.181,8097.047,4726.947,772.743,408.871,0.4175,0.3367,0.1966,0.0321,0.0170,6.117,1.713
2547,2546835,Neutral,good,1154.2,3.0,0.0,7529.735,236.333,2245.305,2272.720,976.261,0.5678,0.0178,0.1693,0.1714,0.0736,0.988,0.105
2548,2547835,Neutral,good,1154.2,3.2,0.0,3993.197,2295.591,3083.884,3710.706,972.630,0.2841,0.1633,0.2194,0.2640,0.0692,0.831,0.744
2549,2548835,Neutral,good,1154.4,2.9,0.0,4666.327,1523.762,2050.957,5360.374,1251.345,0.3142,0.1026,0.1381,0.3609,0.0842,0.383,0.743
2550,2549835,Neutral,good,1154.9,2.8,0.0,6149.809,2300.919,1230.804,4645.918,2765.150,0.3598,0.1346,0.0720,0.2718,0.1618,0.265,1.869
2551,2550835,Neutral,good,1153.8,3.4,0.0,17904.746,4812.038,2518.929,2201.509,5339.203,0.5463,0.1468,0.0769,0.0672,0.1629,1.144,1.910
2552,2551834,Neutral,good,1154.5,3.2,0.0,1164.879,2936.589,4293.704,3911.773,1755.895,0.0828,0.2088,0.3053,0.2782,0.1249,1.098,0.684
2553,2552834,Neutral,good,1155.0,2.8,0.0,6207.657,594.201,2716.569,3464.757,561.075,0.4583,0.0439,0.2006,0.2558,0.0414,0.784,0.219
2554,2553834,Neutral,good,1154.4,3.4,0.0,4449.793,805.736,3647.740,2516.074,692.685,0.3674,0.0665,0.3012,0.2077,0.0572,1.450,0.221
2555,2554834,Neutral,good,1154.9,3.1,0.0,3728.511,814.892,683.797,3108.389,1610.458,0.3749,0.0819,0.0688,0.3125,0.1619,0.220,1.192
2556,2555834,Neutral,good,1154.2,3.2,0.0,3560.494,854.596,128.888,1622.094,1717.723,0.4516,0.1084,0.0163,0.2058,0.2179,0.079,6.631
2557,2556834,Neutral,good,1154.5,2.6,0.0,9662.337,2953.649,542.501,2779.196,545.184,0.5862,0.1792,0.0329,0.1686,0.0331,0.195,5.445
2558,2557834,Neutral,good,1153.2,3.6,0.0,2658.607,6131.621,5571.974,1801.101,1770.160,0.1482,0.3419,0.3107,0.1004,0.0987,3.094,1.100
2559,2558834,Neutral,good,1154.3,2.7,0.0,1519.609,2009.047,1449.188,2553.996,460.380,0.1901,0.2514,0.1813,0.3196,0.0576,0.567,1.386
2560,2559834,Neutral,good,1154.1,2.8,0.0,4534.384,1163.739,4325.443,3847.215,720.159,0.3108,0.0798,0.2964,0.2637,0.0494,1.124,0.269
2561,2560834,Neutral,good,1154.5,2.6,0.0,2587.377,949.514,646.802,2502.883,1564.794,0.3136,0.1151,0.0784,0.3033,0.1896,0.258,1.468
2562,2561834,Neutral,good,1155.1,2.9,0.0,7429.514,710.922,788.284,1416.364,937.811,0.6585,0.0630,0.0699,0.1255,0.0831,0.557,0.902
2563,2562834,Neutral,good,1155.3,3.1,0.0,13040.099,4235.265,1671.930,2579.871,1831.407,0.5583,0.1813,0.0716,0.1104,0.0784,0.648,2.533
2564,2563834,Neutral,good,1154.9,4.1,0.0,9036.141,6325.853,2080.272,2885.178,1069.958,0.4223,0.2956,0.0972,0.1348,0.0500,0.721,3.041
2565,2564834,Neutral,good,1154.8,3.0,0.0,7760.111,2656.554,3114.408,5831.820,951.432,0.3820,0.1308,0.1533,0.2871,0.0468,0.534,0.853
2566,2565834,Neutral,good,1154.7,3.5,0.0,8070.613,4200.245,4935.704,8689.077,1556.674,0.2940,0.1530,0.1798,0.3165,0.0567,0.568,0.851
2567,2566834,Neutral,good,1155.0,3.1,0.0,3757.765,11080.202,8344.339,1516.977,934.246,0.1466,0.4323,0.3255,0.0592,0.0364,5.501,1.328
2568,2567833,Neutral,good,1154.7,3.2,0.0,6101.838,3195.415,1856.387,3560.609,3900.604,0.3278,0.1717,0.0997,0.1913,0.2095,0.521,1.721
2569,2568833,Neutral,good,1154.8,3.0,0.0,8730.098,4583.457,3474.469,7899.905,910.885,0.3410,0.1790,0.1357,0.3086,0.0356,0.440,1.319
2570,2569833,Neutral,good,1155.7,2.9,0.0,3832.212,2591.921,726.624,1572.300,1062.101,0.3916,0.2649,0.0743,0.1607,0.1085,0.462,3.567
2571,2570833,Neutral,good,1154.3,3.9,0.0,8579.879,2271.354,1289.120,3265.473,1288.127,0.5140,0.1361,0.0772,0.1956,0.0772,0.395,1.762
2572,2571833,Neutral,good,1154.4,3.0,0.0,8557.465,7740.738,4272.153,6258.885,804.497,0.3097,0.2801,0.1546,0.2265,0.0291,0.683,1.812
2573,2572833,Neutral,good,1154.7,2.6,0.0,1150.679,783.910,943.839,1821.886,1354.024,0.1901,0.1295,0.1559,0.3009,0.2236,0.518,0.831
2574,2573833,Neutral,good,1154.7,3.1,0.0,2465.385,2224.001,3382.044,9367.099,563.708,0.1369,0.1235,0.1879,0.5203,0.0313,0.361,0.658
2575,2574833,Neutral,good,1155.0,3.0,0.0,3911.423,2851.989,542.262,3813.033,1521.980,0.3094,0.2256,0.0429,0.3016,0.1204,0.142,5.259
2576,2575833,Neutral,good,1155.3,2.5,0.0,6024.221,1193.230,599.452,908.979,430.400,0.6579,0.1303,0.0655,0.0993,0.0470,0.659,1.991
2577,2576833,Neutral,good,1156.3,2.8,0.0,4686.570,2049.024,1119.742,3718.365,846.254,0.3773,0.1650,0.0902,0.2994,0.0681,0.301,1.830
2578,2577833,Neutral,good,1156.3,2.9,0.0,5317.252,1793.670,1256.565,2140.391,427.198,0.4863,0.1640,0.1149,0.1957,0.0391,0.587,1.427
2579,2578833,Neutral,good,1156.3,3.1,0.0,4986.592,1309.651,922.958,3089.275,1177.342,0.4342,0.1140,0.0804,0.2690,0.1025,0.299,1.419
2580,2579833,Neutral,good,1156.2,3.8,0.0,9030.349,3432.198,3974.466,1802.817,2494.382,0.4355,0.1655,0.1917,0.0869,0.1203,2.205,0.864
2581,2580833,Neutral,good,1156.3,3.1,0.0,3494.105,3053.506,1284.009,1636.560,437.526,0.3527,0.3083,0.1296,0.1652,0.0442,0.785,2.378
2582,2581832,Neutral,good,1156.8,2.9,0.0,11805.518,2751.202,2186.012,1161.500,247.712,0.6504,0.1516,0.1204,0.0640,0.0136,1.882,1.259
2583,2582832,Neutral,good,1156.8,3.1,0.0,10036.449,703.025,1240.791,6324.474,2450.321,0.4836,0.0339,0.0598,0.3047,0.1181,0.196,0.567
2584,2583832,Neutral,good,1156.7,3.2,0.0,6575.068,4157.215,1470.085,2483.472,1171.549,0.4146,0.2622,0.0927,0.1566,0.0739,0.592,2.828
2585,2584832,Neutral,good,1156.6,3.0,0.0,5380.153,1478.185,633.681,964.878,359.116,0.6103,0.1677,0.0719,0.1094,0.0407,0.657,2.333
2586,2585832,Neutral,good,1156.6,3.3,0.0,6830.370,3895.092,6383.029,6341.559,1159.804,0.2775,0.1583,0.2594,0.2577,0.0471,1.007,0.610
2587,2586832,Neutral,good,1156.4,2.9,0.0,4811.644,552.541,690.930,4058.891,1210.979,0.4249,0.0488,0.0610,0.3584,0.1069,0.170,0.800
2588,2587832,Neutral,good,1156.1,3.1,0.0,19335.969,6827.417,4839.987,2648.550,866.078,0.5602,0.1978,0.1402,0.0767,0.0251,1.827,1.411
2589,2588832,Neutral,good,1155.8,3.1,0.0,10672.650,905.597,276.085,1238.805,384.199,0.7919,0.0672,0.0205,0.0919,0.0285,0.223,3.280
2590,2589832,Neutral,good,1155.8,3.0,0.0,9113.943,2190.168,3022.182,2480.778,1122.675,0.5083,0.1222,0.1686,0.1384,0.0626,1.218,0.725
2591,2590832,Neutral,good,1156.4,2.7,0.0,9663.468,2862.817,2593.851,4351.921,1996.015,0.4501,0.1334,0.1208,0.2027,0.0930,0.596,1.104
2592,2591832,Neutral,good,1156.1,3.2,0.0,21609.594,694.540,1726.866,1529.745,2815.079,0.7615,0.0245,0.0609,0.0539,0.0992,1.129,0.402
2593,2592832,Neutral,good,1156.0,3.3,0.0,15751.216,4845.329,1841.693,2040.306,811.877,0.6228,0.1916,0.0728,0.0807,0.0321,0.903,2.631
2594,2593832,Neutral,good,1155.9,3.2,0.0,5313.610,633.009,683.228,3180.478,2612.713,0.4277,0.0510,0.0550,0.2560,0.2103,0.215,0.926
2595,2594832,Neutral,good,1155.3,2.9,0.0,4181.214,406.018,792.193,1138.367,708.050,0.5786,0.0562,0.1096,0.1575,0.0980,0.696,0.513
2596,2595832,Neutral,good,1155.7,3.0,0.0,5866.064,5268.130,6911.974,3788.079,525.891,0.2623,0.2356,0.3091,0.1694,0.0235,1.825,0.762
2597,2596831,Neutral,good,1155.3,3.1,0.0,12969.371,1001.023,1272.194,1610.398,416.348,0.7510,0.0580,0.0737,0.0933,0.0241,0.790,0.787
2598,2597831,Neutral,good,1155.1,3.3,0.0,3413.161,1783.366,1676.116,1735.378,1307.549,0.3442,0.1799,0.1690,0.1750,0.1319,0.966,1.064
2599,2598831,Neutral,good,1154.1,3.7,0.0,3108.031,2563.969,1492.802,1298.842,1016.525,0.3278,0.2705,0.1575,0.1370,0.1072,1.149,1.718
2600,2599831,Neutral,good,1153.6,3.3,0.0,3976.688,2152.331,3062.502,5919.609,1520.821,0.2391,0.1294,0.1841,0.3559,0.0914,0.517,0.703
2601,2600831,Neutral,good,1155.1,3.0,0.0,11036.777,4968.028,3954.307,14169.828,3711.273,0.2917,0.1313,0.1045,0.3745,0.0981,0.279,1.256
2602,2601831,Neutral,good,1155.0,2.7,0.0,13998.936,1806.300,926.764,2348.234,952.729,0.6988,0.0902,0.0463,0.1172,0.0476,0.395,1.949
2603,2602831,Neutral,good,1155.9,3.4,0.0,2358.525,3620.032,1422.671,3508.712,2825.864,0.1717,0.2635,0.1036,0.2554,0.2057,0.405,2.545
2604,2603831,Neutral,good,1155.3,3.7,0.0,7307.000,5264.663,2031.811,3566.080,2199.620,0.3587,0.2585,0.0997,0.1751,0.1080,0.570,2.591
2605,2604831,Neutral,good,1155.4,3.5,0.0,15444.784,2031.960,2637.353,1489.742,1721.666,0.6621,0.0871,0.1131,0.0639,0.0738,1.770,0.770
2606,2605831,Neutral,good,1155.7,3.7,0.0,5194.649,5442.240,5502.511,2608.313,981.972,0.2633,0.2758,0.2789,0.1322,0.0498,2.110,0.989
2607,2606831,Neutral,good,1155.6,3.4,0.0,8314.680,2216.878,1972.517,3016.141,1069.588,0.5012,0.1336,0.1189,0.1818,0.0645,0.654,1.124
2608,2607831,Neutral,good,1155.9,3.0,0.0,3371.500,1855.432,1615.258,4214.322,1350.562,0.2717,0.1495,0.1302,0.3397,0.1089,0.383,1.149
2609,2608831,Neutral,good,1156.0,2.9,0.0,5163.378,415.456,760.906,2332.151,1986.023,0.4845,0.0390,0.0714,0.2188,0.1863,0.326,0.546
2610,2609831,Neutral,good,1155.7,3.1,0.0,9048.680,3519.983,2104.812,3487.948,1385.409,0.4629,0.1801,0.1077,0.1784,0.0709,0.603,1.672
2611,2610831,Neutral,good,1155.7,3.0,0.0,6764.152,1821.658,796.593,1021.476,580.917,0.6158,0.1658,0.0725,0.0930,0.0529,0.780,2.287
2612,2611830,Neutral,good,1156.3,2.9,0.0,3055.111,222.699,1739.836,4591.786,1535.456,0.2741,0.0200,0.1561,0.4120,0.1378,0.379,0.128
2613,2612831,Neutral,good,1155.3,3.8,0.0,13808.928,1857.667,3528.732,6948.024,1218.010,0.5047,0.0679,0.1290,0.2539,0.0445,0.508,0.526
2614,2613830,Neutral,good,1155.8,2.9,0.0,4627.344,3231.260,2859.437,5016.265,2446.650,0.2545,0.1777,0.1573,0.2759,0.1346,0.570,1.130
2615,2614830,Neutral,good,1155.3,3.1,0.0,2774.946,2451.242,1084.954,4734.491,1053.814,0.2293,0.2026,0.0897,0.3913,0.0871,0.229,2.259
2616,2615830,Neutral,good,1155.7,2.6,0.0,7893.546,6670.932,3027.923,1301.190,266.132,0.4120,0.3482,0.1580,0.0679,0.0139,2.327,2.203
2617,2616830,Neutral,good,1156.6,3.2,0.0,13241.028,1678.909,1183.150,4230.639,867.772,0.6245,0.0792,0.0558,0.1995,0.0409,0.280,1.419
2618,2617830,Neutral,good,1155.7,3.2,0.0,18386.609,2734.407,3100.207,3368.992,812.920,0.6473,0.0963,0.1092,0.1186,0.0286,0.920,0.882
2619,2618830,Neutral,good,1155.8,3.3,0.0,11780.174,7569.921,2855.628,2149.108,778.117,0.4687,0.3012,0.1136,0.0855,0.0310,1.329,2.651
2620,2619830,Neutral,good,1156.1,2.9,0.0,2204.404,2833.205,5905.197,2459.277,2444.463,0.1391,0.1788,0.3726,0.1552,0.1543,2.401,0.480
2621,2620830,Neutral,good,1155.3,3.7,0.0,5976.936,2778.565,364.454,3287.318,372.067,0.4677,0.2174,0.0285,0.2572,0.0291,0.111,7.624
2622,2621830,Neutral,good,1156.4,3.1,0.0,9915.521,808.151,1925.325,5244.127,1655.244,0.5072,0.0413,0.0985,0.2683,0.0847,0.367,0.420
2623,2622830,Neutral,good,1156.3,3.4,0.0,18803.939,17111.932,3029.566,2407.900,2298.506,0.4308,0.3920,0.0694,0.0552,0.0527,1.258,5.648
2624,2623830,Neutral,good,1155.6,3.4,0.0,2362.883,240.953,963.764,1162.166,646.666,0.4395,0.0448,0.1793,0.2162,0.1203,0.829,0.250
2625,2624830,Neutral,good,1155.9,3.6,0.0,5358.558,2374.563,2357.944,6148.452,697.275,0.3164,0.1402,0.1392,0.3630,0.0412,0.384,1.007
2626,2625830,Neutral,good,1156.2,3.0,0.0,6615.171,1192.272,1402.466,1452.377,4144.282,0.4468,0.0805,0.0947,0.0981,0.2799,0.966,0.850
2627,2626830,Neutral,good,1156.0,2.5,0.0,2146.273,1904.782,2447.649,1784.217,397.103,0.2473,0.2194,0.2820,0.2056,0.0457,1.372,0.778
2628,2627830,Neutral,good,1155.2,3.5,0.0,2098.877,2755.749,571.519,4774.131,4452.166,0.1432,0.1881,0.0390,0.3258,0.3039,0.120,4.822
2629,2628830,Neutral,good,1155.6,3.0,0.0,4128.293,5606.349,4405.689,2921.950,2833.639,0.2075,0.2818,0.2214,0.1469,0.1424,1.508,1.273
2630,2629829,Neutral,good,1155.4,2.8,0.0,3503.189,5622.896,1786.064,2109.531,822.546,0.2530,0.4062,0.1290,0.1524,0.0594,0.847,3.148
2631,2630829,Neutral,good,1155.7,3.1,0.0,5777.517,2727.700,3002.712,5041.648,440.528,0.3401,0.1605,0.1767,0.2967,0.0259,0.596,0.908
2632,2631829,Neutral,good,1155.1,3.0,0.0,3083.552,1311.090,1508.670,2739.469,988.375,0.3202,0.1361,0.1566,0.2844,0.1026,0.551,0.869
2633,2632829,Neutral,good,1155.6,3.0,0.0,2692.302,5648.635,2516.722,2200.495,908.488,0.1928,0.4044,0.1802,0.1576,0.0650,1.144,2.244
2634,2633829,Neutral,good,1156.0,3.5,0.0,2839.512,4008.696,2968.191,1314.513,4518.654,0.1814,0.2562,0.1897,0.0840,0.2887,2.258,1.351
2635,2634829,Neutral,good,1155.6,3.2,0.0,1835.054,918.871,2560.539,1222.625,868.667,0.2478,0.1241,0.3457,0.1651,0.1173,2.094,0.359
2636,2635829,Neutral,good,1155.4,3.5,0.0,4559.343,1723.569,1611.404,3433.574,1029.763,0.3689,0.1395,0.1304,0.2779,0.0833,0.469,1.070
2637,2636829,Neutral,good,1156.1,2.7,0.0,2671.114,1409.159,2174.180,2376.426,890.052,0.2806,0.1480,0.2284,0.2496,0.0935,0.915,0.648
2638,2637829,Neutral,good,1156.2,3.0,0.0,3765.696,1191.472,821.956,3591.122,407.049,0.3851,0.1219,0.0841,0.3673,0.0416,0.229,1.450
2639,2638829,Neutral,good,1155.9,3.2,0.0,3798.366,563.801,1407.347,2643.304,944.294,0.4059,0.0603,0.1504,0.2825,0.1009,0.532,0.401
2640,2639829,Neutral,good,1155.9,3.4,0.0,7626.743,6300.145,481.335,2953.500,1165.921,0.4116,0.3400,0.0260,0.1594,0.0629,0.163,13.089
2641,2640829,Neutral,good,1154.9,3.2,0.0,7554.281,1511.113,1979.764,1411.181,911.000,0.5651,0.1130,0.1481,0.1056,0.0682,1.403,0.763
2642,2641829,Neutral,good,1155.7,2.7,0.0,953.563,3258.866,2974.114,3321.378,1216.129,0.0813,0.2780,0.2537,0.2833,0.1037,0.895,1.096
2643,2642829,Neutral,good,1155.2,3.0,0.0,1764.847,1327.098,1569.066,1878.467,1670.602,0.2150,0.1616,0.1911,0.2288,0.2035,0.835,0.846
2644,2643829,Neutral,good,1154.9,3.3,0.0,16949.996,7563.269,4442.506,2109.460,898.624,0.5303,0.2366,0.1390,0.0660,0.0281,2.106,1.702
2645,2644828,Neutral,good,1156.0,2.9,0.0,6821.606,2079.961,3417.298,3989.518,331.662,0.4100,0.1250,0.2054,0.2398,0.0199,0.857,0.609
2646,2645828,Neutral,good,1156.1,3.1,0.0,5122.591,1760.626,2455.022,5274.866,3150.795,0.2884,0.0991,0.1382,0.2969,0.1774,0.465,0.717
2647,2646828,Neutral,good,1156.4,3.2,0.0,8654.720,520.595,1097.410,1387.522,944.262,0.6866,0.0413,0.0871,0.1101,0.0749,0.791,0.474
2648,2647828,Neutral,good,1155.8,3.2,0.0,6816.382,4494.382,2735.404,4453.558,1276.118,0.3447,0.2273,0.1383,0.2252,0.0645,0.614,1.643
2649,2648828,Neutral,good,1155.6,3.3,0.0,5923.359,1296.872,3409.174,3147.380,1510.426,0.3875,0.0848,0.2230,0.2059,0.0988,1.083,0.380
2650,2649828,Neutral,good,1156.3,2.9,0.0,1516.980,1672.938,639.583,2289.109,1647.529,0.1953,0.2154,0.0824,0.2948,0.2121,0.279,2.616
2651,2650828,Neutral,good,1156.0,3.2,0.0,16981.816,4599.462,1161.095,2424.388,660.533,0.6575,0.1781,0.0450,0.0939,0.0256,0.479,3.961
2652,2651828,Neutral,good,1156.0,3.2,0.0,19512.639,6813.559,1693.806,5526.744,1212.040,0.5614,0.1960,0.0487,0.1590,0.0349,0.306,4.023
2653,2652828,Neutral,good,1156.0,3.2,0.0,3702.686,5140.360,3949.904,7755.361,704.840,0.1742,0.2419,0.1859,0.3649,0.0332,0.509,1.301
2654,2653828,Neutral,good,1155.9,2.9,0.0,2638.354,1199.810,2614.310,957.910,472.127,0.3347,0.1522,0.3317,0.1215,0.0599,2.729,0.459
2655,2654828,Neutral,good,1155.6,3.1,0.0,4048.697,2810.552,2274.859,5370.044,1239.269,0.2572,0.1785,0.1445,0.3411,0.0787,0.424,1.235
2656,2655828,Neutral,good,1155.6,3.1,0.0,10167.905,616.117,1725.710,1868.638,242.190,0.6955,0.0421,0.1180,0.1278,0.0166,0.924,0.357
2657,2656828,Neutral,good,1156.2,2.9,0.0,2952.757,2881.832,1798.187,4482.847,1223.748,0.2214,0.2160,0.1348,0.3361,0.0917,0.401,1.603
2658,2657828,Neutral,good,1155.9,3.0,0.0,1840.523,882.658,1453.375,2949.645,813.872,0.2318,0.1112,0.1830,0.3715,0.1025,0.493,0.607
2659,2658828,Neutral,good,1156.6,2.9,0.0,6232.606,2602.229,2114.842,5872.395,4917.844,0.2867,0.1197,0.0973,0.2701,0.2262,0.360,1.230
2660,2659828,Neutral,good,1155.7,3.3,0.0,14466.889,1046.234,2871.058,2479.926,1666.165,0.6421,0.0464,0.1274,0.1101,0.0740,1.158,0.364
2661,2660827,Neutral,good,1156.1,3.2,0.0,7839.411,1497.575,912.916,3713.044,1786.701,0.4978,0.0951,0.0580,0.2358,0.1134,0.246,1.640
2662,2661827,Neutral,good,1156.0,2.9,0.0,3953.861,952.844,2024.608,1796.048,440.614,0.4313,0.1039,0.2208,0.1959,0.0481,1.127,0.471
2663,2662827,Neutral,good,1156.4,2.9,0.0,2476.420,3789.185,4125.230,1427.388,1087.620,0.1919,0.2936,0.3196,0.1106,0.0843,2.890,0.919
2664,2663827,Neutral,good,1156.0,3.1,0.0,2084.728,719.996,434.721,3222.788,646.335,0.2933,0.1013,0.0612,0.4534,0.0909,0.135,1.656
2665,2664827,Neutral,good,1156.0,3.3,0.0,3556.463,5377.835,5353.466,4685.564,3244.434,0.1601,0.2421,0.2410,0.2109,0.1460,1.143,1.005
2666,2665827,Neutral,good,1155.6,3.4,0.0,8526.949,2982.740,2328.880,4648.964,315.966,0.4535,0.1586,0.1239,0.2472,0.0168,0.501,1.281
2667,2666827,Neutral,good,1155.9,3.0,0.0,4600.338,1056.324,1487.083,2581.731,1128.595,0.4238,0.0973,0.1370,0.2379,0.1040,0.576,0.710
2668,2667827,Neutral,good,1156.1,3.3,0.0,2554.787,663.602,2068.538,4249.281,1235.001,0.2372,0.0616,0.1920,0.3945,0.1147,0.487,0.321
2669,2668827,Neutral,good,1156.7,3.2,0.0,18372.971,10862.707,5682.112,1045.525,660.888,0.5017,0.2966,0.1551,0.0285,0.0180,5.435,1.912
2670,2669827,Neutral,good,1156.6,3.4,0.0,14658.037,1718.007,2173.569,4691.578,922.475,0.6066,0.0711,0.0900,0.1942,0.0382,0.463,0.790
2671,2670827,Neutral,good,1155.9,3.8,0.0,5138.358,1649.323,1603.972,1968.461,748.799,0.4625,0.1485,0.1444,0.1772,0.0674,0.815,1.028
2672,2671827,Neutral,good,1156.5,3.7,0.0,11005.410,2800.154,3179.373,764.520,1086.387,0.5843,0.1487,0.1688,0.0406,0.0577,4.159,0.881
2673,2672827,Neutral,good,1156.2,3.3,0.0,11800.541,172.908,1727.593,3577.888,3402.827,0.5706,0.0084,0.0835,0.1730,0.1645,0.483,0.100
2674,2673827,Neutral,good,1155.6,3.4,0.0,11433.947,5094.899,1121.208,2039.289,1451.716,0.5408,0.2410,0.0530,0.0965,0.0687,0.550,4.544
2675,2674827,Neutral,good,1155.6,3.3,0.0,2239.635,267.240,1871.436,2637.845,981.513,0.2800,0.0334,0.2340,0.3298,0.1227,0.709,0.143
2676,2675826,Neutral,good,1156.4,3.1,0.0,4053.623,5545.274,3232.790,2348.104,732.998,0.2547,0.3485,0.2032,0.1476,0.0461,1.377,1.715
2677,2676826,Neutral,good,1156.5,3.3,0.0,1038.796,1323.221,2145.216,1349.672,602.459,0.1608,0.2049,0.3321,0.2089,0.0933,1.589,0.617
2678,2677826,Neutral,good,1156.5,3.5,0.0,15716.074,4730.732,6998.027,6208.914,2762.805,0.4316,0.1299,0.1922,0.1705,0.0759,1.127,0.676
2679,2678826,Neutral,good,1156.8,3.8,0.0,5564.041,1810.882,2599.270,3013.954,1229.901,0.3913,0.1274,0.1828,0.2120,0.0865,0.862,0.697
2680,2679826,Neutral,good,1156.7,3.5,0.0,8877.296,6993.386,4786.361,1483.402,958.867,0.3843,0.3028,0.2072,0.0642,0.0415,3.227,1.461
2681,2680826,Neutral,good,1156.4,3.6,0.0,8897.506,897.172,1997.440,3461.158,1521.916,0.5304,0.0535,0.1191,0.2063,0.0907,0.577,0.449
2682,2681826,Neutral,good,1157.3,2.8,0.0,1767.673,3338.249,2791.306,1246.568,387.279,0.1855,0.3502,0.2929,0.1308,0.0406,2.239,1.196
2683,2682826,Neutral,good,1157.8,3.2,0.0,4731.980,1690.596,2462.366,5897.224,574.988,0.3081,0.1101,0.1603,0.3840,0.0374,0.418,0.687
2684,2683826,Neutral,good,1156.3,4.0,0.0,5919.598,1844.817,1794.759,1665.792,1665.470,0.4592,0.1431,0.1392,0.1292,0.1292,1.077,1.028
2685,2684826,Neutral,good,1157.1,3.4,0.0,3712.775,1641.107,1780.832,2731.833,4172.618,0.2645,0.1169,0.1268,0.1946,0.2972,0.652,0.922
2686,2685826,Neutral,good,1157.0,2.9,0.0,4900.094,1301.168,514.658,1550.654,1001.689,0.5287,0.1404,0.0555,0.1673,0.1081,0.332,2.528
2687,2686826,Neutral,good,1157.4,2.8,0.0,992.686,1998.386,1368.877,3472.442,605.282,0.1176,0.2368,0.1622,0.4115,0.0717,0.394,1.460
2688,2687826,Neutral,good,1156.8,3.3,0.0,2521.014,1883.660,4381.165,3340.650,1020.813,0.1918,0.1433,0.3332,0.2541,0.0776,1.311,0.430
2689,2688826,Neutral,good,1157.2,3.2,0.0,14081.549,4237.167,1951.785,7950.092,1538.966,0.4732,0.1424,0.0656,0.2671,0.0517,0.246,2.171
2690,2689826,Neutral,good,1156.5,3.3,0.0,11068.050,2032.554,3232.674,974.495,753.180,0.6128,0.1125,0.1790,0.0540,0.0417,3.317,0.629
2691,2690825,Neutral,good,1156.3,3.2,0.0,3008.934,6167.168,2858.315,1648.073,1881.299,0.1933,0.3963,0.1837,0.1059,0.1209,1.734,2.158
2692,2691826,Neutral,good,1157.4,3.1,0.0,4754.420,2828.637,1395.650,2595.986,1326.663,0.3685,0.2193,0.1082,0.2012,0.1028,0.538,2.027
2693,2692825,Neutral,good,1157.1,3.2,0.0,11010.998,1966.214,3774.847,4923.444,537.019,0.4957,0.0885,0.1699,0.2217,0.0242,0.767,0.521
2694,2693825,Neutral,good,1157.6,3.0,0.0,2121.099,1065.539,1997.492,2535.731,1563.256,0.2285,0.1148,0.2152,0.2732,0.1684,0.788,0.533
2695,2694825,Neutral,good,1156.9,3.9,0.0,5758.753,3422.847,1451.420,3292.689,1793.008,0.3664,0.2178,0.0923,0.2095,0.1141,0.441,2.358
2696,2695825,Neutral,good,1156.8,3.5,0.0,12719.904,6660.071,5271.570,4209.667,761.614,0.4294,0.2248,0.1780,0.1421,0.0257,1.252,1.263
2697,2696825,Neutral,good,1156.1,3.6,0.0,12357.663,13579.214,5703.357,3090.756,6038.528,0.3031,0.3331,0.1399,0.0758,0.1481,1.845,2.381
2698,2697825,Neutral,good,1157.1,3.1,0.0,4294.980,5529.380,3612.318,1690.206,1121.234,0.2643,0.3403,0.2223,0.1040,0.0690,2.137,1.531
2699,2698825,Neutral,good,1156.8,2.8,0.0,1741.600,3016.531,2012.932,314.730,263.127,0.2370,0.4105,0.2739,0.0428,0.0358,6.396,1.499
2700,2699825,Neutral,good,1156.6,3.0,0.0,8756.122,3143.107,2664.188,1030.624,2073.410,0.4956,0.1779,0.1508,0.0583,0.1174,2.585,1.180
2701,2700825,Neutral,good,1156.2,4.0,0.0,7919.131,5544.996,9686.136,5560.720,1377.188,0.2632,0.1843,0.3219,0.1848,0.0458,1.742,0.572
2702,2701825,Neutral,good,1156.1,3.5,0.0,8984.774,4584.328,2907.253,7314.461,1356.293,0.3573,0.1823,0.1156,0.2909,0.0539,0.397,1.577
2703,2702825,Neutral,good,1156.7,2.9,0.0,7627.660,6870.990,2334.027,1461.822,2043.490,0.3750,0.3378,0.1148,0.0719,0.1005,1.597,2.944
2704,2703825,Neutral,good,1157.4,3.2,0.0,4082.562,1576.204,4992.907,8876.990,1130.869,0.1976,0.0763,0.2417,0.4297,0.0547,0.562,0.316
2705,2704825,Neutral,good,1156.4,3.0,0.0,5786.427,2289.996,2354.499,1633.002,805.903,0.4496,0.1779,0.1829,0.1269,0.0626,1.442,0.973
2706,2705824,Neutral,good,1156.2,3.5,0.0,8527.674,5702.455,3962.735,3382.628,1405.358,0.3711,0.2481,0.1724,0.1472,0.0612,1.171,1.439
2707,2706824,Neutral,good,1156.3,3.1,0.0,18264.775,6642.879,2925.105,9183.854,2356.679,0.4639,0.1687,0.0743,0.2333,0.0599,0.319,2.271
2708,2707824,Neutral,good,1156.8,3.2,0.0,902.158,1660.521,2545.572,1020.855,683.262,0.1324,0.2438,0.3737,0.1499,0.1003,2.494,0.652
2709,2708824,Neutral,good,1156.8,3.1,0.0,949.868,304.992,762.311,4340.674,132.071,0.1464,0.0470,0.1175,0.6688,0.0204,0.176,0.400
2710,2709824,Neutral,good,1157.5,2.7,0.0,1984.084,2669.079,1991.439,2586.802,312.295,0.2079,0.2797,0.2087,0.2710,0.0327,0.770,1.340
2711,2710824,Neutral,good,1156.7,3.4,0.0,14784.007,2168.603,939.684,2627.698,338.744,0.7088,0.1040,0.0450,0.1260,0.0162,0.358,2.308
2712,2711824,Neutral,good,1157.1,3.3,0.0,4889.426,1123.026,561.791,2731.893,622.011,0.4925,0.1131,0.0566,0.2752,0.0627,0.206,1.999
2713,2712824,Neutral,good,1157.0,3.2,0.0,4884.173,2440.005,379.131,1412.559,758.121,0.4947,0.2471,0.0384,0.1431,0.0768,0.268,6.436
2714,2713824,Neutral,good,1156.6,3.5,0.0,4214.234,1210.941,1270.119,1968.621,1484.422,0.4153,0.1193,0.1252,0.1940,0.1463,0.645,0.953
2715,2714824,Neutral,good,1157.1,2.7,0.0,3215.127,1076.982,617.561,946.300,1360.709,0.4455,0.1492,0.0856,0.1311,0.1886,0.653,1.744
2716,2715824,Neutral,good,1157.0,3.0,0.0,5646.420,2439.326,2607.469,1540.997,1002.924,0.4266,0.1843,0.1970,0.1164,0.0758,1.692,0.936
2717,2716824,Neutral,good,1157.9,2.8,0.0,3490.050,4691.910,3162.059,1704.248,380.931,0.2599,0.3494,0.2355,0.1269,0.0284,1.855,1.484
2718,2717824,Neutral,good,1156.4,3.7,0.0,9846.341,1640.964,2567.405,4395.643,1250.361,0.4998,0.0833,0.1303,0.2231,0.0635,0.584,0.639
2719,2718824,Neutral,good,1157.2,3.4,0.0,8878.557,3655.418,806.399,3203.502,2158.557,0.4747,0.1955,0.0431,0.1713,0.1154,0.252,4.533
2720,2719824,Neutral,good,1156.7,3.6,0.0,6295.844,3514.872,6241.742,2036.771,798.210,0.3333,0.1861,0.3305,0.1078,0.0423,3.065,0.563
2721,2720824,Neutral,good,1156.8,3.1,0.0,5034.702,3047.723,1599.307,2167.765,1986.760,0.3639,0.2203,0.1156,0.1567,0.1436,0.738,1.906
2722,2721823,Neutral,good,1156.2,3.4,0.0,7390.997,7307.366,1628.285,2072.226,797.961,0.3850,0.3807,0.0848,0.1079,0.0416,0.786,4.488
2723,2722823,Neutral,good,1156.5,3.5,0.0,6964.159,3211.382,2634.623,2360.928,2795.192,0.3876,0.1787,0.1466,0.1314,0.1556,1.116,1.219
2724,2723823,Neutral,good,1156.0,3.3,0.0,3662.756,7480.114,7254.252,2364.984,1524.029,0.1644,0.3356,0.3255,0.1061,0.0684,3.067,1.031
2725,2724823,Neutral,good,1155.8,3.2,0.0,5636.931,5550.276,3482.241,2866.492,598.417,0.3108,0.3061,0.1920,0.1581,0.0330,1.215,1.594
2726,2725823,Neutral,good,1156.0,3.4,0.0,7145.787,16934.133,19647.959,5502.127,1302.677,0.1414,0.3351,0.3888,0.1089,0.0258,3.571,0.862
2727,2726823,Neutral,good,1156.4,2.7,0.0,2914.374,4677.870,2601.366,2851.832,2718.295,0.1849,0.2967,0.1650,0.1809,0.1724,0.912,1.798
2728,2727823,Neutral,good,1156.4,2.7,0.0,6176.466,2145.824,2906.010,2347.201,557.817,0.4370,0.1518,0.2056,0.1661,0.0395,1.238,0.738
2729,2728823,Neutral,good,1156.4,3.8,0.0,7252.717,4543.467,3042.215,4737.811,819.294,0.3556,0.2228,0.1492,0.2323,0.0402,0.642,1.493
2730,2729823,Neutral,good,1156.8,3.3,0.0,2724.068,843.490,5795.164,6741.564,298.244,0.1661,0.0514,0.3533,0.4110,0.0182,0.860,0.146
2731,2730823,Neutral,good,1156.4,3.3,0.0,9082.239,9834.248,5590.730,1363.168,1328.873,0.3339,0.3616,0.2055,0.0501,0.0489,4.101,1.759
2732,2731823,Neutral,good,1155.6,3.6,0.0,3890.654,1719.044,1689.522,1243.911,508.941,0.4298,0.1899,0.1866,0.1374,0.0562,1.358,1.017
2733,2732823,Neutral,good,1155.5,2.8,0.0,5606.933,1377.092,2092.593,2450.530,1135.437,0.4428,0.1088,0.1653,0.1935,0.0897,0.854,0.658
2734,2733823,Neutral,good,1155.4,3.2,0.0,3643.776,1236.206,1185.765,1592.889,654.707,0.4383,0.1487,0.1426,0.1916,0.0788,0.744,1.043
2735,2734823,Neutral,good,1155.1,3.1,0.0,13218.964,548.738,2060.912,2771.875,1234.751,0.6664,0.0277,0.1039,0.1397,0.0623,0.744,0.266
2736,2735823,Neutral,good,1155.6,2.6,0.0,2158.610,1228.173,272.325,792.189,1347.025,0.3723,0.2118,0.0470,0.1366,0.2323,0.344,4.510
2737,2736823,Neutral,good,1156.4,2.8,0.0,13132.494,9601.356,4173.851,1077.925,1417.937,0.4466,0.3265,0.1420,0.0367,0.0482,3.872,2.300
2738,2737823,Neutral,good,1156.0,3.3,0.0,5729.806,2469.888,657.998,1887.536,1439.618,0.4702,0.2027,0.0540,0.1549,0.1181,0.349,3.754
2739,2738823,Neutral,good,1155.3,3.5,0.0,4676.779,1216.417,1799.361,3583.289,698.787,0.3906,0.1016,0.1503,0.2992,0.0584,0.502,0.676
2740,2739822,Neutral,good,1156.0,3.0,0.0,4450.926,2521.558,1269.203,2653.447,1516.793,0.3586,0.2032,0.1023,0.2138,0.1222,0.478,1.987
2741,2740822,Neutral,good,1156.3,2.6,0.0,7397.588,2056.057,2080.593,2944.493,1333.738,0.4678,0.1300,0.1316,0.1862,0.0843,0.707,0.988
2742,2741822,Neutral,good,1156.3,3.2,0.0,821.453,3156.338,2438.110,1623.228,366.739,0.0977,0.3755,0.2900,0.1931,0.0436,1.502,1.295
2743,2742822,Neutral,good,1156.7,3.0,0.0,3344.523,1711.737,2793.030,7817.049,520.235,0.2066,0.1058,0.1726,0.4829,0.0321,0.357,0.613
2744,2743822,Neutral,good,1156.2,3.5,0.0,5003.968,1757.590,1657.638,9133.810,1157.595,0.2674,0.0939,0.0886,0.4882,0.0619,0.181,1.060
2745,2744822,Neutral,good,1156.5,3.6,0.0,28510.109,1564.244,858.449,3348.819,1567.922,0.7953,0.0436,0.0239,0.0934,0.0437,0.256,1.822
2746,2745822,Neutral,good,1156.1,2.9,0.0,10207.512,2990.454,2368.173,3834.979,917.666,0.5024,0.1472,0.1166,0.1887,0.0452,0.618,1.263
2747,2746822,Neutral,good,1156.7,3.3,0.0,3115.857,675.576,578.683,3104.795,2652.857,0.3077,0.0667,0.0571,0.3066,0.2619,0.186,1.167
2748,2747822,Neutral,good,1155.9,3.1,0.0,3860.134,2669.018,3113.137,1220.424,885.191,0.3286,0.2272,0.2650,0.1039,0.0753,2.551,0.857
2749,2748822,Neutral,good,1156.0,2.7,0.0,2944.197,79.287,348.315,1245.281,1745.976,0.4627,0.0125,0.0547,0.1957,0.2744,0.280,0.228
2750,2749822,Neutral,good,1156.6,2.6,0.0,2436.991,7209.509,5034.902,625.882,780.464,0.1515,0.4481,0.3130,0.0389,0.0485,8.044,1.432
2751,2750822,Neutral,good,1155.7,3.0,0.0,14627.687,274.189,1208.544,2365.926,1381.541,0.7366,0.0138,0.0609,0.1191,0.0696,0.511,0.227
2752,2751822,Neutral,good,1155.8,2.7,0.0,2045.200,1585.750,1752.875,1575.745,1810.854,0.2332,0.1808,0.1999,0.1797,0.2065,1.112,0.905
2753,2752822,Neutral,good,1156.3,2.8,0.0,5210.398,3844.302,2096.434,1387.050,412.655,0.4023,0.2968,0.1619,0.1071,0.0319,1.511,1.834
2754,2753822,Neutral,good,1156.3,2.9,0.0,10908.296,8373.556,1518.969,4095.872,2716.843,0.3950,0.3032,0.0550,0.1483,0.0984,0.371,5.513
2755,2754821,Neutral,good,1155.8,3.5,0.0,13956.114,2401.708,3486.641,4962.426,1305.464,0.5345,0.0920,0.1335,0.1900,0.0500,0.703,0.689
2756,2755821,Neutral,good,1155.4,3.5,0.0,7431.722,1285.491,3663.565,3423.784,5759.312,0.3446,0.0596,0.1699,0.1588,0.2671,1.070,0.351
2757,2756821,Neutral,good,1156.0,3.1,0.0,1899.062,1137.607,2666.334,4687.692,415.122,0.1757,0.1053,0.2467,0.4338,0.0384,0.569,0.427
2758,2757821,Neutral,good,1155.5,3.2,0.0,10895.594,2800.190,1850.064,2310.814,1865.738,0.5524,0.1420,0.0938,0.1172,0.0946,0.801,1.514
2759,2758821,Neutral,good,1155.6,2.7,0.0,2890.535,5638.942,3193.449,2673.230,1079.303,0.1868,0.3644,0.2064,0.1727,0.0697,1.195,1.766
2760,2759821,Neutral,good,1155.6,3.2,0.0,2620.587,2484.081,2075.781,3100.753,1335.181,0.2256,0.2138,0.1787,0.2669,0.1149,0.669,1.197
2761,2760821,Neutral,good,1155.3,3.4,0.0,5719.652,2237.011,1894.794,3581.300,1809.285,0.3753,0.1468,0.1243,0.2350,0.1187,0.529,1.181
2762,2761821,Neutral,good,1155.6,3.0,0.0,6062.005,2540.323,1337.856,1376.733,1056.037,0.4899,0.2053,0.1081,0.1113,0.0854,0.972,1.899
2763,2762821,Neutral,good,1155.6,3.0,0.0,10411.967,6911.373,4030.788,3070.465,1148.649,0.4071,0.2703,0.1576,0.1201,0.0449,1.313,1.715
2764,2763821,Neutral,good,1155.4,3.4,0.0,14170.330,2320.068,2020.246,2128.924,858.878,0.6591,0.1079,0.0940,0.0990,0.0400,0.949,1.148
2765,2764821,Neutral,good,1155.6,3.4,0.0,2703.958,4629.290,5180.780,10555.804,2397.190,0.1062,0.1818,0.2034,0.4145,0.0941,0.491,0.894
2766,2765821,Neutral,good,1155.6,3.2,0.0,7003.978,1529.849,3326.302,2488.186,1986.627,0.4288,0.0937,0.2036,0.1523,0.1216,1.337,0.460
2767,2766821,Neutral,good,1155.8,3.7,0.0,4339.805,3797.195,4408.545,6363.973,1683.801,0.2107,0.1844,0.2141,0.3090,0.0818,0.693,0.861
2768,2767821,Neutral,good,1155.8,3.4,0.0,7988.207,2324.963,3191.746,8505.778,1192.431,0.3443,0.1002,0.1376,0.3666,0.0514,0.375,0.728
2769,2768821,Neutral,good,1155.9,3.0,0.0,7294.950,1694.332,1687.923,2184.814,805.159,0.5338,0.1240,0.1235,0.1599,0.0589,0.773,1.004
2770,2769820,Neutral,good,1155.9,3.4,0.0,2398.626,1138.856,2494.325,2616.561,840.215,0.2528,0.1200,0.2629,0.2758,0.0886,0.953,0.457
2771,2770820,Neutral,good,1155.8,3.4,0.0,4663.906,5378.323,6008.590,3411.014,3019.317,0.2075,0.2392,0.2673,0.1517,0.1343,1.762,0.895
2772,2771820,Neutral,good,1156.1,2.8,0.0,1181.470,1997.617,1542.547,2755.593,219.410,0.1535,0.2595,0.2004,0.3580,0.0285,0.560,1.295
2773,2772820,Neutral,good,1155.6,3.4,0.0,4615.922,2338.048,3796.431,4396.294,2138.184,0.2670,0.1353,0.2196,0.2543,0.1237,0.864,0.616
2774,2773820,Neutral,good,1156.0,3.1,0.0,5720.891,1920.477,2910.755,6995.216,5109.704,0.2525,0.0848,0.1285,0.3087,0.2255,0.416,0.660
2775,2774820,Neutral,good,1155.1,3.5,0.0,9321.791,2080.674,2317.633,1220.658,1472.807,0.5679,0.1268,0.1412,0.0744,0.0897,1.899,0.898
2776,2775820,Neutral,good,1155.4,2.9,0.0,4722.354,3916.469,1153.870,1276.523,1059.762,0.3893,0.3229,0.0951,0.1052,0.0874,0.904,3.394
2777,2776820,Neutral,good,1155.1,3.3,0.0,4126.520,925.448,2931.206,3495.364,3568.520,0.2742,0.0615,0.1948,0.2323,0.2372,0.839,0.316
2778,2777820,Neutral,good,1155.3,2.9,0.0,12411.380,2887.704,3872.834,7197.855,1563.361,0.4443,0.1034,0.1386,0.2577,0.0560,0.538,0.746
2779,2778820,Neutral,good,1156.1,2.7,0.0,3353.166,3804.902,4884.693,2384.956,821.208,0.2199,0.2495,0.3203,0.1564,0.0539,2.048,0.779
2780,2779820,Neutral,good,1156.6,2.4,0.0,9418.869,2249.173,1728.892,1162.790,598.912,0.6214,0.1484,0.1141,0.0767,0.0395,1.487,1.301
2781,2780820,Neutral,good,1155.6,3.5,0.0,17002.748,5029.821,5498.448,5205.173,1104.149,0.5024,0.1486,0.1625,0.1538,0.0326,1.056,0.915
2782,2781820,Neutral,good,1155.6,3.1,0.0,2520.444,2750.890,3436.366,1855.565,1094.204,0.2162,0.2360,0.2948,0.1592,0.0939,1.852,0.801
2783,2782820,Neutral,good,1156.2,3.0,0.0,1431.058,4196.036,3155.120,2680.295,804.770,0.1167,0.3421,0.2572,0.2185,0.0656,1.177,1.330
2784,2783820,Neutral,good,1156.6,3.1,0.0,2921.630,6633.538,5488.255,2757.800,1290.616,0.1530,0.3475,0.2875,0.1444,0.0676,1.990,1.209
2785,2784820,Neutral,good,1156.4,2.9,0.0,7406.685,1456.142,577.873,4280.486,1885.448,0.4746,0.0933,0.0370,0.2743,0.1208,0.135,2.520
2786,2785819,Neutral,good,1156.0,3.3,0.0,2899.091,2067.387,1031.958,1919.162,554.039,0.3422,0.2440,0.1218,0.2265,0.0654,0.538,2.003
2787,2786819,Neutral,good,1157.0,2.6,0.0,4554.794,3416.274,1158.731,1399.964,342.111,0.4190,0.3142,0.1066,0.1288,0.0315,0.828,2.948
2788,2787819,Neutral,good,1156.8,3.0,0.0,7619.011,2265.694,1557.268,1111.344,741.500,0.5731,0.1704,0.1171,0.0836,0.0558,1.401,1.455
2789,2788819,Neutral,good,1156.5,3.2,0.0,595.909,1111.954,1014.875,6287.477,1360.726,0.0575,0.1072,0.0979,0.6063,0.1312,0.161,1.096
2790,2789819,Neutral,good,1156.4,3.6,0.0,4091.390,3433.561,9713.622,5721.738,1134.108,0.1698,0.1425,0.4031,0.2375,0.0471,1.698,0.353
2791,2790819,Neutral,good,1156.1,3.3,0.0,8163.274,4037.452,3594.463,5756.912,1873.619,0.3485,0.1724,0.1534,0.2458,0.0800,0.624,1.123
2792,2791819,Neutral,good,1156.9,3.5,0.0,2056.000,11296.087,12275.832,2870.987,1126.682,0.0694,0.3813,0.4144,0.0969,0.0380,4.276,0.920
2793,2792819,Neutral,good,1156.8,3.6,0.0,15459.018,6799.246,4905.869,2981.261,1382.257,0.4903,0.2157,0.1556,0.0946,0.0438,1.646,1.386
2794,2793819,Neutral,good,1156.1,3.4,0.0,3522.243,1386.152,3595.325,3389.685,1743.544,0.2583,0.1016,0.2636,0.2486,0.1279,1.061,0.386
2795,2794819,Neutral,good,1157.3,2.9,0.0,3503.781,2489.291,1025.050,1049.714,296.716,0.4189,0.2976,0.1225,0.1255,0.0355,0.977,2.428
2796,2795819,Neutral,good,1156.5,3.5,0.0,3258.655,1657.433,379.925,3293.979,294.451,0.3668,0.1866,0.0428,0.3708,0.0331,0.115,4.363
2797,2796819,Neutral,good,1156.7,3.1,0.0,9954.025,1749.528,1260.354,1036.248,1128.314,0.6580,0.1156,0.0833,0.0685,0.0746,1.216,1.388
2798,2797819,Neutral,good,1156.5,3.5,0.0,6063.568,3089.055,8736.575,13410.348,3519.818,0.1741,0.0887,0.2509,0.3851,0.1011,0.651,0.354
2799,2798819,Neutral,good,1156.9,2.7,0.0,859.929,245.269,1095.294,1164.477,2889.916,0.1375,0.0392,0.1751,0.1862,0.4620,0.941,0.224
2800,2799819,Neutral,good,1157.6,2.5,0.0,11598.723,2930.513,350.759,912.252,565.276,0.7091,0.1792,0.0214,0.0558,0.0346,0.384,8.355
2801,2800818,Neutral,good,1156.4,3.2,0.0,6872.840,2588.909,3045.828,1436.434,302.776,0.4824,0.1817,0.2138,0.1008,0.0213,2.120,0.850
2802,2801818,Neutral,good,1156.3,3.2,0.0,11046.172,1195.929,966.147,1612.102,1118.125,0.6931,0.0750,0.0606,0.1011,0.0702,0.599,1.238
2803,2802818,Neutral,good,1156.7,2.7,0.0,5265.529,3235.953,1689.904,3554.004,392.776,0.3724,0.2289,0.1195,0.2514,0.0278,0.475,1.915
2804,2803818,Neutral,good,1156.6,3.5,0.0,3357.966,611.446,953.332,8524.384,1274.464,0.2281,0.0415,0.0648,0.5790,0.0866,0.112,0.641
2805,2804818,Neutral,good,1156.5,2.8,0.0,9023.409,4144.051,4230.280,5246.099,94.664,0.3968,0.1822,0.1860,0.2307,0.0042,0.806,0.980
2806,2805818,Neutral,good,1157.0,2.8,0.0,4248.273,7988.708,3140.539,1521.324,1223.989,0.2344,0.4408,0.1733,0.0839,0.0675,2.064,2.544
2807,2806818,Neutral,good,1156.1,3.3,0.0,14144.514,1056.170,2988.013,2017.294,486.444,0.6836,0.0510,0.1444,0.0975,0.0235,1.481,0.353
2808,2807818,Neutral,good,1155.5,3.6,0.0,2035.112,1135.574,516.997,2282.556,2861.631,0.2304,0.1286,0.0585,0.2584,0.3240,0.226,2.196
2809,2808818,Neutral,good,1156.9,2.5,0.0,6301.729,3043.021,1380.880,4054.520,1960.982,0.3764,0.1818,0.0825,0.2422,0.1171,0.341,2.204
2810,2809818,Neutral,good,1157.0,2.8,0.0,3114.404,3684.222,2444.401,1805.445,1251.152,0.2532,0.2995,0.1987,0.1468,0.1017,1.354,1.507
2811,2810818,Neutral,good,1155.1,3.8,0.0,14317.322,3860.133,3652.430,8921.739,980.742,0.4512,0.1216,0.1151,0.2812,0.0309,0.409,1.057
2812,2811818,Neutral,good,1156.6,2.8,0.0,5571.288,4078.400,3590.112,5641.274,1165.209,0.2779,0.2034,0.1791,0.2814,0.0581,0.636,1.136
2813,2812818,Neutral,good,1156.6,3.1,0.0,10757.587,827.970,1742.818,6134.774,1755.156,0.5070,0.0390,0.0821,0.2891,0.0827,0.284,0.475
2814,2813818,Neutral,good,1155.9,3.3,0.0,10245.399,6674.626,3583.833,2381.725,1841.608,0.4143,0.2699,0.1449,0.0963,0.0745,1.505,1.862
2815,2814818,Neutral,good,1156.2,3.2,0.0,10460.480,896.845,1903.155,2837.810,1865.690,0.5823,0.0499,0.1059,0.1580,0.1039,0.671,0.471
2816,2815817,Neutral,good,1155.8,3.3,0.0,3726.404,1672.606,1152.035,1508.626,1371.715,0.3951,0.1773,0.1221,0.1600,0.1454,0.764,1.452
2817,2816817,Neutral,good,1155.7,2.9,0.0,3582.973,2680.261,1052.136,2623.593,1254.147,0.3201,0.2395,0.0940,0.2344,0.1120,0.401,2.547
2818,2817817,Neutral,good,1156.0,3.0,0.0,4015.936,4922.846,1633.316,2335.665,4014.606,0.2373,0.2909,0.0965,0.1380,0.2372,0.699,3.014
2819,2818817,Neutral,good,1156.0,3.2,0.0,5351.407,2937.025,410.001,1882.429,623.353,0.4776,0.2621,0.0366,0.1680,0.0556,0.218,7.163
2820,2819817,Neutral,good,1155.9,3.3,0.0,4944.607,2036.576,6435.122,3956.100,498.097,0.2767,0.1140,0.3601,0.2214,0.0279,1.627,0.316
2821,2820817,Neutral,good,1155.8,3.3,0.0,13099.146,2740.182,1655.142,2932.234,560.713,0.6241,0.1306,0.0789,0.1397,0.0267,0.564,1.656
2822,2821817,Neutral,good,1155.5,3.0,0.0,13294.739,4820.029,4650.072,2052.579,474.196,0.5257,0.1906,0.1839,0.0812,0.0187,2.265,1.037
2823,2822817,Neutral,good,1156.3,2.9,0.0,4921.419,3828.206,2616.555,1390.347,1606.713,0.3426,0.2665,0.1822,0.0968,0.1119,1.882,1.463
2824,2823817,Neutral,good,1155.2,3.4,0.0,15646.452,2996.586,2104.782,1881.709,1630.191,0.6450,0.1235,0.0868,0.0776,0.0672,1.119,1.424
2825,2824817,Neutral,good,1155.6,2.4,0.0,2586.878,2015.703,717.869,1078.511,849.844,0.3569,0.2781,0.0990,0.1488,0.1172,0.666,2.808
2826,2825817,Neutral,good,1155.1,3.2,0.0,2633.247,839.720,2076.831,8254.740,3147.192,0.1553,0.0495,0.1225,0.4870,0.1857,0.252,0.404
2827,2826817,Neutral,good,1155.7,2.7,0.0,17855.646,8300.353,5171.770,3368.563,1602.995,0.4919,0.2287,0.1425,0.0928,0.0442,1.535,1.605
2828,2827817,Neutral,good,1155.2,3.4,0.0,8267.169,3273.407,1915.510,2846.658,447.750,0.4935,0.1954,0.1144,0.1699,0.0267,0.673,1.709
2829,2828817,Neutral,good,1155.2,3.1,0.0,6207.768,566.345,1240.604,5238.258,1933.676,0.4088,0.0373,0.0817,0.3449,0.1273,0.237,0.457
2830,2829817,Neutral,good,1155.5,2.7,0.0,1759.177,856.680,1383.571,5104.072,1078.944,0.1728,0.0841,0.1359,0.5013,0.1060,0.271,0.619
2831,2830817,Neutral,good,1156.1,2.9,0.0,6773.330,5635.057,3285.624,4078.706,842.112,0.3286,0.2733,0.1594,0.1979,0.0408,0.806,1.715
2832,2831816,Neutral,good,1157.1,2.6,0.0,1234.001,2314.673,1857.006,11435.136,3553.639,0.0605,0.1135,0.0911,0.5607,0.1742,0.162,1.246
2833,2832816,Neutral,good,1156.9,3.3,0.0,10955.734,1698.537,2666.101,5692.867,236.045,0.5156,0.0799,0.1255,0.2679,0.0111,0.468,0.637
2834,2833816,Neutral,good,1157.2,3.1,0.0,2631.205,2562.062,2165.134,5627.596,2085.637,0.1746,0.1700,0.1437,0.3734,0.1384,0.385,1.183
2835,2834816,Neutral,good,1156.7,3.5,0.0,26947.848,1198.829,1252.206,2055.009,184.226,0.8518,0.0379,0.0396,0.0650,0.0058,0.609,0.957
2836,2835816,Neutral,good,1156.5,3.0,0.0,6357.719,4069.826,1439.318,3859.728,2575.310,0.3474,0.2224,0.0786,0.2109,0.1407,0.373,2.828
2837,2836816,Neutral,good,1156.2,3.2,0.0,3202.514,2514.323,5639.457,1731.087,1444.855,0.2204,0.1730,0.3881,0.1191,0.0994,3.258,0.446
2838,2837816,Neutral,good,1156.4,2.9,0.0,3882.550,1750.619,323.814,1879.599,3236.337,0.3506,0.1581,0.0292,0.1697,0.2923,0.172,5.406
2839,2838816,Neutral,good,1156.1,3.2,0.0,2268.749,2023.082,1423.837,4754.878,803.629,0.2012,0.1794,0.1263,0.4217,0.0713,0.299,1.421
2840,2839816,Neutral,good,1155.8,3.2,0.0,3477.501,3685.343,1170.995,2392.354,1185.175,0.2919,0.3094,0.0983,0.2008,0.0995,0.489,3.147
2841,2840816,Neutral,good,1156.3,3.1,0.0,4251.119,3186.522,6017.807,3037.038,2497.283,0.2239,0.1678,0.3169,0.1599,0.1315,1.981,0.530
2842,2841816,Neutral,good,1157.1,3.2,0.0,6383.875,5185.619,3006.485,2061.884,622.959,0.3698,0.3004,0.1742,0.1195,0.0361,1.458,1.725
2843,2842816,Neutral,good,1156.4,3.4,0.0,18106.029,1421.264,2076.466,2406.075,333.609,0.7438,0.0584,0.0853,0.0988,0.0137,0.863,0.684
2844,2843816,Neutral,good,1156.5,3.3,0.0,12982.982,9480.972,7771.724,2167.302,925.349,0.3895,0.2845,0.2332,0.0650,0.0278,3.586,1.220
2845,2844816,Neutral,good,1156.0,3.5,0.0,4384.766,3311.321,2481.934,2155.501,894.665,0.3315,0.2503,0.1876,0.1629,0.0676,1.151,1.334
2846,2845816,Neutral,good,1156.0,3.2,0.0,4245.287,4088.704,4829.360,959.456,519.316,0.2899,0.2792,0.3298,0.0655,0.0355,5.033,0.847
2847,2846816,Neutral,good,1155.8,3.6,0.0,11353.813,6600.407,204.118,4510.995,3168.490,0.4394,0.2555,0.0079,0.1746,0.1226,0.045,32.336
2848,2847815,Neutral,good,1155.8,2.9,0.0,6859.550,4993.373,3541.012,2349.252,258.023,0.3811,0.2774,0.1967,0.1305,0.0143,1.507,1.410
2849,2848815,Neutral,good,1156.3,2.6,0.0,530.315,1378.689,2937.906,1004.240,1424.666,0.0729,0.1895,0.4038,0.1380,0.1958,2.926,0.469
2850,2849815,Neutral,good,1156.4,3.3,0.0,3901.331,3010.626,1753.881,3994.079,766.511,0.2906,0.2242,0.1306,0.2975,0.0571,0.439,1.717
2851,2850815,Neutral,good,1155.7,3.4,0.0,2454.279,1456.456,2934.709,6309.090,1313.845,0.1696,0.1007,0.2028,0.4361,0.0908,0.465,0.496
2852,2851815,Neutral,good,1156.5,2.7,0.0,1129.420,1615.128,2987.158,2405.306,2317.474,0.1080,0.1545,0.2857,0.2301,0.2217,1.242,0.541
2853,2852815,Neutral,good,1157.3,2.5,0.0,3404.722,3433.752,1006.831,1309.432,791.604,0.3423,0.3452,0.1012,0.1316,0.0796,0.769,3.410
2854,2853815,Neutral,good,1156.9,3.3,0.0,3712.869,2570.513,6880.703,2638.380,1021.560,0.2207,0.1528,0.4090,0.1568,0.0607,2.608,0.374
2855,2854815,Neutral,good,1156.2,3.3,0.0,10731.750,955.879,1766.701,3962.358,2333.481,0.5434,0.0484,0.0895,0.2006,0.1181,0.446,0.541
2856,2855815,Neutral,good,1156.2,3.2,0.0,3757.100,6543.728,2361.681,3377.814,514.574,0.2269,0.3953,0.1427,0.2040,0.0311,0.699,2.771
2857,2856815,Neutral,good,1155.1,3.5,0.0,3810.286,1497.439,1019.211,1511.555,573.253,0.4530,0.1780,0.1212,0.1797,0.0681,0.674,1.469
2858,2857815,Neutral,good,1155.0,3.0,0.0,2828.395,1095.905,1579.474,3255.107,1378.620,0.2790,0.1081,0.1558,0.3211,0.1360,0.485,0.694
2859,2858815,Neutral,good,1156.1,2.7,0.0,792.989,1001.065,1637.719,1974.531,5032.644,0.0760,0.0959,0.1569,0.1892,0.4821,0.829,0.611
2860,2859815,Neutral,good,1156.4,3.6,0.0,4412.324,4707.720,616.089,6094.202,2146.572,0.2454,0.2619,0.0343,0.3390,0.1194,0.101,7.641
2861,2860815,Neutral,good,1156.8,2.8,0.0,8073.044,6958.953,3433.267,3072.222,893.977,0.3599,0.3102,0.1531,0.1370,0.0399,1.118,2.027
2862,2861815,Neutral,good,1156.9,3.1,0.0,4697.785,422.490,1755.355,3410.417,2141.101,0.3780,0.0340,0.1413,0.2744,0.1723,0.515,0.241
2863,2862815,Neutral,good,1156.2,3.5,0.0,6911.968,2380.240,2599.414,2270.911,1217.871,0.4494,0.1548,0.1690,0.1476,0.0792,1.145,0.916
2864,2863814,Neutral,good,1156.0,3.3,0.0,6085.023,6748.334,4877.386,3251.608,1781.889,0.2675,0.2967,0.2144,0.1430,0.0783,1.500,1.384
2865,2864814,Neutral,good,1155.8,3.6,0.0,3482.569,4788.442,3897.792,3916.022,2871.479,0.1837,0.2526,0.2056,0.2066,0.1515,0.995,1.229
2866,2865814,Neutral,good,1155.9,3.3,0.0,5017.648,5840.380,770.037,3503.359,4150.361,0.2602,0.3029,0.0399,0.1817,0.2152,0.220,7.585
2867,2866814,Neutral,good,1155.0,3.9,0.0,6649.715,2083.819,2040.053,4665.096,1223.507,0.3991,0.1251,0.1224,0.2800,0.0734,0.437,1.021
2868,2867814,Neutral,good,1155.5,3.1,0.0,2734.373,552.129,1165.375,1605.468,316.995,0.4290,0.0866,0.1828,0.2519,0.0497,0.726,0.474
2869,2868814,Neutral,good,1155.9,3.3,0.0,2755.533,2798.861,3476.304,2509.278,764.856,0.2239,0.2275,0.2825,0.2039,0.0622,1.385,0.805
2870,2869814,Neutral,good,1156.2,2.9,0.0,6412.927,2739.588,1371.361,2868.578,1601.392,0.4277,0.1827,0.0915,0.1913,0.1068,0.478,1.998
2871,2870814,Neutral,good,1156.3,2.9,0.0,1418.278,2771.803,3957.947,1942.482,1085.496,0.1269,0.2480,0.3541,0.1738,0.0971,2.038,0.700
2872,2871814,Neutral,good,1156.6,3.1,0.0,3924.834,1970.489,547.726,2820.601,341.303,0.4086,0.2052,0.0570,0.2937,0.0355,0.194,3.598
2873,2872814,Neutral,good,1156.1,3.4,0.0,9574.241,7395.719,7915.770,2943.965,1515.409,0.3263,0.2520,0.2697,0.1003,0.0516,2.689,0.934
2874,2873814,Neutral,good,1155.8,3.7,0.0,7775.714,1320.670,3496.707,5339.440,668.699,0.4180,0.0710,0.1880,0.2870,0.0359,0.655,0.378
2875,2874814,Neutral,good,1156.4,3.2,0.0,12338.482,6179.007,523.997,1916.489,2112.385,0.5348,0.2678,0.0227,0.0831,0.0916,0.273,11.792
2876,2875814,Neutral,good,1156.1,3.1,0.0,3263.124,1002.242,1211.845,1529.909,445.329,0.4379,0.1345,0.1626,0.2053,0.0598,0.792,0.827
2877,2876814,Neutral,good,1157.2,3.4,0.0,9760.583,6933.376,8182.916,7164.521,921.105,0.2961,0.2103,0.2482,0.2174,0.0279,1.142,0.847
2878,2877814,Neutral,good,1156.3,3.5,0.0,12467.821,4593.233,4400.265,1860.515,681.826,0.5194,0.1914,0.1833,0.0775,0.0284,2.365,1.044
2879,2878813,Neutral,good,1155.9,3.4,0.0,2996.385,1423.582,854.073,1586.049,858.697,0.3882,0.1844,0.1106,0.2055,0.1112,0.538,1.667
2880,2879813,Neutral,good,1155.7,3.4,0.0,8807.808,3853.414,3216.048,4940.360,1524.180,0.3942,0.1725,0.1439,0.2211,0.0682,0.651,1.198
2881,2880813,Neutral,good,1157.1,2.2,0.0,1305.410,457.667,308.775,1049.173,446.060,0.3660,0.1283,0.0866,0.2941,0.1250,0.294,1.482
2882,2881813,Neutral,good,1157.7,2.9,0.0,688.930,475.580,2233.524,3510.423,1395.048,0.0830,0.0573,0.2690,0.4228,0.1680,0.636,0.213
2883,2882813,Neutral,good,1156.6,3.7,0.0,9521.507,3179.822,3105.073,3087.085,2110.627,0.4533,0.1514,0.1478,0.1470,0.1005,1.006,1.024
2884,2883813,Neutral,good,1157.1,3.2,0.0,6900.514,5104.101,5650.156,3203.107,344.334,0.3255,0.2407,0.2665,0.1511,0.0162,1.764,0.903
2885,2884813,Neutral,good,1156.7,3.8,0.0,9790.447,1596.321,1222.271,2868.502,623.462,0.6081,0.0991,0.0759,0.1782,0.0387,0.426,1.306
2886,2885813,Neutral,good,1156.7,3.0,0.0,1840.217,1686.546,445.997,2683.467,1762.873,0.2186,0.2003,0.0530,0.3187,0.2094,0.166,3.782
2887,2886813,Neutral,good,1156.9,3.1,0.0,3641.880,7757.911,6871.521,1074.790,924.444,0.1797,0.3827,0.3390,0.0530,0.0456,6.393,1.129
2888,2887813,Neutral,good,1157.2,3.2,0.0,3339.090,4502.920,5078.577,3938.411,4332.539,0.1576,0.2125,0.2397,0.1858,0.2044,1.289,0.887
2889,2888813,Neutral,good,1157.3,2.8,0.0,8679.216,1233.386,1264.535,2963.206,827.589,0.5799,0.0824,0.0845,0.1980,0.0553,0.427,0.975
2890,2889813,Neutral,good,1157.1,3.1,0.0,7525.087,1444.101,965.479,1747.168,352.161,0.6253,0.1200,0.0802,0.1452,0.0293,0.553,1.496
2891,2890813,Neutral,good,1157.3,2.8,0.0,8345.028,3060.265,1283.971,1468.471,2117.622,0.5127,0.1880,0.0789,0.0902,0.1301,0.874,2.383
2892,2891813,Neutral,good,1157.4,3.0,0.0,8456.795,2223.703,1599.994,3409.359,3035.288,0.4516,0.1188,0.0854,0.1821,0.1621,0.469,1.390
2893,2892813,Neutral,good,1157.6,3.1,0.0,1377.095,7937.522,3490.844,2003.526,987.471,0.0872,0.5025,0.2210,0.1268,0.0625,1.742,2.274
2894,2893812,Neutral,good,1158.0,3.1,0.0,7622.989,3657.918,1791.146,1455.636,1757.328,0.4681,0.2246,0.1100,0.0894,0.1079,1.230,2.042
2895,2894812,Neutral,good,1157.0,3.4,0.0,5061.787,1284.951,572.409,2771.358,741.366,0.4852,0.1232,0.0549,0.2657,0.0711,0.207,2.245
2896,2895812,Neutral,good,1157.8,2.7,0.0,11491.039,1688.409,2054.468,1115.987,891.382,0.6665,0.0979,0.1192,0.0647,0.0517,1.841,0.822
2897,2896812,Neutral,good,1157.8,2.9,0.0,1257.632,1993.600,230.913,5891.445,3099.810,0.1008,0.1598,0.0185,0.4723,0.2485,0.039,8.634
2898,2897812,Neutral,good,1156.6,3.3,0.0,4422.784,943.326,131.053,2097.559,1553.949,0.4834,0.1031,0.0143,0.2293,0.1699,0.062,7.198
2899,2898812,Neutral,good,1156.4,3.6,0.0,4906.248,4385.069,5158.628,4042.843,936.290,0.2525,0.2257,0.2655,0.2081,0.0482,1.276,0.850
2900,2899812,Neutral,good,1156.4,3.2,0.0,2811.464,391.983,946.539,7176.595,988.304,0.2283,0.0318,0.0769,0.5828,0.0803,0.132,0.414
2901,2900812,Neutral,good,1157.1,3.4,0.0,2695.898,904.829,2175.225,2641.021,2766.474,0.2411,0.0809,0.1945,0.2362,0.2474,0.824,0.416
2902,2901812,Neutral,good,1156.8,3.3,0.0,5629.333,793.190,1926.565,12516.151,2800.226,0.2379,0.0335,0.0814,0.5289,0.1183,0.154,0.412
2903,2902812,Neutral,good,1157.1,2.8,0.0,11282.571,1775.570,682.068,2784.656,1804.025,0.6156,0.0969,0.0372,0.1519,0.0984,0.245,2.603
2904,2903812,Neutral,good,1157.2,3.5,0.0,14696.215,2263.775,2011.699,2380.097,1639.017,0.6392,0.0985,0.0875,0.1035,0.0713,0.845,1.125
2905,2904812,Neutral,good,1157.0,3.3,0.0,7223.419,1363.501,748.758,1909.114,1383.474,0.5720,0.1080,0.0593,0.1512,0.1096,0.392,1.821
2906,2905812,Neutral,good,1157.1,3.0,0.0,11294.755,2971.522,867.403,1361.853,556.109,0.6624,0.1743,0.0509,0.0799,0.0326,0.637,3.426
2907,2906812,Neutral,good,1157.7,2.7,0.0,2739.594,1565.952,1544.358,2560.179,2915.108,0.2419,0.1383,0.1364,0.2261,0.2574,0.603,1.014
2908,2907812,Neutral,good,1158.4,2.7,0.0,2321.278,1323.233,744.143,1487.773,2482.385,0.2777,0.1583,0.0890,0.1780,0.2970,0.500,1.778
2909,2908812,Neutral,good,1157.4,3.4,0.0,3820.702,558.288,357.360,3079.114,1497.276,0.4103,0.0599,0.0384,0.3306,0.1608,0.116,1.562
2910,2909812,Neutral,good,1157.8,3.1,0.0,4507.211,1208.931,1301.558,3110.853,795.744,0.4126,0.1107,0.1191,0.2848,0.0728,0.418,0.929
2911,2910811,Neutral,good,1157.9,2.6,0.0,5951.568,883.200,2757.478,5269.503,315.525,0.3921,0.0582,0.1817,0.3472,0.0208,0.523,0.320
2912,2911811,Neutral,good,1157.9,2.6,0.0,3531.892,3328.766,2250.032,1290.171,1074.054,0.3078,0.2901,0.1961,0.1124,0.0936,1.744,1.479
2913,2912811,Neutral,good,1157.9,2.6,0.0,2083.696,1108.974,421.969,2312.513,621.806,0.3182,0.1693,0.0644,0.3531,0.0949,0.182,2.628
2914,2913811,Neutral,good,1157.1,3.0,0.0,3390.902,803.199,457.703,1465.755,387.273,0.5213,0.1235,0.0704,0.2253,0.0595,0.312,1.755
2915,2914811,Neutral,good,1157.6,3.4,0.0,4373.348,2435.557,285.044,4883.743,751.438,0.3436,0.1913,0.0224,0.3837,0.0590,0.058,8.544
2916,2915811,Neutral,good,1157.8,2.8,0.0,2704.533,2749.145,1698.920,4083.568,586.243,0.2288,0.2325,0.1437,0.3454,0.0496,0.416,1.618
2917,2916811,Neutral,good,1158.7,2.5,0.0,1197.085,1628.247,1248.193,1751.236,189.217,0.1991,0.2707,0.2075,0.2912,0.0315,0.713,1.304
2918,2917811,Neutral,good,1158.6,3.7,0.0,3642.941,2405.047,4027.979,1752.308,1055.203,0.2828,0.1867,0.3126,0.1360,0.0819,2.299,0.597
2919,2918811,Neutral,good,1157.9,3.6,0.0,10398.053,2609.436,3327.492,6031.618,2007.405,0.4266,0.1071,0.1365,0.2475,0.0824,0.552,0.784
2920,2919811,Neutral,good,1157.9,2.8,0.0,8536.783,1851.996,2189.635,2403.493,1229.877,0.5266,0.1142,0.1351,0.1483,0.0759,0.911,0.846
2921,2920811,Neutral,good,1158.1,2.7,0.0,8130.443,5052.017,2811.685,1057.209,721.299,0.4575,0.2843,0.1582,0.0595,0.0406,2.660,1.797
2922,2921811,Neutral,good,1158.4,3.0,0.0,1372.180,2207.244,3619.127,2364.034,258.495,0.1397,0.2247,0.3685,0.2407,0.0263,1.531,0.610
2923,2922811,Neutral,good,1157.7,3.4,0.0,6124.368,4591.663,1274.880,2007.139,1151.265,0.4043,0.3031,0.0842,0.1325,0.0760,0.635,3.602
